SHOP_CODE,SHOP_NAME,SHOP_CATEGORY,ADSTRD_CD,REGION_ID_x,SHOP_ADR,STDR_YM_CD,TRDAR_SE_CD,TRDAR_SE_CD_NM,TRDAR_CD,TRDAR_CD_NM,SIGNGU_CD,REGION_ID_y,REGION_SI,REGION_GU,REGION_DONG
20019844,탐앤탐스,커피전문점/카페/다방,1168051000,서울특별시 강남구 신사동,서울특별시 강남구 압구정로 152,202112,D,발달상권,2120188,압구정역,11680,서울특별시 강남구 신사동,서울특별시,강남구,신사동
15483566,가로수펍,빠/카페/스탠드빠,1168051000,서울특별시 강남구 신사동,서울특별시 강남구 도산대로1길 80,202112,D,발달상권,2120188,압구정역,11680,서울특별시 강남구 신사동,서울특별시,강남구,신사동
23711289,호우시절,음식점-일식,1168051000,서울특별시 강남구 신사동,서울특별시 강남구 도산대로27길 16,202112,D,발달상권,2120188,압구정역,11680,서울특별시 강남구 신사동,서울특별시,강남구,신사동
20025906,푸드카페김밥천국,라면김밥분식,1168051000,서울특별시 강남구 신사동,서울특별시 강남구 압구정로2길 58,202112,D,발달상권,2120188,압구정역,11680,서울특별시 강남구 신사동,서울특별시,강남구,신사동
22934175,스타벅스,커피전문점/카페/다방,1168051000,서울특별시 강남구 신사동,서울특별시 강남구 논현로175길 94,202112,D,발달상권,2120188,압구정역,11680,서울특별시 강남구 신사동,서울특별시,강남구,신사동
28514732,야카모즈로스팅,커피전문점/카페/다방,1168051000,서울특별시 강남구 신사동,서울특별시 강남구 논현로151길 32,202112,D,발달상권,2120188,압구정역,11680,서울특별시 강남구 신사동,서울특별시,강남구,신사동
25848246,왕소금숯불돼지갈비,갈비/삼겹살,1168051000,서울특별시 강남구 신사동,서울특별시 강남구 도산대로27길 37,202112,D,발달상권,2120188,압구정역,11680,서울특별시 강남구 신사동,서울특별시,강남구,신사동
28501312,삼성화랑,커피전문점/카페/다방,1168051000,서울특별시 강남구 신사동,서울특별시 강남구 압구정로 132,202112,D,발달상권,2120188,압구정역,11680,서울특별시 강남구 신사동,서울특별시,강남구,신사동
28480357,완산골명가압구정2호점,한식/백반/한정식,1168051000,서울특별시 강남구 신사동,서울특별시 강남구 압구정로20길 21,202112,D,발달상권,2120188,압구정역,11680,서울특별시 강남구 신사동,서울특별시,강남구,신사동
25857157,양식당더램키친,기타전문서양음식점,1168051000,서울특별시 강남구 신사동,서울특별시 강남구 압구정로8길 5,202112,D,발달상권,2120188,압구정역,11680,서울특별시 강남구 신사동,서울특별시,강남구,신사동
25815087,BBQ치킨,후라이드/양념치킨,1168051000,서울특별시 강남구 신사동,서울특별시 강남구 논현로175길 60,202112,D,발달상권,2120188,압구정역,11680,서울특별시 강남구 신사동,서울특별시,강남구,신사동
25895745,월드스낵,스낵,1168051000,서울특별시 강남구 신사동,서울특별시 강남구 도산대로27길 25,202112,D,발달상권,2120188,압구정역,11680,서울특별시 강남구 신사동,서울특별시,강남구,신사동
25812504,기꾸,음식점-초밥전문,1168051000,서울특별시 강남구 신사동,서울특별시 강남구 압구정로20길 19,202112,D,발달상권,2120188,압구정역,11680,서울특별시 강남구 신사동,서울특별시,강남구,신사동
16130212,이가커피,커피전문점/카페/다방,1168051000,서울특별시 강남구 신사동,서울특별시 강남구 논현로161길 49,202112,D,발달상권,2120188,압구정역,11680,서울특별시 강남구 신사동,서울특별시,강남구,신사동
16120869,복자네대박났네,한식/백반/한정식,1168051000,서울특별시 강남구 신사동,서울특별시 강남구 도산대로1길 62,202112,D,발달상권,2120188,압구정역,11680,서울특별시 강남구 신사동,서울특별시,강남구,신사동
16099867,라이언스위스키,기타일반유흥주점,1168051000,서울특별시 강남구 신사동,서울특별시 강남구 강남대로152길 33,202112,D,발달상권,2120188,압구정역,11680,서울특별시 강남구 신사동,서울특별시,강남구,신사동
25622437,산쪼메,라면김밥분식,1168051000,서울특별시 강남구 신사동,서울특별시 강남구 압구정로10길 30-3,202112,D,발달상권,2120188,압구정역,11680,서울특별시 강남구 신사동,서울특별시,강남구,신사동
16498315,맥플러스,호프/맥주,1168051000,서울특별시 강남구 신사동,서울특별시 강남구 강남대로154길 20,202112,D,발달상권,2120188,압구정역,11680,서울특별시 강남구 신사동,서울특별시,강남구,신사동
16200206,스테파니카페,커피전문점/카페/다방,1168051000,서울특별시 강남구 신사동,서울특별시 강남구 논현로151길 21,202112,D,발달상권,2120188,압구정역,11680,서울특별시 강남구 신사동,서울특별시,강남구,신사동
25781896,제주본가솥뚜껑삼겹살,갈비/삼겹살,1168051000,서울특별시 강남구 신사동,서울특별시 강남구 논현로167길 19,202112,D,발달상권,2120188,압구정역,11680,서울특별시 강남구 신사동,서울특별시,강남구,신사동
25849885,쿤이자까야,기타일반유흥주점,1168051000,서울특별시 강남구 신사동,서울특별시 강남구 논현로171길 15,202112,D,발달상권,2120188,압구정역,11680,서울특별시 강남구 신사동,서울특별시,강남구,신사동
16497427,크리스앤제이든,커피전문점/카페/다방,1168051000,서울특별시 강남구 신사동,서울특별시 강남구 도산대로25길 15-3,202112,D,발달상권,2120188,압구정역,11680,서울특별시 강남구 신사동,서울특별시,강남구,신사동
23441654,소프트리,커피전문점/카페/다방,1168051000,서울특별시 강남구 신사동,서울특별시 강남구 압구정로 154,202112,D,발달상권,2120188,압구정역,11680,서울특별시 강남구 신사동,서울특별시,강남구,신사동
25776525,오뎅집,라면김밥분식,1168051000,서울특별시 강남구 신사동,서울특별시 강남구 논현로167길 15,202112,D,발달상권,2120188,압구정역,11680,서울특별시 강남구 신사동,서울특별시,강남구,신사동
25752044,용이네술집,호프/맥주,1168051000,서울특별시 강남구 신사동,서울특별시 강남구 강남대로156길 8,202112,D,발달상권,2120188,압구정역,11680,서울특별시 강남구 신사동,서울특별시,강남구,신사동
9035960,이즈몸보신곰탕,설렁탕집,1168051000,서울특별시 강남구 신사동,서울특별시 강남구 논현로171길 12,202112,D,발달상권,2120188,압구정역,11680,서울특별시 강남구 신사동,서울특별시,강남구,신사동
8954660,고향역,소주방/포장마차,1168051000,서울특별시 강남구 신사동,서울특별시 강남구 강남대로152길 34,202112,D,발달상권,2120188,압구정역,11680,서울특별시 강남구 신사동,서울특별시,강남구,신사동
12109396,스플래쉬블랙,커피전문점/카페/다방,1168051000,서울특별시 강남구 신사동,서울특별시 강남구 강남대로 620,202112,D,발달상권,2120188,압구정역,11680,서울특별시 강남구 신사동,서울특별시,강남구,신사동
12109445,놀숲압구정역점,커피전문점/카페/다방,1168051000,서울특별시 강남구 신사동,서울특별시 강남구 압구정로28길 22-6,202112,D,발달상권,2120188,압구정역,11680,서울특별시 강남구 신사동,서울특별시,강남구,신사동
26038785,구정칼국수,국수/만두/칼국수,1168051000,서울특별시 강남구 신사동,서울특별시 강남구 논현로161길 13,202112,D,발달상권,2120188,압구정역,11680,서울특별시 강남구 신사동,서울특별시,강남구,신사동
25303529,신사왼쯔,중국음식/중국집,1168051000,서울특별시 강남구 신사동,서울특별시 강남구 강남대로154길 11,202112,D,발달상권,2120188,압구정역,11680,서울특별시 강남구 신사동,서울특별시,강남구,신사동
20023890,라떼킹,커피전문점/카페/다방,1168051000,서울특별시 강남구 신사동,서울특별시 강남구 강남대로160길 21,202112,D,발달상권,2120188,압구정역,11680,서울특별시 강남구 신사동,서울특별시,강남구,신사동
25238194,컬렉션서울,한식/백반/한정식,1168051000,서울특별시 강남구 신사동,서울특별시 강남구 압구정로10길 33,202112,D,발달상권,2120188,압구정역,11680,서울특별시 강남구 신사동,서울특별시,강남구,신사동
27438631,청석골국시,한식/백반/한정식,1168051000,서울특별시 강남구 신사동,서울특별시 강남구 강남대로156길 17-1,202112,D,발달상권,2120188,압구정역,11680,서울특별시 강남구 신사동,서울특별시,강남구,신사동
20611332,몽리,정통양식/경양식,1168051000,서울특별시 강남구 신사동,서울특별시 강남구 압구정로10길 18,202112,D,발달상권,2120188,압구정역,11680,서울특별시 강남구 신사동,서울특별시,강남구,신사동
12441991,네네치킨,후라이드/양념치킨,1168051000,서울특별시 강남구 신사동,서울특별시 강남구 논현로161길 14,202112,D,발달상권,2120188,압구정역,11680,서울특별시 강남구 신사동,서울특별시,강남구,신사동
12434847,스타벅스,커피전문점/카페/다방,1168051000,서울특별시 강남구 신사동,서울특별시 강남구 가로수길 59,202112,D,발달상권,2120188,압구정역,11680,서울특별시 강남구 신사동,서울특별시,강남구,신사동
23169959,미노스,커피전문점/카페/다방,1168051000,서울특별시 강남구 신사동,서울특별시 강남구 가로수길 80,202112,D,발달상권,2120188,압구정역,11680,서울특별시 강남구 신사동,서울특별시,강남구,신사동
12434951,베트남고향식당,동남아음식전문점,1168051000,서울특별시 강남구 신사동,서울특별시 강남구 압구정로28길 31,202112,D,발달상권,2120188,압구정역,11680,서울특별시 강남구 신사동,서울특별시,강남구,신사동
20478386,수도시락,도시락전문점,1168051000,서울특별시 강남구 신사동,서울특별시 강남구 도산대로27길 21,202112,D,발달상권,2120188,압구정역,11680,서울특별시 강남구 신사동,서울특별시,강남구,신사동
26205520,브래드커뮤니케이션즈,제과점,1168051000,서울특별시 강남구 신사동,서울특별시 강남구 강남대로162길 27-8,202112,D,발달상권,2120188,압구정역,11680,서울특별시 강남구 신사동,서울특별시,강남구,신사동
25357865,동인동,해물찜/탕전문,1168051000,서울특별시 강남구 신사동,서울특별시 강남구 강남대로156길 14,202112,D,발달상권,2120188,압구정역,11680,서울특별시 강남구 신사동,서울특별시,강남구,신사동
25536857,퀸실내포차,민속주점,1168051000,서울특별시 강남구 신사동,서울특별시 강남구 강남대로158길 12,202112,D,발달상권,2120188,압구정역,11680,서울특별시 강남구 신사동,서울특별시,강남구,신사동
12328687,담미온,한식/백반/한정식,1168051000,서울특별시 강남구 신사동,서울특별시 강남구 압구정로28길 42,202112,D,발달상권,2120188,압구정역,11680,서울특별시 강남구 신사동,서울특별시,강남구,신사동
15993836,성하루,중국음식/중국집,1168051000,서울특별시 강남구 신사동,서울특별시 강남구 압구정로4길 13-17,202112,D,발달상권,2120188,압구정역,11680,서울특별시 강남구 신사동,서울특별시,강남구,신사동
20024067,떡쌈시대,갈비/삼겹살,1168051000,서울특별시 강남구 신사동,서울특별시 강남구 논현로167길 12,202112,D,발달상권,2120188,압구정역,11680,서울특별시 강남구 신사동,서울특별시,강남구,신사동
15963435,라이팸,호프/맥주,1168051000,서울특별시 강남구 신사동,서울특별시 강남구 도산대로15길 8,202112,D,발달상권,2120188,압구정역,11680,서울특별시 강남구 신사동,서울특별시,강남구,신사동
15963438,로프트,호프/맥주,1168051000,서울특별시 강남구 신사동,서울특별시 강남구 강남대로152길 62,202112,D,발달상권,2120188,압구정역,11680,서울특별시 강남구 신사동,서울특별시,강남구,신사동
15963749,깐부치킨신사가로수길점,후라이드/양념치킨,1168051000,서울특별시 강남구 신사동,서울특별시 강남구 압구정로14길 12,202112,D,발달상권,2120188,압구정역,11680,서울특별시 강남구 신사동,서울특별시,강남구,신사동
23459420,스파게티스토리,스파게티전문점,1168051000,서울특별시 강남구 신사동,서울특별시 강남구 압구정로18길 12,202112,D,발달상권,2120188,압구정역,11680,서울특별시 강남구 신사동,서울특별시,강남구,신사동
15963250,양철북가로수길점,곱창/양구이전문,1168051000,서울특별시 강남구 신사동,서울특별시 강남구 압구정로14길 6,202112,D,발달상권,2120188,압구정역,11680,서울특별시 강남구 신사동,서울특별시,강남구,신사동
23494683,메이드,정통양식/경양식,1168051000,서울특별시 강남구 신사동,서울특별시 강남구 논현로175길 17,202112,D,발달상권,2120188,압구정역,11680,서울특별시 강남구 신사동,서울특별시,강남구,신사동
12459849,홍콩반점0410신사역점,중국음식/중국집,1168051000,서울특별시 강남구 신사동,서울특별시 강남구 강남대로152길 43,202112,D,발달상권,2120188,압구정역,11680,서울특별시 강남구 신사동,서울특별시,강남구,신사동
12326672,피어나,커피전문점/카페/다방,1168051000,서울특별시 강남구 신사동,서울특별시 강남구 도산대로19길 20,202112,D,발달상권,2120188,압구정역,11680,서울특별시 강남구 신사동,서울특별시,강남구,신사동
25868754,카페베네,커피전문점/카페/다방,1168051000,서울특별시 강남구 신사동,서울특별시 강남구 논현로 815,202112,D,발달상권,2120188,압구정역,11680,서울특별시 강남구 신사동,서울특별시,강남구,신사동
25816715,깐부치킨압구정현대점,후라이드/양념치킨,1168051000,서울특별시 강남구 신사동,서울특별시 강남구 도산대로27길 43,202112,D,발달상권,2120188,압구정역,11680,서울특별시 강남구 신사동,서울특별시,강남구,신사동
15963293,코드이스케이프,커피전문점/카페/다방,1168051000,서울특별시 강남구 신사동,서울특별시 강남구 가로수길 14,202112,D,발달상권,2120188,압구정역,11680,서울특별시 강남구 신사동,서울특별시,강남구,신사동
12451511,하남돼지집압구정직영점,갈비/삼겹살,1168051000,서울특별시 강남구 신사동,서울특별시 강남구 압구정로28길 21,202112,D,발달상권,2120188,압구정역,11680,서울특별시 강남구 신사동,서울특별시,강남구,신사동
15963281,더케이크스토리,제과점,1168051000,서울특별시 강남구 신사동,서울특별시 강남구 압구정로14길 6,202112,D,발달상권,2120188,압구정역,11680,서울특별시 강남구 신사동,서울특별시,강남구,신사동
15997198,사보텐,돈가스전문점,1168051000,서울특별시 강남구 신사동,서울특별시 강남구 압구정로28길 22,202112,D,발달상권,2120188,압구정역,11680,서울특별시 강남구 신사동,서울특별시,강남구,신사동
15993608,엘크레,커피전문점/카페/다방,1168051000,서울특별시 강남구 신사동,서울특별시 강남구 압구정로14길 39,202112,D,발달상권,2120188,압구정역,11680,서울특별시 강남구 신사동,서울특별시,강남구,신사동
15997087,사람사는고깃집김일도,갈비/삼겹살,1168051000,서울특별시 강남구 신사동,서울특별시 강남구 압구정로2길 46,202112,D,발달상권,2120188,압구정역,11680,서울특별시 강남구 신사동,서울특별시,강남구,신사동
12336849,제이에스가든웍,중국음식/중국집,1168051000,서울특별시 강남구 신사동,서울특별시 강남구 강남대로162길 43,202112,D,발달상권,2120188,압구정역,11680,서울특별시 강남구 신사동,서울특별시,강남구,신사동
15963755,스쿠로,기타전문서양음식점,1168051000,서울특별시 강남구 신사동,서울특별시 강남구 도산대로17길 31,202112,D,발달상권,2120188,압구정역,11680,서울특별시 강남구 신사동,서울특별시,강남구,신사동
15962550,로바다야끼방추,로바다야끼,1168051000,서울특별시 강남구 신사동,서울특별시 강남구 논현로175길 25,202112,D,발달상권,2120188,압구정역,11680,서울특별시 강남구 신사동,서울특별시,강남구,신사동
16632219,온투,라면김밥분식,1168051000,서울특별시 강남구 신사동,서울특별시 강남구 논현로167길 12,202112,D,발달상권,2120188,압구정역,11680,서울특별시 강남구 신사동,서울특별시,강남구,신사동
11804267,돌배기집신사점,한식/백반/한정식,1168051000,서울특별시 강남구 신사동,서울특별시 강남구 도산대로11길 34,202112,D,발달상권,2120188,압구정역,11680,서울특별시 강남구 신사동,서울특별시,강남구,신사동
11799934,컬렉션라운지,기타일반유흥주점,1168051000,서울특별시 강남구 신사동,서울특별시 강남구 압구정로10길 33,202112,D,발달상권,2120188,압구정역,11680,서울특별시 강남구 신사동,서울특별시,강남구,신사동
16732248,아르넬ARENEL,커피전문점/카페/다방,1168051000,서울특별시 강남구 신사동,서울특별시 강남구 압구정로4길 14-10,202112,D,발달상권,2120188,압구정역,11680,서울특별시 강남구 신사동,서울특별시,강남구,신사동
11793441,이자카야다다,기타일반유흥주점,1168051000,서울특별시 강남구 신사동,서울특별시 강남구 압구정로28길 9,202112,D,발달상권,2120188,압구정역,11680,서울특별시 강남구 신사동,서울특별시,강남구,신사동
25717982,갓덴스시,음식점-초밥전문,1168051000,서울특별시 강남구 신사동,서울특별시 강남구 강남대로152길 40,202112,D,발달상권,2120188,압구정역,11680,서울특별시 강남구 신사동,서울특별시,강남구,신사동
11805895,하나,음식점-일식,1168051000,서울특별시 강남구 신사동,서울특별시 강남구 논현로171길 12,202112,D,발달상권,2120188,압구정역,11680,서울특별시 강남구 신사동,서울특별시,강남구,신사동
16637193,메머드익스프레스,커피전문점/카페/다방,1168051000,서울특별시 강남구 신사동,서울특별시 강남구 논현로159길 34,202112,D,발달상권,2120188,압구정역,11680,서울특별시 강남구 신사동,서울특별시,강남구,신사동
16636997,투썸플레이스,커피전문점/카페/다방,1168051000,서울특별시 강남구 신사동,서울특별시 강남구 압구정로 158,202112,D,발달상권,2120188,압구정역,11680,서울특별시 강남구 신사동,서울특별시,강남구,신사동
11800206,핀치,정통양식/경양식,1168051000,서울특별시 강남구 신사동,서울특별시 강남구 도산대로15길 41,202112,D,발달상권,2120188,압구정역,11680,서울특별시 강남구 신사동,서울특별시,강남구,신사동
25753008,동대문엽기떡볶이,떡볶이전문,1168051000,서울특별시 강남구 신사동,서울특별시 강남구 논현로 841,202112,D,발달상권,2120188,압구정역,11680,서울특별시 강남구 신사동,서울특별시,강남구,신사동
16644188,커피,정통양식/경양식,1168051000,서울특별시 강남구 신사동,서울특별시 강남구 강남대로162길 18,202112,D,발달상권,2120188,압구정역,11680,서울특별시 강남구 신사동,서울특별시,강남구,신사동
25851180,로바다야끼방추,로바다야끼,1168051000,서울특별시 강남구 신사동,서울특별시 강남구 압구정로 144,202112,D,발달상권,2120188,압구정역,11680,서울특별시 강남구 신사동,서울특별시,강남구,신사동
16629728,윌비,커피전문점/카페/다방,1168051000,서울특별시 강남구 신사동,서울특별시 강남구 강남대로158길 26,202112,D,발달상권,2120188,압구정역,11680,서울특별시 강남구 신사동,서울특별시,강남구,신사동
16751915,분식이이래도되는가,라면김밥분식,1168051000,서울특별시 강남구 신사동,서울특별시 강남구 논현로151길 52,202112,D,발달상권,2120188,압구정역,11680,서울특별시 강남구 신사동,서울특별시,강남구,신사동
16606161,돈불리제담,한식/백반/한정식,1168051000,서울특별시 강남구 신사동,서울특별시 강남구 압구정로2길 46,202112,D,발달상권,2120188,압구정역,11680,서울특별시 강남구 신사동,서울특별시,강남구,신사동
16608270,행복한만두,국수/만두/칼국수,1168051000,서울특별시 강남구 신사동,서울특별시 강남구 압구정로10길 33,202112,D,발달상권,2120188,압구정역,11680,서울특별시 강남구 신사동,서울특별시,강남구,신사동
16608126,온달집,기타일반유흥주점,1168051000,서울특별시 강남구 신사동,서울특별시 강남구 강남대로152길 28,202112,D,발달상권,2120188,압구정역,11680,서울특별시 강남구 신사동,서울특별시,강남구,신사동
16606912,마카롱쿠튀르,커피전문점/카페/다방,1168051000,서울특별시 강남구 신사동,서울특별시 강남구 압구정로4길 13-4,202112,D,발달상권,2120188,압구정역,11680,서울특별시 강남구 신사동,서울특별시,강남구,신사동
16603905,DUSK,커피전문점/카페/다방,1168051000,서울특별시 강남구 신사동,서울특별시 강남구 논현로167길 19,202112,D,발달상권,2120188,압구정역,11680,서울특별시 강남구 신사동,서울특별시,강남구,신사동
16608518,나,한식/백반/한정식,1168051000,서울특별시 강남구 신사동,서울특별시 강남구 강남대로162길 39,202112,D,발달상권,2120188,압구정역,11680,서울특별시 강남구 신사동,서울특별시,강남구,신사동
16599502,시그널헌터,커피전문점/카페/다방,1168051000,서울특별시 강남구 신사동,서울특별시 강남구 강남대로152길 40,202112,D,발달상권,2120188,압구정역,11680,서울특별시 강남구 신사동,서울특별시,강남구,신사동
25836648,피자헛,한식/백반/한정식,1168051000,서울특별시 강남구 신사동,서울특별시 강남구 압구정로28길 22,202112,D,발달상권,2120188,압구정역,11680,서울특별시 강남구 신사동,서울특별시,강남구,신사동
16739403,크림슨젤라또,커피전문점/카페/다방,1168051000,서울특별시 강남구 신사동,서울특별시 강남구 도산대로11길 33,202112,D,발달상권,2120188,압구정역,11680,서울특별시 강남구 신사동,서울특별시,강남구,신사동
25904410,젝키,호프/맥주,1168051000,서울특별시 강남구 신사동,서울특별시 강남구 논현로161길 16,202112,D,발달상권,2120188,압구정역,11680,서울특별시 강남구 신사동,서울특별시,강남구,신사동
16604612,마키진,음식점-일식,1168051000,서울특별시 강남구 신사동,서울특별시 강남구 강남대로156길 8,202112,D,발달상권,2120188,압구정역,11680,서울특별시 강남구 신사동,서울특별시,강남구,신사동
16606419,에이커스,정통양식/경양식,1168051000,서울특별시 강남구 신사동,서울특별시 강남구 도산대로17길 30,202112,D,발달상권,2120188,압구정역,11680,서울특별시 강남구 신사동,서울특별시,강남구,신사동
16597411,몽비현스터디카페,커피전문점/카페/다방,1168051000,서울특별시 강남구 신사동,서울특별시 강남구 압구정로8길 10,202112,D,발달상권,2120188,압구정역,11680,서울특별시 강남구 신사동,서울특별시,강남구,신사동
25704716,오코노미야끼,음식점-일식,1168051000,서울특별시 강남구 신사동,서울특별시 강남구 압구정로28길 22,202112,D,발달상권,2120188,압구정역,11680,서울특별시 강남구 신사동,서울특별시,강남구,신사동
16608944,WETCOFFEE,커피전문점/카페/다방,1168051000,서울특별시 강남구 신사동,서울특별시 강남구 강남대로162길 18,202112,D,발달상권,2120188,압구정역,11680,서울특별시 강남구 신사동,서울특별시,강남구,신사동
25264926,삼삼이네생고깃집,기타고기요리,1168051000,서울특별시 강남구 신사동,서울특별시 강남구 도산대로11길 15,202112,D,발달상권,2120188,압구정역,11680,서울특별시 강남구 신사동,서울특별시,강남구,신사동
16603875,포메인레드,동남아음식전문점,1168051000,서울특별시 강남구 신사동,서울특별시 강남구 압구정로28길 14,202112,D,발달상권,2120188,압구정역,11680,서울특별시 강남구 신사동,서울특별시,강남구,신사동
16876772,벨루치,정통양식/경양식,1168051000,서울특별시 강남구 신사동,서울특별시 강남구 강남대로158길 9,202112,D,발달상권,2120188,압구정역,11680,서울특별시 강남구 신사동,서울특별시,강남구,신사동
16594743,패티앤베지스,패스트푸드,1168051000,서울특별시 강남구 신사동,서울특별시 강남구 압구정로4길 11,202112,D,발달상권,2120188,압구정역,11680,서울특별시 강남구 신사동,서울특별시,강남구,신사동
16604805,나,음식점-초밥전문,1168051000,서울특별시 강남구 신사동,서울특별시 강남구 논현로 841,202112,D,발달상권,2120188,압구정역,11680,서울특별시 강남구 신사동,서울특별시,강남구,신사동
16603112,딜라이트,한식/백반/한정식,1168051000,서울특별시 강남구 신사동,서울특별시 강남구 가로수길 31-3,202112,D,발달상권,2120188,압구정역,11680,서울특별시 강남구 신사동,서울특별시,강남구,신사동
16608491,소르비,커피전문점/카페/다방,1168051000,서울특별시 강남구 신사동,서울특별시 강남구 압구정로2길 11,202112,D,발달상권,2120188,압구정역,11680,서울특별시 강남구 신사동,서울특별시,강남구,신사동
16603240,맘스터치,한식/백반/한정식,1168051000,서울특별시 강남구 신사동,서울특별시 강남구 논현로175길 18,202112,D,발달상권,2120188,압구정역,11680,서울특별시 강남구 신사동,서울특별시,강남구,신사동
25903676,까사밀,정통양식/경양식,1168051000,서울특별시 강남구 신사동,서울특별시 강남구 도산대로1길 83,202112,D,발달상권,2120188,압구정역,11680,서울특별시 강남구 신사동,서울특별시,강남구,신사동
16602788,노이에아트멍,커피전문점/카페/다방,1168051000,서울특별시 강남구 신사동,서울특별시 강남구 도산대로23길 19,202112,D,발달상권,2120188,압구정역,11680,서울특별시 강남구 신사동,서울특별시,강남구,신사동
16596531,이스케이프샵,커피전문점/카페/다방,1168051000,서울특별시 강남구 신사동,서울특별시 강남구 논현로175길 93,202112,D,발달상권,2120188,압구정역,11680,서울특별시 강남구 신사동,서울특별시,강남구,신사동
25443002,구정만두.칼국수,국수/만두/칼국수,1168051000,서울특별시 강남구 신사동,서울특별시 강남구 논현로161길 13,202112,D,발달상권,2120188,압구정역,11680,서울특별시 강남구 신사동,서울특별시,강남구,신사동
16726587,화계식당,닭갈비전문,1168051000,서울특별시 강남구 신사동,서울특별시 강남구 압구정로2길 62,202112,D,발달상권,2120188,압구정역,11680,서울특별시 강남구 신사동,서울특별시,강남구,신사동
23217464,장금이식당,한식/백반/한정식,1168051000,서울특별시 강남구 신사동,서울특별시 강남구 논현로155길 9,202112,D,발달상권,2120188,압구정역,11680,서울특별시 강남구 신사동,서울특별시,강남구,신사동
11793005,아카시아,기타전문서양음식점,1168051000,서울특별시 강남구 신사동,서울특별시 강남구 가로수길 31-1,202112,D,발달상권,2120188,압구정역,11680,서울특별시 강남구 신사동,서울특별시,강남구,신사동
11800081,실버한스푼,음식점-일식,1168051000,서울특별시 강남구 신사동,서울특별시 강남구 논현로153길 51,202112,D,발달상권,2120188,압구정역,11680,서울특별시 강남구 신사동,서울특별시,강남구,신사동
25739614,부자피자신사점,피자전문,1168051000,서울특별시 강남구 신사동,서울특별시 강남구 압구정로10길 35-2,202112,D,발달상권,2120188,압구정역,11680,서울특별시 강남구 신사동,서울특별시,강남구,신사동
16729186,오가다,전통찻집/인삼찻집,1168051000,서울특별시 강남구 신사동,서울특별시 강남구 압구정로 140,202112,D,발달상권,2120188,압구정역,11680,서울특별시 강남구 신사동,서울특별시,강남구,신사동
16674746,압구정곱떡,떡전문,1168051000,서울특별시 강남구 신사동,서울특별시 강남구 강남대로152길 46,202112,D,발달상권,2120188,압구정역,11680,서울특별시 강남구 신사동,서울특별시,강남구,신사동
16682726,디저트공장,제과점,1168051000,서울특별시 강남구 신사동,서울특별시 강남구 압구정로10길 35,202112,D,발달상권,2120188,압구정역,11680,서울특별시 강남구 신사동,서울특별시,강남구,신사동
20020369,커핀그루나루,커피전문점/카페/다방,1168051000,서울특별시 강남구 신사동,서울특별시 강남구 논현로175길 6,202112,D,발달상권,2120188,압구정역,11680,서울특별시 강남구 신사동,서울특별시,강남구,신사동
16726199,미월당,라면김밥분식,1168051000,서울특별시 강남구 신사동,서울특별시 강남구 강남대로156길 32,202112,D,발달상권,2120188,압구정역,11680,서울특별시 강남구 신사동,서울특별시,강남구,신사동
25497295,호야포차,기타일반유흥주점,1168051000,서울특별시 강남구 신사동,서울특별시 강남구 압구정로2길 46,202112,D,발달상권,2120188,압구정역,11680,서울특별시 강남구 신사동,서울특별시,강남구,신사동
16892061,슈퍼판,퓨전음식전문,1168051000,서울특별시 강남구 신사동,서울특별시 강남구 논현로167길 15,202112,D,발달상권,2120188,압구정역,11680,서울특별시 강남구 신사동,서울특별시,강남구,신사동
25233098,보물선,해물찜/탕전문,1168051000,서울특별시 강남구 신사동,서울특별시 강남구 강남대로152길 20,202112,D,발달상권,2120188,압구정역,11680,서울특별시 강남구 신사동,서울특별시,강남구,신사동
23522763,마구로젠신사점,한식/백반/한정식,1168051000,서울특별시 강남구 신사동,서울특별시 강남구 논현로151길 20,202112,D,발달상권,2120188,압구정역,11680,서울특별시 강남구 신사동,서울특별시,강남구,신사동
25809685,호토모토도시락,도시락전문점,1168051000,서울특별시 강남구 신사동,서울특별시 강남구 압구정로28길 25,202112,D,발달상권,2120188,압구정역,11680,서울특별시 강남구 신사동,서울특별시,강남구,신사동
25901516,경주빵해뜨는집,제과점,1168051000,서울특별시 강남구 신사동,서울특별시 강남구 압구정로 150,202112,D,발달상권,2120188,압구정역,11680,서울특별시 강남구 신사동,서울특별시,강남구,신사동
11790421,한솥신사동현대고앞점,도시락전문점,1168051000,서울특별시 강남구 신사동,서울특별시 강남구 논현로175길 61,202112,D,발달상권,2120188,압구정역,11680,서울특별시 강남구 신사동,서울특별시,강남구,신사동
16695581,게릿,한식/백반/한정식,1168051000,서울특별시 강남구 신사동,서울특별시 강남구 논현로159길 9,202112,D,발달상권,2120188,압구정역,11680,서울특별시 강남구 신사동,서울특별시,강남구,신사동
25568100,뻘,기타일반유흥주점,1168051000,서울특별시 강남구 신사동,서울특별시 강남구 강남대로152길 64,202112,D,발달상권,2120188,압구정역,11680,서울특별시 강남구 신사동,서울특별시,강남구,신사동
16699493,청자매운소돼지갈비찜,갈비/삼겹살,1168051000,서울특별시 강남구 신사동,서울특별시 강남구 강남대로154길 12,202112,D,발달상권,2120188,압구정역,11680,서울특별시 강남구 신사동,서울특별시,강남구,신사동
25378817,떡ZONE,라면김밥분식,1168051000,서울특별시 강남구 신사동,서울특별시 강남구 논현로161길 37,202112,D,발달상권,2120188,압구정역,11680,서울특별시 강남구 신사동,서울특별시,강남구,신사동
16695946,엘비노프로푼도,한식/백반/한정식,1168051000,서울특별시 강남구 신사동,서울특별시 강남구 강남대로160길 50,202112,D,발달상권,2120188,압구정역,11680,서울특별시 강남구 신사동,서울특별시,강남구,신사동
16724360,오일링,한식/백반/한정식,1168051000,서울특별시 강남구 신사동,서울특별시 강남구 도산대로11길 31-10,202112,D,발달상권,2120188,압구정역,11680,서울특별시 강남구 신사동,서울특별시,강남구,신사동
25764425,KFC압구정1점,후라이드/양념치킨,1168051000,서울특별시 강남구 신사동,서울특별시 강남구 논현로175길 7,202112,D,발달상권,2120188,압구정역,11680,서울특별시 강남구 신사동,서울특별시,강남구,신사동
16303221,골뱅이신사,한정식전문,1168051000,서울특별시 강남구 신사동,서울특별시 강남구 강남대로156길 32,202112,D,발달상권,2120188,압구정역,11680,서울특별시 강남구 신사동,서울특별시,강남구,신사동
16314673,캔디드샷커피앤브레드,한식/백반/한정식,1168051000,서울특별시 강남구 신사동,서울특별시 강남구 논현로161길 39,202112,D,발달상권,2120188,압구정역,11680,서울특별시 강남구 신사동,서울특별시,강남구,신사동
16309251,에이쓰리커피집,커피전문점/카페/다방,1168051000,서울특별시 강남구 신사동,서울특별시 강남구 강남대로154길 19,202112,D,발달상권,2120188,압구정역,11680,서울특별시 강남구 신사동,서울특별시,강남구,신사동
16308848,SOOT,스테이크전문점,1168051000,서울특별시 강남구 신사동,서울특별시 강남구 도산대로23길 7,202112,D,발달상권,2120188,압구정역,11680,서울특별시 강남구 신사동,서울특별시,강남구,신사동
25729647,카페베네,커피전문점/카페/다방,1168051000,서울특별시 강남구 신사동,서울특별시 강남구 압구정로28길 24,202112,D,발달상권,2120188,압구정역,11680,서울특별시 강남구 신사동,서울특별시,강남구,신사동
20481354,코코호도,제과점,1168051000,서울특별시 강남구 신사동,서울특별시 강남구 압구정로 150,202112,D,발달상권,2120188,압구정역,11680,서울특별시 강남구 신사동,서울특별시,강남구,신사동
25643805,BELL,돈가스전문점,1168051000,서울특별시 강남구 신사동,서울특별시 강남구 논현로151길 18,202112,D,발달상권,2120188,압구정역,11680,서울특별시 강남구 신사동,서울특별시,강남구,신사동
25761485,빈스빈스가로수길점,커피전문점/카페/다방,1168051000,서울특별시 강남구 신사동,서울특별시 강남구 가로수길 41,202112,D,발달상권,2120188,압구정역,11680,서울특별시 강남구 신사동,서울특별시,강남구,신사동
25635291,가초야,정통양식/경양식,1168051000,서울특별시 강남구 신사동,서울특별시 강남구 도산대로27길 43,202112,D,발달상권,2120188,압구정역,11680,서울특별시 강남구 신사동,서울특별시,강남구,신사동
22531969,소나,패스트푸드,1168051000,서울특별시 강남구 신사동,서울특별시 강남구 강남대로162길 40,202112,D,발달상권,2120188,압구정역,11680,서울특별시 강남구 신사동,서울특별시,강남구,신사동
20259994,깐부치킨압구정현대백화점,후라이드/양념치킨,1168051000,서울특별시 강남구 신사동,서울특별시 강남구 도산대로27길 43,202112,D,발달상권,2120188,압구정역,11680,서울특별시 강남구 신사동,서울특별시,강남구,신사동
25704004,이코복스,커피전문점/카페/다방,1168051000,서울특별시 강남구 신사동,서울특별시 강남구 압구정로10길 37,202112,D,발달상권,2120188,압구정역,11680,서울특별시 강남구 신사동,서울특별시,강남구,신사동
20302593,르알래스카부틱,제과점,1168051000,서울특별시 강남구 신사동,서울특별시 강남구 압구정로14길 15,202112,D,발달상권,2120188,압구정역,11680,서울특별시 강남구 신사동,서울특별시,강남구,신사동
10846415,통돼지찌개집,한식/백반/한정식,1168051000,서울특별시 강남구 신사동,서울특별시 강남구 압구정로2길 60,202112,D,발달상권,2120188,압구정역,11680,서울특별시 강남구 신사동,서울특별시,강남구,신사동
11910404,세컨드엘리,한식/백반/한정식,1168051000,서울특별시 강남구 신사동,서울특별시 강남구 논현로159길 48-3,202112,D,발달상권,2120188,압구정역,11680,서울특별시 강남구 신사동,서울특별시,강남구,신사동
12552676,할리스커피,커피전문점/카페/다방,1168051000,서울특별시 강남구 신사동,서울특별시 강남구 강남대로152길 41,202112,D,발달상권,2120188,압구정역,11680,서울특별시 강남구 신사동,서울특별시,강남구,신사동
12570545,나따오비까,한식/백반/한정식,1168051000,서울특별시 강남구 신사동,서울특별시 강남구 압구정로2길 37,202112,D,발달상권,2120188,압구정역,11680,서울특별시 강남구 신사동,서울특별시,강남구,신사동
11923101,THELEAGUE,호프/맥주,1168051000,서울특별시 강남구 신사동,서울특별시 강남구 논현로163길 9-6,202112,D,발달상권,2120188,압구정역,11680,서울특별시 강남구 신사동,서울특별시,강남구,신사동
23309279,아이리쉬,정통양식/경양식,1168051000,서울특별시 강남구 신사동,서울특별시 강남구 강남대로156길 33,202112,D,발달상권,2120188,압구정역,11680,서울특별시 강남구 신사동,서울특별시,강남구,신사동
12556676,육갑식당,갈비/삼겹살,1168051000,서울특별시 강남구 신사동,서울특별시 강남구 압구정로18길 32,202112,D,발달상권,2120188,압구정역,11680,서울특별시 강남구 신사동,서울특별시,강남구,신사동
16199472,신의주찹쌀순대,순대전문점,1168051000,서울특별시 강남구 신사동,서울특별시 강남구 도산대로25길 11,202112,D,발달상권,2120188,압구정역,11680,서울특별시 강남구 신사동,서울특별시,강남구,신사동
22533656,두사라,음식점-일식,1168051000,서울특별시 강남구 신사동,서울특별시 강남구 강남대로154길 13,202112,D,발달상권,2120188,압구정역,11680,서울특별시 강남구 신사동,서울특별시,강남구,신사동
8802767,우림황소양곱창,곱창/양구이전문,1168051000,서울특별시 강남구 신사동,서울특별시 강남구 강남대로156길 28,202112,D,발달상권,2120188,압구정역,11680,서울특별시 강남구 신사동,서울특별시,강남구,신사동
12562365,감성아시아,기타전문서양음식점,1168051000,서울특별시 강남구 신사동,서울특별시 강남구 가로수길 26,202112,D,발달상권,2120188,압구정역,11680,서울특별시 강남구 신사동,서울특별시,강남구,신사동
25725101,마먕갸또,커피전문점/카페/다방,1168051000,서울특별시 강남구 신사동,서울특별시 강남구 압구정로10길 30-12,202112,D,발달상권,2120188,압구정역,11680,서울특별시 강남구 신사동,서울특별시,강남구,신사동
25776575,탱크떡볶이,떡볶이전문,1168051000,서울특별시 강남구 신사동,서울특별시 강남구 압구정로 150,202112,D,발달상권,2120188,압구정역,11680,서울특별시 강남구 신사동,서울특별시,강남구,신사동
17002303,카페일로,커피전문점/카페/다방,1168051000,서울특별시 강남구 신사동,서울특별시 강남구 논현로153길 43,202112,D,발달상권,2120188,압구정역,11680,서울특별시 강남구 신사동,서울특별시,강남구,신사동
25673344,사루비아,커피전문점/카페/다방,1168051000,서울특별시 강남구 신사동,서울특별시 강남구 논현로153길 57,202112,D,발달상권,2120188,압구정역,11680,서울특별시 강남구 신사동,서울특별시,강남구,신사동
11924479,카페루치아,커피전문점/카페/다방,1168051000,서울특별시 강남구 신사동,서울특별시 강남구 논현로155길 10,202112,D,발달상권,2120188,압구정역,11680,서울특별시 강남구 신사동,서울특별시,강남구,신사동
25607581,청자매운갈비찜,갈비/삼겹살,1168051000,서울특별시 강남구 신사동,서울특별시 강남구 강남대로158길 10,202112,D,발달상권,2120188,압구정역,11680,서울특별시 강남구 신사동,서울특별시,강남구,신사동
16997063,숲숨그레이,한식/백반/한정식,1168051000,서울특별시 강남구 신사동,서울특별시 강남구 강남대로156길 45,202112,D,발달상권,2120188,압구정역,11680,서울특별시 강남구 신사동,서울특별시,강남구,신사동
23380769,소나무,한식/백반/한정식,1168051000,서울특별시 강남구 신사동,서울특별시 강남구 압구정로28길 22-9,202112,D,발달상권,2120188,압구정역,11680,서울특별시 강남구 신사동,서울특별시,강남구,신사동
17008994,페이브푸드,한식/백반/한정식,1168051000,서울특별시 강남구 신사동,서울특별시 강남구 압구정로2길 15,202112,D,발달상권,2120188,압구정역,11680,서울특별시 강남구 신사동,서울특별시,강남구,신사동
17003204,어퍼웨스트다이닝,정통양식/경양식,1168051000,서울특별시 강남구 신사동,서울특별시 강남구 도산대로15길 25,202112,D,발달상권,2120188,압구정역,11680,서울특별시 강남구 신사동,서울특별시,강남구,신사동
25611082,가로수길생칼국수,국수/만두/칼국수,1168051000,서울특별시 강남구 신사동,서울특별시 강남구 압구정로2길 46,202112,D,발달상권,2120188,압구정역,11680,서울특별시 강남구 신사동,서울특별시,강남구,신사동
17000957,피치베이커리,제과점,1168051000,서울특별시 강남구 신사동,서울특별시 강남구 논현로155길 11,202112,D,발달상권,2120188,압구정역,11680,서울특별시 강남구 신사동,서울특별시,강남구,신사동
16970311,더리터,커피전문점/카페/다방,1168051000,서울특별시 강남구 신사동,서울특별시 강남구 압구정로20길 15,202112,D,발달상권,2120188,압구정역,11680,서울특별시 강남구 신사동,서울특별시,강남구,신사동
12561307,감성타코가로수길점,정통양식/경양식,1168051000,서울특별시 강남구 신사동,서울특별시 강남구 가로수길 26,202112,D,발달상권,2120188,압구정역,11680,서울특별시 강남구 신사동,서울특별시,강남구,신사동
16968587,반려동물생활연구소,호프/맥주,1168051000,서울특별시 강남구 신사동,서울특별시 강남구 압구정로 134,202112,D,발달상권,2120188,압구정역,11680,서울특별시 강남구 신사동,서울특별시,강남구,신사동
17001829,연남토마,한식/백반/한정식,1168051000,서울특별시 강남구 신사동,서울특별시 강남구 도산대로15길 32-10,202112,D,발달상권,2120188,압구정역,11680,서울특별시 강남구 신사동,서울특별시,강남구,신사동
17009726,도쿄수플레,한식/백반/한정식,1168051000,서울특별시 강남구 신사동,서울특별시 강남구 압구정로10길 35,202112,D,발달상권,2120188,압구정역,11680,서울특별시 강남구 신사동,서울특별시,강남구,신사동
17011234,브룩스라운지,한식/백반/한정식,1168051000,서울특별시 강남구 신사동,서울특별시 강남구 압구정로4길 13-20,202112,D,발달상권,2120188,압구정역,11680,서울특별시 강남구 신사동,서울특별시,강남구,신사동
17007363,르사이트LESight,한식/백반/한정식,1168051000,서울특별시 강남구 신사동,서울특별시 강남구 도산대로11길 22,202112,D,발달상권,2120188,압구정역,11680,서울특별시 강남구 신사동,서울특별시,강남구,신사동
16996851,모소리,한식/백반/한정식,1168051000,서울특별시 강남구 신사동,서울특별시 강남구 도산대로1길 24,202112,D,발달상권,2120188,압구정역,11680,서울특별시 강남구 신사동,서울특별시,강남구,신사동
12601528,피자익스프레스,피자전문,1168051000,서울특별시 강남구 신사동,서울특별시 강남구 압구정로10길 28,202112,D,발달상권,2120188,압구정역,11680,서울특별시 강남구 신사동,서울특별시,강남구,신사동
12075792,이자카야한,음식점-일식,1168051000,서울특별시 강남구 신사동,서울특별시 강남구 압구정로10길 30-10,202112,D,발달상권,2120188,압구정역,11680,서울특별시 강남구 신사동,서울특별시,강남구,신사동
16998633,어게인리프레쉬가로수길직영점,한식/백반/한정식,1168051000,서울특별시 강남구 신사동,서울특별시 강남구 논현로153길 57,202112,D,발달상권,2120188,압구정역,11680,서울특별시 강남구 신사동,서울특별시,강남구,신사동
12567801,이치라쿠,라면김밥분식,1168051000,서울특별시 강남구 신사동,서울특별시 강남구 강남대로156길 13,202112,D,발달상권,2120188,압구정역,11680,서울특별시 강남구 신사동,서울특별시,강남구,신사동
12074645,사이,음식점-일식,1168051000,서울특별시 강남구 신사동,서울특별시 강남구 압구정로2길 35,202112,D,발달상권,2120188,압구정역,11680,서울특별시 강남구 신사동,서울특별시,강남구,신사동
21879683,닐리압구정점,정통양식/경양식,1168051000,서울특별시 강남구 신사동,서울특별시 강남구 논현로175길 15,202112,D,발달상권,2120188,압구정역,11680,서울특별시 강남구 신사동,서울특별시,강남구,신사동
17024557,신비갈비살,갈비/삼겹살,1168051000,서울특별시 강남구 신사동,서울특별시 강남구 강남대로158길 15,202112,D,발달상권,2120188,압구정역,11680,서울특별시 강남구 신사동,서울특별시,강남구,신사동
25644592,완소,호프/맥주,1168051000,서울특별시 강남구 신사동,서울특별시 강남구 도산대로19길 50,202112,D,발달상권,2120188,압구정역,11680,서울특별시 강남구 신사동,서울특별시,강남구,신사동
17005467,테일러커피,커피전문점/카페/다방,1168051000,서울특별시 강남구 신사동,서울특별시 강남구 강남대로160길 31,202112,D,발달상권,2120188,압구정역,11680,서울특별시 강남구 신사동,서울특별시,강남구,신사동
17021921,팔도식당,한식/백반/한정식,1168051000,서울특별시 강남구 신사동,서울특별시 강남구 논현로163길 11,202112,D,발달상권,2120188,압구정역,11680,서울특별시 강남구 신사동,서울특별시,강남구,신사동
26011587,가로수브루잉컴퍼니,한식/백반/한정식,1168051000,서울특별시 강남구 신사동,서울특별시 강남구 도산대로11길 31-6,202112,D,발달상권,2120188,압구정역,11680,서울특별시 강남구 신사동,서울특별시,강남구,신사동
12608003,샌드커피논탄토,한식/백반/한정식,1168051000,서울특별시 강남구 신사동,서울특별시 강남구 도산대로17길 35,202112,D,발달상권,2120188,압구정역,11680,서울특별시 강남구 신사동,서울특별시,강남구,신사동
12642873,C27,커피전문점/카페/다방,1168051000,서울특별시 강남구 신사동,서울특별시 강남구 도산대로15길 39,202112,D,발달상권,2120188,압구정역,11680,서울특별시 강남구 신사동,서울특별시,강남구,신사동
17012085,오즈쓰리팝,커피전문점/카페/다방,1168051000,서울특별시 강남구 신사동,서울특별시 강남구 도산대로 113,202112,D,발달상권,2120188,압구정역,11680,서울특별시 강남구 신사동,서울특별시,강남구,신사동
25671740,기다스시가로수길점,정통양식/경양식,1168051000,서울특별시 강남구 신사동,서울특별시 강남구 압구정로10길 30-11,202112,D,발달상권,2120188,압구정역,11680,서울특별시 강남구 신사동,서울특별시,강남구,신사동
12636922,미엘드파리,제과점,1168051000,서울특별시 강남구 신사동,서울특별시 강남구 도산대로15길 6,202112,D,발달상권,2120188,압구정역,11680,서울특별시 강남구 신사동,서울특별시,강남구,신사동
23518690,순천만,정통양식/경양식,1168051000,서울특별시 강남구 신사동,서울특별시 강남구 압구정로18길 12,202112,D,발달상권,2120188,압구정역,11680,서울특별시 강남구 신사동,서울특별시,강남구,신사동
11984703,우유니,아이스크림판매,1168051000,서울특별시 강남구 신사동,서울특별시 강남구 압구정로8길 5,202112,D,발달상권,2120188,압구정역,11680,서울특별시 강남구 신사동,서울특별시,강남구,신사동
23070408,역전우동0410압구정역지점,한식/백반/한정식,1168051000,서울특별시 강남구 신사동,서울특별시 강남구 압구정로 156,202112,D,발달상권,2120188,압구정역,11680,서울특별시 강남구 신사동,서울특별시,강남구,신사동
17009921,디파지트,한식/백반/한정식,1168051000,서울특별시 강남구 신사동,서울특별시 강남구 논현로161길 59,202112,D,발달상권,2120188,압구정역,11680,서울특별시 강남구 신사동,서울특별시,강남구,신사동
25970412,구에스티케이,정통양식/경양식,1168051000,서울특별시 강남구 신사동,서울특별시 강남구 압구정로 108,202112,D,발달상권,2120188,압구정역,11680,서울특별시 강남구 신사동,서울특별시,강남구,신사동
17026216,더컬러,커피전문점/카페/다방,1168051000,서울특별시 강남구 신사동,서울특별시 강남구 논현로161길 17,202112,D,발달상권,2120188,압구정역,11680,서울특별시 강남구 신사동,서울특별시,강남구,신사동
11416418,마노핀익스프레스압구정역점,커피전문점/카페/다방,1168051000,서울특별시 강남구 신사동,서울특별시 강남구 압구정로 172,202112,D,발달상권,2120188,압구정역,11680,서울특별시 강남구 신사동,서울특별시,강남구,신사동
21944925,함춘원,중국음식/중국집,1168051000,서울특별시 강남구 신사동,서울특별시 강남구 압구정로2길 60,202112,D,발달상권,2120188,압구정역,11680,서울특별시 강남구 신사동,서울특별시,강남구,신사동
12598113,하이헤이헬로!,제과점,1168051000,서울특별시 강남구 신사동,서울특별시 강남구 도산대로15길 18,202112,D,발달상권,2120188,압구정역,11680,서울특별시 강남구 신사동,서울특별시,강남구,신사동
17017707,형훈,음식점-일식,1168051000,서울특별시 강남구 신사동,서울특별시 강남구 강남대로162길 40,202112,D,발달상권,2120188,압구정역,11680,서울특별시 강남구 신사동,서울특별시,강남구,신사동
12609506,모퉁이흑미김밥,라면김밥분식,1168051000,서울특별시 강남구 신사동,서울특별시 강남구 도산대로27길 25,202112,D,발달상권,2120188,압구정역,11680,서울특별시 강남구 신사동,서울특별시,강남구,신사동
25610470,배스킨라빈스31,아이스크림판매,1168051000,서울특별시 강남구 신사동,서울특별시 강남구 압구정로28길 11,202112,D,발달상권,2120188,압구정역,11680,서울특별시 강남구 신사동,서울특별시,강남구,신사동
17021181,아러바우트신사,커피전문점/카페/다방,1168051000,서울특별시 강남구 신사동,서울특별시 강남구 도산대로15길 24,202112,D,발달상권,2120188,압구정역,11680,서울특별시 강남구 신사동,서울특별시,강남구,신사동
20026759,한추,라면김밥분식,1168051000,서울특별시 강남구 신사동,서울특별시 강남구 논현로175길 68,202112,D,발달상권,2120188,압구정역,11680,서울특별시 강남구 신사동,서울특별시,강남구,신사동
12648563,프라임,커피전문점/카페/다방,1168051000,서울특별시 강남구 신사동,서울특별시 강남구 도산대로1길 58,202112,D,발달상권,2120188,압구정역,11680,서울특별시 강남구 신사동,서울특별시,강남구,신사동
16978526,비엔나커피하우스압구정극동,커피전문점/카페/다방,1168051000,서울특별시 강남구 신사동,서울특별시 강남구 압구정로 152,202112,D,발달상권,2120188,압구정역,11680,서울특별시 강남구 신사동,서울특별시,강남구,신사동
17028837,카페이날,한식/백반/한정식,1168051000,서울특별시 강남구 신사동,서울특별시 강남구 강남대로 616,202112,D,발달상권,2120188,압구정역,11680,서울특별시 강남구 신사동,서울특별시,강남구,신사동
25605968,샌드프레소,커피전문점/카페/다방,1168051000,서울특별시 강남구 신사동,서울특별시 강남구 논현로159길 21,202112,D,발달상권,2120188,압구정역,11680,서울특별시 강남구 신사동,서울특별시,강남구,신사동
16059148,컨플릭트스토어커피,커피전문점/카페/다방,1168051000,서울특별시 강남구 신사동,서울특별시 강남구 논현로159길 46-5,202112,D,발달상권,2120188,압구정역,11680,서울특별시 강남구 신사동,서울특별시,강남구,신사동
17016361,올댓크루아상,제과점,1168051000,서울특별시 강남구 신사동,서울특별시 강남구 압구정로28길 25,202112,D,발달상권,2120188,압구정역,11680,서울특별시 강남구 신사동,서울특별시,강남구,신사동
17019152,모던오뎅,라면김밥분식,1168051000,서울특별시 강남구 신사동,서울특별시 강남구 도산대로17길 10,202112,D,발달상권,2120188,압구정역,11680,서울특별시 강남구 신사동,서울특별시,강남구,신사동
25383085,감성타코앤그릴,기타전문서양음식점,1168051000,서울특별시 강남구 신사동,서울특별시 강남구 강남대로162길 31,202112,D,발달상권,2120188,압구정역,11680,서울특별시 강남구 신사동,서울특별시,강남구,신사동
12015152,부어식당,한식/백반/한정식,1168051000,서울특별시 강남구 신사동,서울특별시 강남구 압구정로2길 46,202112,D,발달상권,2120188,압구정역,11680,서울특별시 강남구 신사동,서울특별시,강남구,신사동
25428428,딸부자네불백,기타고기요리,1168051000,서울특별시 강남구 신사동,서울특별시 강남구 압구정로10길 37,202112,D,발달상권,2120188,압구정역,11680,서울특별시 강남구 신사동,서울특별시,강남구,신사동
16770061,옥토,정통양식/경양식,1168051000,서울특별시 강남구 신사동,서울특별시 강남구 압구정로10길 30-9,202112,D,발달상권,2120188,압구정역,11680,서울특별시 강남구 신사동,서울특별시,강남구,신사동
11964369,마노핀압구정역점,커피전문점/카페/다방,1168051000,서울특별시 강남구 신사동,서울특별시 강남구 압구정로 172,202112,D,발달상권,2120188,압구정역,11680,서울특별시 강남구 신사동,서울특별시,강남구,신사동
11945893,피키파파,정통양식/경양식,1168051000,서울특별시 강남구 신사동,서울특별시 강남구 강남대로162길 35,202112,D,발달상권,2120188,압구정역,11680,서울특별시 강남구 신사동,서울특별시,강남구,신사동
17030606,브릭버거,한식/백반/한정식,1168051000,서울특별시 강남구 신사동,서울특별시 강남구 논현로175길 39,202112,D,발달상권,2120188,압구정역,11680,서울특별시 강남구 신사동,서울특별시,강남구,신사동
17037750,타스,정통양식/경양식,1168051000,서울특별시 강남구 신사동,서울특별시 강남구 도산대로1길 78,202112,D,발달상권,2120188,압구정역,11680,서울특별시 강남구 신사동,서울특별시,강남구,신사동
17034090,벤시몽,정통양식/경양식,1168051000,서울특별시 강남구 신사동,서울특별시 강남구 압구정로14길 30,202112,D,발달상권,2120188,압구정역,11680,서울특별시 강남구 신사동,서울특별시,강남구,신사동
17039329,코넷팅,커피전문점/카페/다방,1168051000,서울특별시 강남구 신사동,서울특별시 강남구 논현로159길 48-3,202112,D,발달상권,2120188,압구정역,11680,서울특별시 강남구 신사동,서울특별시,강남구,신사동
17033154,라운지어반,정통양식/경양식,1168051000,서울특별시 강남구 신사동,서울특별시 강남구 강남대로160길 15,202112,D,발달상권,2120188,압구정역,11680,서울특별시 강남구 신사동,서울특별시,강남구,신사동
17033026,김이순장춘식당,한식/백반/한정식,1168051000,서울특별시 강남구 신사동,서울특별시 강남구 압구정로2길 53,202112,D,발달상권,2120188,압구정역,11680,서울특별시 강남구 신사동,서울특별시,강남구,신사동
16958020,미식클럽,중국음식/중국집,1168051000,서울특별시 강남구 신사동,서울특별시 강남구 강남대로152길 19,202112,D,발달상권,2120188,압구정역,11680,서울특별시 강남구 신사동,서울특별시,강남구,신사동
17037016,퍼플어니언스,한식/백반/한정식,1168051000,서울특별시 강남구 신사동,서울특별시 강남구 논현로171길 15,202112,D,발달상권,2120188,압구정역,11680,서울특별시 강남구 신사동,서울특별시,강남구,신사동
17038650,오너스그램,커피전문점/카페/다방,1168051000,서울특별시 강남구 신사동,서울특별시 강남구 압구정로14길 6,202112,D,발달상권,2120188,압구정역,11680,서울특별시 강남구 신사동,서울특별시,강남구,신사동
16954368,홍만당살롱,커피전문점/카페/다방,1168051000,서울특별시 강남구 신사동,서울특별시 강남구 논현로159길 47,202112,D,발달상권,2120188,압구정역,11680,서울특별시 강남구 신사동,서울특별시,강남구,신사동
17030493,어랑소생선구이,갈치/생선구이,1168051000,서울특별시 강남구 신사동,서울특별시 강남구 논현로 841,202112,D,발달상권,2120188,압구정역,11680,서울특별시 강남구 신사동,서울특별시,강남구,신사동
16953238,이치서울,한식/백반/한정식,1168051000,서울특별시 강남구 신사동,서울특별시 강남구 강남대로158길 21,202112,D,발달상권,2120188,압구정역,11680,서울특별시 강남구 신사동,서울특별시,강남구,신사동
16955972,일곱잔,한식/백반/한정식,1168051000,서울특별시 강남구 신사동,서울특별시 강남구 도산대로11길 5,202112,D,발달상권,2120188,압구정역,11680,서울특별시 강남구 신사동,서울특별시,강남구,신사동
16955323,아임유어커피스,커피전문점/카페/다방,1168051000,서울특별시 강남구 신사동,서울특별시 강남구 논현로 841,202112,D,발달상권,2120188,압구정역,11680,서울특별시 강남구 신사동,서울특별시,강남구,신사동
16962214,디엔티에프엔티,한식/백반/한정식,1168051000,서울특별시 강남구 신사동,서울특별시 강남구 도산대로15길 18,202112,D,발달상권,2120188,압구정역,11680,서울특별시 강남구 신사동,서울특별시,강남구,신사동
17039533,A.S.A.P,한식/백반/한정식,1168051000,서울특별시 강남구 신사동,서울특별시 강남구 논현로157길 36,202112,D,발달상권,2120188,압구정역,11680,서울특별시 강남구 신사동,서울특별시,강남구,신사동
17032477,그룹지니어스코리아,한식/백반/한정식,1168051000,서울특별시 강남구 신사동,서울특별시 강남구 도산대로 119,202112,D,발달상권,2120188,압구정역,11680,서울특별시 강남구 신사동,서울특별시,강남구,신사동
17043216,계룡,음식점-일식,1168051000,서울특별시 강남구 신사동,서울특별시 강남구 강남대로156길 16,202112,D,발달상권,2120188,압구정역,11680,서울특별시 강남구 신사동,서울특별시,강남구,신사동
17043190,산쪼메,음식점-일식,1168051000,서울특별시 강남구 신사동,서울특별시 강남구 논현로175길 11,202112,D,발달상권,2120188,압구정역,11680,서울특별시 강남구 신사동,서울특별시,강남구,신사동
16959855,아지미,음식점-일식,1168051000,서울특별시 강남구 신사동,서울특별시 강남구 논현로159길 15,202112,D,발달상권,2120188,압구정역,11680,서울특별시 강남구 신사동,서울특별시,강남구,신사동
16956735,라이크커피,커피전문점/카페/다방,1168051000,서울특별시 강남구 신사동,서울특별시 강남구 도산대로15길 11,202112,D,발달상권,2120188,압구정역,11680,서울특별시 강남구 신사동,서울특별시,강남구,신사동
16955649,압구정달떡집,떡전문,1168051000,서울특별시 강남구 신사동,서울특별시 강남구 논현로175길 18,202112,D,발달상권,2120188,압구정역,11680,서울특별시 강남구 신사동,서울특별시,강남구,신사동
17029403,트루라이트,한식/백반/한정식,1168051000,서울특별시 강남구 신사동,서울특별시 강남구 도산대로17길 22,202112,D,발달상권,2120188,압구정역,11680,서울특별시 강남구 신사동,서울특별시,강남구,신사동
16960614,태공치킨,라면김밥분식,1168051000,서울특별시 강남구 신사동,서울특별시 강남구 압구정로2길 59,202112,D,발달상권,2120188,압구정역,11680,서울특별시 강남구 신사동,서울특별시,강남구,신사동
17066799,모범한우,한식/백반/한정식,1168051000,서울특별시 강남구 신사동,서울특별시 강남구 압구정로 110,202112,D,발달상권,2120188,압구정역,11680,서울특별시 강남구 신사동,서울특별시,강남구,신사동
16965925,심퍼티쿠시,정통양식/경양식,1168051000,서울특별시 강남구 신사동,서울특별시 강남구 강남대로154길 16,202112,D,발달상권,2120188,압구정역,11680,서울특별시 강남구 신사동,서울특별시,강남구,신사동
17054262,육미학대패집,한식/백반/한정식,1168051000,서울특별시 강남구 신사동,서울특별시 강남구 강남대로158길 26,202112,D,발달상권,2120188,압구정역,11680,서울특별시 강남구 신사동,서울특별시,강남구,신사동
17057538,따청푸드,중국음식/중국집,1168051000,서울특별시 강남구 신사동,서울특별시 강남구 도산대로11길 29,202112,D,발달상권,2120188,압구정역,11680,서울특별시 강남구 신사동,서울특별시,강남구,신사동
22750077,두부공작소,두부요리전문,1168051000,서울특별시 강남구 신사동,서울특별시 강남구 강남대로160길 21,202112,D,발달상권,2120188,압구정역,11680,서울특별시 강남구 신사동,서울특별시,강남구,신사동
17075752,홍신애솔트,정통양식/경양식,1168051000,서울특별시 강남구 신사동,서울특별시 강남구 강남대로158길 9,202112,D,발달상권,2120188,압구정역,11680,서울특별시 강남구 신사동,서울특별시,강남구,신사동
17060787,문빔,정통양식/경양식,1168051000,서울특별시 강남구 신사동,서울특별시 강남구 압구정로2길 35,202112,D,발달상권,2120188,압구정역,11680,서울특별시 강남구 신사동,서울특별시,강남구,신사동
20015136,배제현의웰빙낙지한마리수제비,낙지/오징어,1168051000,서울특별시 강남구 신사동,서울특별시 강남구 강남대로152길 19,202112,D,발달상권,2120188,압구정역,11680,서울특별시 강남구 신사동,서울특별시,강남구,신사동
17056423,디태치먼트,정통양식/경양식,1168051000,서울특별시 강남구 신사동,서울특별시 강남구 논현로151길 18,202112,D,발달상권,2120188,압구정역,11680,서울특별시 강남구 신사동,서울특별시,강남구,신사동
17072486,젠틀펜디,한식/백반/한정식,1168051000,서울특별시 강남구 신사동,서울특별시 강남구 압구정로10길 22,202112,D,발달상권,2120188,압구정역,11680,서울특별시 강남구 신사동,서울특별시,강남구,신사동
12661770,보나르떼,커피전문점/카페/다방,1168051000,서울특별시 강남구 신사동,서울특별시 강남구 논현로161길 41,202112,D,발달상권,2120188,압구정역,11680,서울특별시 강남구 신사동,서울특별시,강남구,신사동
17073138,쇼토,제과점,1168051000,서울특별시 강남구 신사동,서울특별시 강남구 압구정로18길 14-6,202112,D,발달상권,2120188,압구정역,11680,서울특별시 강남구 신사동,서울특별시,강남구,신사동
17053482,오라방,한식/백반/한정식,1168051000,서울특별시 강남구 신사동,서울특별시 강남구 도산대로17길 39,202112,D,발달상권,2120188,압구정역,11680,서울특별시 강남구 신사동,서울특별시,강남구,신사동
17073277,쿠시토쿡,음식점-일식,1168051000,서울특별시 강남구 신사동,서울특별시 강남구 도산대로15길 32-8,202112,D,발달상권,2120188,압구정역,11680,서울특별시 강남구 신사동,서울특별시,강남구,신사동
17071529,더페이머스버거신사,정통양식/경양식,1168051000,서울특별시 강남구 신사동,서울특별시 강남구 도산대로 113,202112,D,발달상권,2120188,압구정역,11680,서울특별시 강남구 신사동,서울특별시,강남구,신사동
12662371,송쉐프,중국음식/중국집,1168051000,서울특별시 강남구 신사동,서울특별시 강남구 도산대로1길 40,202112,D,발달상권,2120188,압구정역,11680,서울특별시 강남구 신사동,서울특별시,강남구,신사동
25449575,DeuxAmis,케익전문점,1168051000,서울특별시 강남구 신사동,서울특별시 강남구 도산대로11길 28,202112,D,발달상권,2120188,압구정역,11680,서울특별시 강남구 신사동,서울특별시,강남구,신사동
17075770,이에스티커피,커피전문점/카페/다방,1168051000,서울특별시 강남구 신사동,서울특별시 강남구 도산대로 107,202112,D,발달상권,2120188,압구정역,11680,서울특별시 강남구 신사동,서울특별시,강남구,신사동
17066278,스완커뮤니케이션,한식/백반/한정식,1168051000,서울특별시 강남구 신사동,서울특별시 강남구 가로수길 48,202112,D,발달상권,2120188,압구정역,11680,서울특별시 강남구 신사동,서울특별시,강남구,신사동
17054684,브브스VVS,한식/백반/한정식,1168051000,서울특별시 강남구 신사동,서울특별시 강남구 강남대로160길 37,202112,D,발달상권,2120188,압구정역,11680,서울특별시 강남구 신사동,서울특별시,강남구,신사동
17071669,더커피랩,커피전문점/카페/다방,1168051000,서울특별시 강남구 신사동,서울특별시 강남구 압구정로 124,202112,D,발달상권,2120188,압구정역,11680,서울특별시 강남구 신사동,서울특별시,강남구,신사동
17055365,신룽푸마라탕,중국음식/중국집,1168051000,서울특별시 강남구 신사동,서울특별시 강남구 도산대로15길 9,202112,D,발달상권,2120188,압구정역,11680,서울특별시 강남구 신사동,서울특별시,강남구,신사동
17069566,빌라레코드,한식/백반/한정식,1168051000,서울특별시 강남구 신사동,서울특별시 강남구 도산대로15길 18,202112,D,발달상권,2120188,압구정역,11680,서울특별시 강남구 신사동,서울특별시,강남구,신사동
17051713,컴스고스,정통양식/경양식,1168051000,서울특별시 강남구 신사동,서울특별시 강남구 논현로175길 11,202112,D,발달상권,2120188,압구정역,11680,서울특별시 강남구 신사동,서울특별시,강남구,신사동
17065880,커피라이터,커피전문점/카페/다방,1168051000,서울특별시 강남구 신사동,서울특별시 강남구 논현로161길 15,202112,D,발달상권,2120188,압구정역,11680,서울특별시 강남구 신사동,서울특별시,강남구,신사동
17063082,디저트39,커피전문점/카페/다방,1168051000,서울특별시 강남구 신사동,서울특별시 강남구 논현로175길 25,202112,D,발달상권,2120188,압구정역,11680,서울특별시 강남구 신사동,서울특별시,강남구,신사동
17079120,압구정길목,한식/백반/한정식,1168051000,서울특별시 강남구 신사동,서울특별시 강남구 논현로175길 25,202112,D,발달상권,2120188,압구정역,11680,서울특별시 강남구 신사동,서울특별시,강남구,신사동
17074838,미분당,라면김밥분식,1168051000,서울특별시 강남구 신사동,서울특별시 강남구 도산대로1길 18,202112,D,발달상권,2120188,압구정역,11680,서울특별시 강남구 신사동,서울특별시,강남구,신사동
17060696,미쓰리,한식/백반/한정식,1168051000,서울특별시 강남구 신사동,서울특별시 강남구 논현로175길 6,202112,D,발달상권,2120188,압구정역,11680,서울특별시 강남구 신사동,서울특별시,강남구,신사동
17106887,네모네,한식/백반/한정식,1168051000,서울특별시 강남구 신사동,서울특별시 강남구 강남대로160길 35-5,202112,D,발달상권,2120188,압구정역,11680,서울특별시 강남구 신사동,서울특별시,강남구,신사동
17101830,세프한스,한식/백반/한정식,1168051000,서울특별시 강남구 신사동,서울특별시 강남구 압구정로28길 22-5,202112,D,발달상권,2120188,압구정역,11680,서울특별시 강남구 신사동,서울특별시,강남구,신사동
12021090,달주막해밥상,한식/백반/한정식,1168051000,서울특별시 강남구 신사동,서울특별시 강남구 압구정로2길 46,202112,D,발달상권,2120188,압구정역,11680,서울특별시 강남구 신사동,서울특별시,강남구,신사동
17070846,카페,커피전문점/카페/다방,1168051000,서울특별시 강남구 신사동,서울특별시 강남구 논현로175길 40,202112,D,발달상권,2120188,압구정역,11680,서울특별시 강남구 신사동,서울특별시,강남구,신사동
17106649,감계무랑,한식/백반/한정식,1168051000,서울특별시 강남구 신사동,서울특별시 강남구 압구정로28길 22-5,202112,D,발달상권,2120188,압구정역,11680,서울특별시 강남구 신사동,서울특별시,강남구,신사동
17102679,투고,한식/백반/한정식,1168051000,서울특별시 강남구 신사동,서울특별시 강남구 압구정로28길 22-5,202112,D,발달상권,2120188,압구정역,11680,서울특별시 강남구 신사동,서울특별시,강남구,신사동
17087925,루307,음식점-일식,1168051000,서울특별시 강남구 신사동,서울특별시 강남구 압구정로10길 30-7,202112,D,발달상권,2120188,압구정역,11680,서울특별시 강남구 신사동,서울특별시,강남구,신사동
17090394,압구정김치찌개,한식/백반/한정식,1168051000,서울특별시 강남구 신사동,서울특별시 강남구 논현로175길 11,202112,D,발달상권,2120188,압구정역,11680,서울특별시 강남구 신사동,서울특별시,강남구,신사동
17101512,로얄블랙,한식/백반/한정식,1168051000,서울특별시 강남구 신사동,서울특별시 강남구 강남대로152길 33,202112,D,발달상권,2120188,압구정역,11680,서울특별시 강남구 신사동,서울특별시,강남구,신사동
17100612,야사이마끼쿠이신보,음식점-일식,1168051000,서울특별시 강남구 신사동,서울특별시 강남구 강남대로152길 62,202112,D,발달상권,2120188,압구정역,11680,서울특별시 강남구 신사동,서울특별시,강남구,신사동
17103074,스시마이우,음식점-초밥전문,1168051000,서울특별시 강남구 신사동,서울특별시 강남구 도산대로11길 15,202112,D,발달상권,2120188,압구정역,11680,서울특별시 강남구 신사동,서울특별시,강남구,신사동
17100936,프레스센터,정통양식/경양식,1168051000,서울특별시 강남구 신사동,서울특별시 강남구 강남대로154길 21,202112,D,발달상권,2120188,압구정역,11680,서울특별시 강남구 신사동,서울특별시,강남구,신사동
17098523,잭슨피자,피자전문,1168051000,서울특별시 강남구 신사동,서울특별시 강남구 압구정로 144,202112,D,발달상권,2120188,압구정역,11680,서울특별시 강남구 신사동,서울특별시,강남구,신사동
17103838,행복당,한식/백반/한정식,1168051000,서울특별시 강남구 신사동,서울특별시 강남구 강남대로160길 47,202112,D,발달상권,2120188,압구정역,11680,서울특별시 강남구 신사동,서울특별시,강남구,신사동
17047925,뮤제,한식/백반/한정식,1168051000,서울특별시 강남구 신사동,서울특별시 강남구 압구정로4길 14-12,202112,D,발달상권,2120188,압구정역,11680,서울특별시 강남구 신사동,서울특별시,강남구,신사동
17087188,세인트그릴,한식/백반/한정식,1168051000,서울특별시 강남구 신사동,서울특별시 강남구 논현로175길 63,202112,D,발달상권,2120188,압구정역,11680,서울특별시 강남구 신사동,서울특별시,강남구,신사동
17101047,크라운돼지,한식/백반/한정식,1168051000,서울특별시 강남구 신사동,서울특별시 강남구 강남대로156길 17-1,202112,D,발달상권,2120188,압구정역,11680,서울특별시 강남구 신사동,서울특별시,강남구,신사동
17096162,하남돼지집,갈비/삼겹살,1168051000,서울특별시 강남구 신사동,서울특별시 강남구 강남대로152길 55,202112,D,발달상권,2120188,압구정역,11680,서울특별시 강남구 신사동,서울특별시,강남구,신사동
12052415,매머드커피본사,커피전문점/카페/다방,1168051000,서울특별시 강남구 신사동,서울특별시 강남구 논현로159길 34,202112,D,발달상권,2120188,압구정역,11680,서울특별시 강남구 신사동,서울특별시,강남구,신사동
16739799,띠포차,소주방/포장마차,1168051000,서울특별시 강남구 신사동,서울특별시 강남구 압구정로4길 13-17,202112,D,발달상권,2120188,압구정역,11680,서울특별시 강남구 신사동,서울특별시,강남구,신사동
17087888,플럭스커뮤니티,정통양식/경양식,1168051000,서울특별시 강남구 신사동,서울특별시 강남구 논현로175길 101-3,202112,D,발달상권,2120188,압구정역,11680,서울특별시 강남구 신사동,서울특별시,강남구,신사동
25365385,야카모즈,빠/카페/스탠드빠,1168051000,서울특별시 강남구 신사동,서울특별시 강남구 논현로151길 30,202112,D,발달상권,2120188,압구정역,11680,서울특별시 강남구 신사동,서울특별시,강남구,신사동
11991736,겟썸커피,커피전문점/카페/다방,1168051000,서울특별시 강남구 신사동,서울특별시 강남구 논현로159길 46-6,202112,D,발달상권,2120188,압구정역,11680,서울특별시 강남구 신사동,서울특별시,강남구,신사동
17108837,포티데이즈,정통양식/경양식,1168051000,서울특별시 강남구 신사동,서울특별시 강남구 강남대로158길 16,202112,D,발달상권,2120188,압구정역,11680,서울특별시 강남구 신사동,서울특별시,강남구,신사동
17124578,빈터커피로스터스,커피전문점/카페/다방,1168051000,서울특별시 강남구 신사동,서울특별시 강남구 강남대로162길 41-22,202112,D,발달상권,2120188,압구정역,11680,서울특별시 강남구 신사동,서울특별시,강남구,신사동
17109851,바네,커피전문점/카페/다방,1168051000,서울특별시 강남구 신사동,서울특별시 강남구 압구정로4길 13-4,202112,D,발달상권,2120188,압구정역,11680,서울특별시 강남구 신사동,서울특별시,강남구,신사동
16115270,팻보이샌드위치,샌드위치전문점,1168051000,서울특별시 강남구 신사동,서울특별시 강남구 논현로163길 9-4,202112,D,발달상권,2120188,압구정역,11680,서울특별시 강남구 신사동,서울특별시,강남구,신사동
11988634,춘식당,한식/백반/한정식,1168051000,서울특별시 강남구 신사동,서울특별시 강남구 도산대로23길 17,202112,D,발달상권,2120188,압구정역,11680,서울특별시 강남구 신사동,서울특별시,강남구,신사동
17128322,빅티크,커피전문점/카페/다방,1168051000,서울특별시 강남구 신사동,서울특별시 강남구 도산대로25길 17,202112,D,발달상권,2120188,압구정역,11680,서울특별시 강남구 신사동,서울특별시,강남구,신사동
17131617,모드드비,정통양식/경양식,1168051000,서울특별시 강남구 신사동,서울특별시 강남구 압구정로2길 46,202112,D,발달상권,2120188,압구정역,11680,서울특별시 강남구 신사동,서울특별시,강남구,신사동
16122382,오레노유메,음식점-일식,1168051000,서울특별시 강남구 신사동,서울특별시 강남구 압구정로2길 59,202112,D,발달상권,2120188,압구정역,11680,서울특별시 강남구 신사동,서울특별시,강남구,신사동
16739887,이니앤코,정통양식/경양식,1168051000,서울특별시 강남구 신사동,서울특별시 강남구 도산대로27길 33,202112,D,발달상권,2120188,압구정역,11680,서울특별시 강남구 신사동,서울특별시,강남구,신사동
17109808,육사심뭉티기,한식/백반/한정식,1168051000,서울특별시 강남구 신사동,서울특별시 강남구 논현로159길 10,202112,D,발달상권,2120188,압구정역,11680,서울특별시 강남구 신사동,서울특별시,강남구,신사동
12076424,몽글몽글,음식점-일식,1168051000,서울특별시 강남구 신사동,서울특별시 강남구 강남대로160길 50,202112,D,발달상권,2120188,압구정역,11680,서울특별시 강남구 신사동,서울특별시,강남구,신사동
11994085,엠엠티에이치커피,커피전문점/카페/다방,1168051000,서울특별시 강남구 신사동,서울특별시 강남구 논현로159길 34,202112,D,발달상권,2120188,압구정역,11680,서울특별시 강남구 신사동,서울특별시,강남구,신사동
17130724,롱타임노씨,호프/맥주,1168051000,서울특별시 강남구 신사동,서울특별시 강남구 강남대로152길 15,202112,D,발달상권,2120188,압구정역,11680,서울특별시 강남구 신사동,서울특별시,강남구,신사동
17113697,시커스,음식점-일식,1168051000,서울특별시 강남구 신사동,서울특별시 강남구 가로수길 13,202112,D,발달상권,2120188,압구정역,11680,서울특별시 강남구 신사동,서울특별시,강남구,신사동
17109546,커피에반하다,커피전문점/카페/다방,1168051000,서울특별시 강남구 신사동,서울특별시 강남구 압구정로 142,202112,D,발달상권,2120188,압구정역,11680,서울특별시 강남구 신사동,서울특별시,강남구,신사동
16121942,대봉집,한식/백반/한정식,1168051000,서울특별시 강남구 신사동,서울특별시 강남구 압구정로2길 57,202112,D,발달상권,2120188,압구정역,11680,서울특별시 강남구 신사동,서울특별시,강남구,신사동
17132248,어영차풍천민물장어,민물장어전문,1168051000,서울특별시 강남구 신사동,서울특별시 강남구 압구정로28길 40,202112,D,발달상권,2120188,압구정역,11680,서울특별시 강남구 신사동,서울특별시,강남구,신사동
16692690,역전할머니맥주,호프/맥주,1168051000,서울특별시 강남구 신사동,서울특별시 강남구 강남대로152길 23,202112,D,발달상권,2120188,압구정역,11680,서울특별시 강남구 신사동,서울특별시,강남구,신사동
17134726,안주집,한식/백반/한정식,1168051000,서울특별시 강남구 신사동,서울특별시 강남구 도산대로11길 34,202112,D,발달상권,2120188,압구정역,11680,서울특별시 강남구 신사동,서울특별시,강남구,신사동
17121166,노퍼블럭,호프/맥주,1168051000,서울특별시 강남구 신사동,서울특별시 강남구 논현로159길 65,202112,D,발달상권,2120188,압구정역,11680,서울특별시 강남구 신사동,서울특별시,강남구,신사동
28365983,스완카페트,커피전문점/카페/다방,1168051000,서울특별시 강남구 신사동,서울특별시 강남구 논현로167길 15,202112,D,발달상권,2120188,압구정역,11680,서울특별시 강남구 신사동,서울특별시,강남구,신사동
26361074,유정낙지압구정,한식/백반/한정식,1168051000,서울특별시 강남구 신사동,서울특별시 강남구 논현로163길 10,202112,D,발달상권,2120188,압구정역,11680,서울특별시 강남구 신사동,서울특별시,강남구,신사동
12081631,김가네,라면김밥분식,1168051000,서울특별시 강남구 신사동,서울특별시 강남구 논현로171길 15,202112,D,발달상권,2120188,압구정역,11680,서울특별시 강남구 신사동,서울특별시,강남구,신사동
16691056,비비큐치킨카페,한식/백반/한정식,1168051000,서울특별시 강남구 신사동,서울특별시 강남구 도산대로11길 32,202112,D,발달상권,2120188,압구정역,11680,서울특별시 강남구 신사동,서울특별시,강남구,신사동
17111863,밀떡팩토리,떡볶이전문,1168051000,서울특별시 강남구 신사동,서울특별시 강남구 도산대로11길 21,202112,D,발달상권,2120188,압구정역,11680,서울특별시 강남구 신사동,서울특별시,강남구,신사동
17123402,핏자당,한식/백반/한정식,1168051000,서울특별시 강남구 신사동,서울특별시 강남구 강남대로156길 30,202112,D,발달상권,2120188,압구정역,11680,서울특별시 강남구 신사동,서울특별시,강남구,신사동
12085293,밀도가로수점,제과점,1168051000,서울특별시 강남구 신사동,서울특별시 강남구 압구정로14길 42,202112,D,발달상권,2120188,압구정역,11680,서울특별시 강남구 신사동,서울특별시,강남구,신사동
16150222,아우어베이커리,제과점,1168051000,서울특별시 강남구 신사동,서울특별시 강남구 강남대로162길 39,202112,D,발달상권,2120188,압구정역,11680,서울특별시 강남구 신사동,서울특별시,강남구,신사동
16149069,아우어,제과점,1168051000,서울특별시 강남구 신사동,서울특별시 강남구 강남대로162길 39,202112,D,발달상권,2120188,압구정역,11680,서울특별시 강남구 신사동,서울특별시,강남구,신사동
17106938,셀파크뷰티리조트,커피전문점/카페/다방,1168051000,서울특별시 강남구 신사동,서울특별시 강남구 압구정로14길 22,202112,D,발달상권,2120188,압구정역,11680,서울특별시 강남구 신사동,서울특별시,강남구,신사동
16685140,메가엠지씨커피,커피전문점/카페/다방,1168051000,서울특별시 강남구 신사동,서울특별시 강남구 압구정로28길 25,202112,D,발달상권,2120188,압구정역,11680,서울특별시 강남구 신사동,서울특별시,강남구,신사동
11986148,커피식스,커피전문점/카페/다방,1168051000,서울특별시 강남구 신사동,서울특별시 강남구 논현로151길 7,202112,D,발달상권,2120188,압구정역,11680,서울특별시 강남구 신사동,서울특별시,강남구,신사동
17128790,김치찜신사,한식/백반/한정식,1168051000,서울특별시 강남구 신사동,서울특별시 강남구 강남대로152길 23,202112,D,발달상권,2120188,압구정역,11680,서울특별시 강남구 신사동,서울특별시,강남구,신사동
17121369,효자동목고기,한식/백반/한정식,1168051000,서울특별시 강남구 신사동,서울특별시 강남구 도산대로1길 28,202112,D,발달상권,2120188,압구정역,11680,서울특별시 강남구 신사동,서울특별시,강남구,신사동
17113904,고알레,한식/백반/한정식,1168051000,서울특별시 강남구 신사동,서울특별시 강남구 도산대로 167,202112,D,발달상권,2120188,압구정역,11680,서울특별시 강남구 신사동,서울특별시,강남구,신사동
17113926,행복한만두,국수/만두/칼국수,1168051000,서울특별시 강남구 신사동,서울특별시 강남구 논현로153길 27,202112,D,발달상권,2120188,압구정역,11680,서울특별시 강남구 신사동,서울특별시,강남구,신사동
17109741,노아컴퍼니,커피전문점/카페/다방,1168051000,서울특별시 강남구 신사동,서울특별시 강남구 강남대로162길 24,202112,D,발달상권,2120188,압구정역,11680,서울특별시 강남구 신사동,서울특별시,강남구,신사동
17113439,비비드vivid,호프/맥주,1168051000,서울특별시 강남구 신사동,서울특별시 강남구 강남대로152길 31,202112,D,발달상권,2120188,압구정역,11680,서울특별시 강남구 신사동,서울특별시,강남구,신사동
17130584,원하프,한식/백반/한정식,1168051000,서울특별시 강남구 신사동,서울특별시 강남구 가로수길 19,202112,D,발달상권,2120188,압구정역,11680,서울특별시 강남구 신사동,서울특별시,강남구,신사동
16157494,에클레시아카페,커피전문점/카페/다방,1168051000,서울특별시 강남구 신사동,서울특별시 강남구 도산대로1길 77,202112,D,발달상권,2120188,압구정역,11680,서울특별시 강남구 신사동,서울특별시,강남구,신사동
17114991,허브디앤씨,커피전문점/카페/다방,1168051000,서울특별시 강남구 신사동,서울특별시 강남구 논현로151길 30,202112,D,발달상권,2120188,압구정역,11680,서울특별시 강남구 신사동,서울특별시,강남구,신사동
12085688,이코복스커피,한식/백반/한정식,1168051000,서울특별시 강남구 신사동,서울특별시 강남구 논현로175길 6,202112,D,발달상권,2120188,압구정역,11680,서울특별시 강남구 신사동,서울특별시,강남구,신사동
17114003,영상총각의키친,정통양식/경양식,1168051000,서울특별시 강남구 신사동,서울특별시 강남구 논현로159길 22-1,202112,D,발달상권,2120188,압구정역,11680,서울특별시 강남구 신사동,서울특별시,강남구,신사동
12613847,복자네,한식/백반/한정식,1168051000,서울특별시 강남구 신사동,서울특별시 강남구 도산대로1길 62,202112,D,발달상권,2120188,압구정역,11680,서울특별시 강남구 신사동,서울특별시,강남구,신사동
17115016,청우참치-e,참치전문점,1168051000,서울특별시 강남구 신사동,서울특별시 강남구 강남대로156길 18,202112,D,발달상권,2120188,압구정역,11680,서울특별시 강남구 신사동,서울특별시,강남구,신사동
12603430,마사,정통양식/경양식,1168051000,서울특별시 강남구 신사동,서울특별시 강남구 압구정로10길 30-8,202112,D,발달상권,2120188,압구정역,11680,서울특별시 강남구 신사동,서울특별시,강남구,신사동
16007522,다이칸야마키친,한식/백반/한정식,1168051000,서울특별시 강남구 신사동,서울특별시 강남구 압구정로10길 30-3,202112,D,발달상권,2120188,압구정역,11680,서울특별시 강남구 신사동,서울특별시,강남구,신사동
16003422,본죽앤비빔밥카페,죽전문점,1168051000,서울특별시 강남구 신사동,서울특별시 강남구 도산대로11길 5,202112,D,발달상권,2120188,압구정역,11680,서울특별시 강남구 신사동,서울특별시,강남구,신사동
20383029,헬로우,정통양식/경양식,1168051000,서울특별시 강남구 신사동,서울특별시 강남구 논현로151길 55,202112,D,발달상권,2120188,압구정역,11680,서울특별시 강남구 신사동,서울특별시,강남구,신사동
16185101,현대백화점,후라이드/양념치킨,1168051000,서울특별시 강남구 신사동,서울특별시 강남구 도산대로27길 43,202112,D,발달상권,2120188,압구정역,11680,서울특별시 강남구 신사동,서울특별시,강남구,신사동
16062913,메디칼드림,커피전문점/카페/다방,1168051000,서울특별시 강남구 신사동,서울특별시 강남구 도산대로 157,202112,D,발달상권,2120188,압구정역,11680,서울특별시 강남구 신사동,서울특별시,강남구,신사동
12610862,정돈프리미엄,음식점-일식,1168051000,서울특별시 강남구 신사동,서울특별시 강남구 강남대로160길 28,202112,D,발달상권,2120188,압구정역,11680,서울특별시 강남구 신사동,서울특별시,강남구,신사동
16034648,미토우,음식점-일식,1168051000,서울특별시 강남구 신사동,서울특별시 강남구 논현로151길 17,202112,D,발달상권,2120188,압구정역,11680,서울특별시 강남구 신사동,서울특별시,강남구,신사동
23406997,흥미면옥,냉면집,1168051000,서울특별시 강남구 신사동,서울특별시 강남구 도산대로27길 36,202112,D,발달상권,2120188,압구정역,11680,서울특별시 강남구 신사동,서울특별시,강남구,신사동
12533440,담미온,한식/백반/한정식,1168051000,서울특별시 강남구 신사동,서울특별시 강남구 압구정로28길 28,202112,D,발달상권,2120188,압구정역,11680,서울특별시 강남구 신사동,서울특별시,강남구,신사동
25502817,원혜치킨,후라이드/양념치킨,1168051000,서울특별시 강남구 신사동,서울특별시 강남구 강남대로 620,202112,D,발달상권,2120188,압구정역,11680,서울특별시 강남구 신사동,서울특별시,강남구,신사동
16022022,우와,음식점-일식,1168051000,서울특별시 강남구 신사동,서울특별시 강남구 강남대로158길 17,202112,D,발달상권,2120188,압구정역,11680,서울특별시 강남구 신사동,서울특별시,강남구,신사동
12534904,히바치참치,참치전문점,1168051000,서울특별시 강남구 신사동,서울특별시 강남구 강남대로152길 67,202112,D,발달상권,2120188,압구정역,11680,서울특별시 강남구 신사동,서울특별시,강남구,신사동
12543900,라무진,한식/백반/한정식,1168051000,서울특별시 강남구 신사동,서울특별시 강남구 논현로175길 59-4,202112,D,발달상권,2120188,압구정역,11680,서울특별시 강남구 신사동,서울특별시,강남구,신사동
26480177,피터폴앤드메리,정통양식/경양식,1168051000,서울특별시 강남구 신사동,서울특별시 강남구 압구정로28길 22-9,202112,D,발달상권,2120188,압구정역,11680,서울특별시 강남구 신사동,서울특별시,강남구,신사동
25249171,김덕후의곱창조,곱창/양구이전문,1168051000,서울특별시 강남구 신사동,서울특별시 강남구 압구정로2길 46,202112,D,발달상권,2120188,압구정역,11680,서울특별시 강남구 신사동,서울특별시,강남구,신사동
16066125,담소소사골순대,순대전문점,1168051000,서울특별시 강남구 신사동,서울특별시 강남구 도산대로27길 40,202112,D,발달상권,2120188,압구정역,11680,서울특별시 강남구 신사동,서울특별시,강남구,신사동
16080528,천미미,중국음식/중국집,1168051000,서울특별시 강남구 신사동,서울특별시 강남구 강남대로152길 11,202112,D,발달상권,2120188,압구정역,11680,서울특별시 강남구 신사동,서울특별시,강남구,신사동
16089830,브롱스,호프/맥주,1168051000,서울특별시 강남구 신사동,서울특별시 강남구 강남대로152길 26,202112,D,발달상권,2120188,압구정역,11680,서울특별시 강남구 신사동,서울특별시,강남구,신사동
12496405,이봄씨어터,한식/백반/한정식,1168051000,서울특별시 강남구 신사동,서울특별시 강남구 압구정로10길 9,202112,D,발달상권,2120188,압구정역,11680,서울특별시 강남구 신사동,서울특별시,강남구,신사동
15879676,쿠이신보,기타일반유흥주점,1168051000,서울특별시 강남구 신사동,서울특별시 강남구 도산대로15길 6,202112,D,발달상권,2120188,압구정역,11680,서울특별시 강남구 신사동,서울특별시,강남구,신사동
16056387,화담,한식/백반/한정식,1168051000,서울특별시 강남구 신사동,서울특별시 강남구 도산대로25길 29,202112,D,발달상권,2120188,압구정역,11680,서울특별시 강남구 신사동,서울특별시,강남구,신사동
12488797,카페뮬라,커피전문점/카페/다방,1168051000,서울특별시 강남구 신사동,서울특별시 강남구 압구정로4길 13-12,202112,D,발달상권,2120188,압구정역,11680,서울특별시 강남구 신사동,서울특별시,강남구,신사동
20691915,스타벅스,커피전문점/카페/다방,1168051000,서울특별시 강남구 신사동,서울특별시 강남구 논현로 841,202112,D,발달상권,2120188,압구정역,11680,서울특별시 강남구 신사동,서울특별시,강남구,신사동
16088197,쥬스식스,커피전문점/카페/다방,1168051000,서울특별시 강남구 신사동,서울특별시 강남구 논현로151길 7,202112,D,발달상권,2120188,압구정역,11680,서울특별시 강남구 신사동,서울특별시,강남구,신사동
16086912,빵어니스타,제과점,1168051000,서울특별시 강남구 신사동,서울특별시 강남구 도산대로25길 43,202112,D,발달상권,2120188,압구정역,11680,서울특별시 강남구 신사동,서울특별시,강남구,신사동
12101561,시골통돼지볶음신사,갈비/삼겹살,1168051000,서울특별시 강남구 신사동,서울특별시 강남구 강남대로154길 19,202112,D,발달상권,2120188,압구정역,11680,서울특별시 강남구 신사동,서울특별시,강남구,신사동
16087580,르포트13,정통양식/경양식,1168051000,서울특별시 강남구 신사동,서울특별시 강남구 압구정로4길 13-13,202112,D,발달상권,2120188,압구정역,11680,서울특별시 강남구 신사동,서울특별시,강남구,신사동
16077465,낭만국수,국수/만두/칼국수,1168051000,서울특별시 강남구 신사동,서울특별시 강남구 논현로175길 40,202112,D,발달상권,2120188,압구정역,11680,서울특별시 강남구 신사동,서울특별시,강남구,신사동
12501693,강승월한식당,한식/백반/한정식,1168051000,서울특별시 강남구 신사동,서울특별시 강남구 논현로175길 61,202112,D,발달상권,2120188,압구정역,11680,서울특별시 강남구 신사동,서울특별시,강남구,신사동
12511761,캐리마켓가로수길지점,커피전문점/카페/다방,1168051000,서울특별시 강남구 신사동,서울특별시 강남구 도산대로15길 43,202112,D,발달상권,2120188,압구정역,11680,서울특별시 강남구 신사동,서울특별시,강남구,신사동
15988281,캔플,커피전문점/카페/다방,1168051000,서울특별시 강남구 신사동,서울특별시 강남구 도산대로17길 37-1,202112,D,발달상권,2120188,압구정역,11680,서울특별시 강남구 신사동,서울특별시,강남구,신사동
16024058,MANOFFIN,커피전문점/카페/다방,1168051000,서울특별시 강남구 신사동,서울특별시 강남구 압구정로 172,202112,D,발달상권,2120188,압구정역,11680,서울특별시 강남구 신사동,서울특별시,강남구,신사동
25393202,피그닉,후라이드/양념치킨,1168051000,서울특별시 강남구 신사동,서울특별시 강남구 압구정로2길 46,202112,D,발달상권,2120188,압구정역,11680,서울특별시 강남구 신사동,서울특별시,강남구,신사동
23233132,르브런쉭,한식/백반/한정식,1168051000,서울특별시 강남구 신사동,서울특별시 강남구 강남대로162길 41-22,202112,D,발달상권,2120188,압구정역,11680,서울특별시 강남구 신사동,서울특별시,강남구,신사동
16054411,반다라,커피전문점/카페/다방,1168051000,서울특별시 강남구 신사동,서울특별시 강남구 강남대로162길 23,202112,D,발달상권,2120188,압구정역,11680,서울특별시 강남구 신사동,서울특별시,강남구,신사동
23223643,짚신매운갈비찜,갈비/삼겹살,1168051000,서울특별시 강남구 신사동,서울특별시 강남구 강남대로152길 44,202112,D,발달상권,2120188,압구정역,11680,서울특별시 강남구 신사동,서울특별시,강남구,신사동
20250237,탱크,라면김밥분식,1168051000,서울특별시 강남구 신사동,서울특별시 강남구 압구정로 150,202112,D,발달상권,2120188,압구정역,11680,서울특별시 강남구 신사동,서울특별시,강남구,신사동
20018925,엔제리너스,커피전문점/카페/다방,1168051000,서울특별시 강남구 신사동,서울특별시 강남구 압구정로28길 9,202112,D,발달상권,2120188,압구정역,11680,서울특별시 강남구 신사동,서울특별시,강남구,신사동
17155067,더스크,한식/백반/한정식,1168051000,서울특별시 강남구 신사동,서울특별시 강남구 논현로167길 19,202112,D,발달상권,2120188,압구정역,11680,서울특별시 강남구 신사동,서울특별시,강남구,신사동
20474944,전주맛자랑,한식/백반/한정식,1168051000,서울특별시 강남구 신사동,서울특별시 강남구 논현로151길 26,202112,D,발달상권,2120188,압구정역,11680,서울특별시 강남구 신사동,서울특별시,강남구,신사동
25042584,MADE,빠/카페/스탠드빠,1168051000,서울특별시 강남구 신사동,서울특별시 강남구 논현로175길 17,202112,D,발달상권,2120188,압구정역,11680,서울특별시 강남구 신사동,서울특별시,강남구,신사동
12458676,에머이가로수길점,동남아음식전문점,1168051000,서울특별시 강남구 신사동,서울특별시 강남구 도산대로15길 8,202112,D,발달상권,2120188,압구정역,11680,서울특별시 강남구 신사동,서울특별시,강남구,신사동
12451970,빽다방신사역점,커피전문점/카페/다방,1168051000,서울특별시 강남구 신사동,서울특별시 강남구 도산대로11길 34,202112,D,발달상권,2120188,압구정역,11680,서울특별시 강남구 신사동,서울특별시,강남구,신사동
17145020,아트앤씨Artnc,커피전문점/카페/다방,1168051000,서울특별시 강남구 신사동,서울특별시 강남구 도산대로25길 17,202112,D,발달상권,2120188,압구정역,11680,서울특별시 강남구 신사동,서울특별시,강남구,신사동
17032569,꽃등심,한식/백반/한정식,1168051000,서울특별시 강남구 신사동,서울특별시 강남구 논현로157길 24,202112,D,발달상권,2120188,압구정역,11680,서울특별시 강남구 신사동,서울특별시,강남구,신사동
17152324,영영영영seoul,정통양식/경양식,1168051000,서울특별시 강남구 신사동,서울특별시 강남구 도산대로1길 36,202112,D,발달상권,2120188,압구정역,11680,서울특별시 강남구 신사동,서울특별시,강남구,신사동
17151852,풀림,커피전문점/카페/다방,1168051000,서울특별시 강남구 신사동,서울특별시 강남구 도산대로25길 29,202112,D,발달상권,2120188,압구정역,11680,서울특별시 강남구 신사동,서울특별시,강남구,신사동
12467485,앤네이처,한식/백반/한정식,1168051000,서울특별시 강남구 신사동,서울특별시 강남구 압구정로2길 46,202112,D,발달상권,2120188,압구정역,11680,서울특별시 강남구 신사동,서울특별시,강남구,신사동
17160988,윤미식당,한식/백반/한정식,1168051000,서울특별시 강남구 신사동,서울특별시 강남구 논현로175길 68,202112,D,발달상권,2120188,압구정역,11680,서울특별시 강남구 신사동,서울특별시,강남구,신사동
24541834,강변닭집,후라이드/양념치킨,1168051000,서울특별시 강남구 신사동,서울특별시 강남구 압구정로2길 46,202112,D,발달상권,2120188,압구정역,11680,서울특별시 강남구 신사동,서울특별시,강남구,신사동
17147144,조우,기타고기요리,1168051000,서울특별시 강남구 신사동,서울특별시 강남구 논현로 831,202112,D,발달상권,2120188,압구정역,11680,서울특별시 강남구 신사동,서울특별시,강남구,신사동
17149889,일공삼,한식/백반/한정식,1168051000,서울특별시 강남구 신사동,서울특별시 강남구 논현로155길 9,202112,D,발달상권,2120188,압구정역,11680,서울특별시 강남구 신사동,서울특별시,강남구,신사동
17141042,맛수르수제분식,라면김밥분식,1168051000,서울특별시 강남구 신사동,서울특별시 강남구 압구정로18길 8,202112,D,발달상권,2120188,압구정역,11680,서울특별시 강남구 신사동,서울특별시,강남구,신사동
14525224,원두막식당,한식/백반/한정식,1168051000,서울특별시 강남구 신사동,서울특별시 강남구 강남대로152길 67,202112,D,발달상권,2120188,압구정역,11680,서울특별시 강남구 신사동,서울특별시,강남구,신사동
20681867,Marchrabbit,정통양식/경양식,1168051000,서울특별시 강남구 신사동,서울특별시 강남구 논현로153길 45,202112,D,발달상권,2120188,압구정역,11680,서울특별시 강남구 신사동,서울특별시,강남구,신사동
20381369,마망갸또,정통양식/경양식,1168051000,서울특별시 강남구 신사동,서울특별시 강남구 압구정로10길 30-12,202112,D,발달상권,2120188,압구정역,11680,서울특별시 강남구 신사동,서울특별시,강남구,신사동
12098614,미라이,음식점-일식,1168051000,서울특별시 강남구 신사동,서울특별시 강남구 논현로153길 24,202112,D,발달상권,2120188,압구정역,11680,서울특별시 강남구 신사동,서울특별시,강남구,신사동
25443772,마산옥,한식/백반/한정식,1168051000,서울특별시 강남구 신사동,서울특별시 강남구 강남대로152길 9,202112,D,발달상권,2120188,압구정역,11680,서울특별시 강남구 신사동,서울특별시,강남구,신사동
12465462,식물학,한식/백반/한정식,1168051000,서울특별시 강남구 신사동,서울특별시 강남구 강남대로154길 33,202112,D,발달상권,2120188,압구정역,11680,서울특별시 강남구 신사동,서울특별시,강남구,신사동
12455278,바르다김선생,라면김밥분식,1168051000,서울특별시 강남구 신사동,서울특별시 강남구 논현로 841,202112,D,발달상권,2120188,압구정역,11680,서울특별시 강남구 신사동,서울특별시,강남구,신사동
12455632,투썸플레이스신사세로수길점,커피전문점/카페/다방,1168051000,서울특별시 강남구 신사동,서울특별시 강남구 압구정로 112,202112,D,발달상권,2120188,압구정역,11680,서울특별시 강남구 신사동,서울특별시,강남구,신사동
20436859,뮤즈온,한식/백반/한정식,1168051000,서울특별시 강남구 신사동,서울특별시 강남구 도산대로15길 32,202112,D,발달상권,2120188,압구정역,11680,서울특별시 강남구 신사동,서울특별시,강남구,신사동
25501522,카페포엠,커피전문점/카페/다방,1168051000,서울특별시 강남구 신사동,서울특별시 강남구 압구정로4길 13-11,202112,D,발달상권,2120188,압구정역,11680,서울특별시 강남구 신사동,서울특별시,강남구,신사동
12514373,복자네,한식/백반/한정식,1168051000,서울특별시 강남구 신사동,서울특별시 강남구 도산대로1길 6,202112,D,발달상권,2120188,압구정역,11680,서울특별시 강남구 신사동,서울특별시,강남구,신사동
17152133,크로네,정통양식/경양식,1168051000,서울특별시 강남구 신사동,서울특별시 강남구 논현로175길 40,202112,D,발달상권,2120188,압구정역,11680,서울특별시 강남구 신사동,서울특별시,강남구,신사동
20417368,세로수맥주창고,호프/맥주,1168051000,서울특별시 강남구 신사동,서울특별시 강남구 강남대로152길 28,202112,D,발달상권,2120188,압구정역,11680,서울특별시 강남구 신사동,서울특별시,강남구,신사동
12114793,스시에비스,음식점-초밥전문,1168051000,서울특별시 강남구 신사동,서울특별시 강남구 압구정로28길 22,202112,D,발달상권,2120188,압구정역,11680,서울특별시 강남구 신사동,서울특별시,강남구,신사동
12552215,엉터리생고기신사역점,갈비/삼겹살,1168051000,서울특별시 강남구 신사동,서울특별시 강남구 도산대로 117,202112,D,발달상권,2120188,압구정역,11680,서울특별시 강남구 신사동,서울특별시,강남구,신사동
12544172,딩딤1968,중국음식/중국집,1168051000,서울특별시 강남구 신사동,서울특별시 강남구 강남대로160길 27,202112,D,발달상권,2120188,압구정역,11680,서울특별시 강남구 신사동,서울특별시,강남구,신사동
16273965,김이순장춘,한식/백반/한정식,1168051000,서울특별시 강남구 신사동,서울특별시 강남구 압구정로2길 53,202112,D,발달상권,2120188,압구정역,11680,서울특별시 강남구 신사동,서울특별시,강남구,신사동
16274230,신마포갈매기,갈비/삼겹살,1168051000,서울특별시 강남구 신사동,서울특별시 강남구 압구정로2길 46,202112,D,발달상권,2120188,압구정역,11680,서울특별시 강남구 신사동,서울특별시,강남구,신사동
16278735,더앨리,커피전문점/카페/다방,1168051000,서울특별시 강남구 신사동,서울특별시 강남구 압구정로12길 16,202112,D,발달상권,2120188,압구정역,11680,서울특별시 강남구 신사동,서울특별시,강남구,신사동
26300626,에스알에스KFC압구정1,패스트푸드,1168051000,서울특별시 강남구 신사동,서울특별시 강남구 논현로175길 7,202112,D,발달상권,2120188,압구정역,11680,서울특별시 강남구 신사동,서울특별시,강남구,신사동
17173772,스구식탁,정통양식/경양식,1168051000,서울특별시 강남구 신사동,서울특별시 강남구 도산대로11길 28,202112,D,발달상권,2120188,압구정역,11680,서울특별시 강남구 신사동,서울특별시,강남구,신사동
26291664,양식당더램치킨가로수,한식/백반/한정식,1168051000,서울특별시 강남구 신사동,서울특별시 강남구 압구정로8길 5,202112,D,발달상권,2120188,압구정역,11680,서울특별시 강남구 신사동,서울특별시,강남구,신사동
16432270,문어집,한식/백반/한정식,1168051000,서울특별시 강남구 신사동,서울특별시 강남구 강남대로152길 67,202112,D,발달상권,2120188,압구정역,11680,서울특별시 강남구 신사동,서울특별시,강남구,신사동
20015965,대가방,중국음식/중국집,1168051000,서울특별시 강남구 신사동,서울특별시 강남구 논현로175길 64,202112,D,발달상권,2120188,압구정역,11680,서울특별시 강남구 신사동,서울특별시,강남구,신사동
20592455,부철이네,한식/백반/한정식,1168051000,서울특별시 강남구 신사동,서울특별시 강남구 논현로157길 9,202112,D,발달상권,2120188,압구정역,11680,서울특별시 강남구 신사동,서울특별시,강남구,신사동
20473639,김북순큰남비집,라면김밥분식,1168051000,서울특별시 강남구 신사동,서울특별시 강남구 압구정로2길 15,202112,D,발달상권,2120188,압구정역,11680,서울특별시 강남구 신사동,서울특별시,강남구,신사동
15553177,기새끼,기타일반유흥주점,1168051000,서울특별시 강남구 신사동,서울특별시 강남구 강남대로152길 42,202112,D,발달상권,2120188,압구정역,11680,서울특별시 강남구 신사동,서울특별시,강남구,신사동
23435035,로칼버블듀크오브투웬티스센추리,한식/백반/한정식,1168051000,서울특별시 강남구 신사동,서울특별시 강남구 압구정로10길 30-9,202112,D,발달상권,2120188,압구정역,11680,서울특별시 강남구 신사동,서울특별시,강남구,신사동
23357287,배러댄비프,정통양식/경양식,1168051000,서울특별시 강남구 신사동,서울특별시 강남구 도산대로11길 5,202112,D,발달상권,2120188,압구정역,11680,서울특별시 강남구 신사동,서울특별시,강남구,신사동
23486420,봉구비어,호프/맥주,1168051000,서울특별시 강남구 신사동,서울특별시 강남구 강남대로158길 21,202112,D,발달상권,2120188,압구정역,11680,서울특별시 강남구 신사동,서울특별시,강남구,신사동
16483724,올데이피자,정통양식/경양식,1168051000,서울특별시 강남구 신사동,서울특별시 강남구 도산대로23길 17,202112,D,발달상권,2120188,압구정역,11680,서울특별시 강남구 신사동,서울특별시,강남구,신사동
22070797,오조이자카야,기타일반유흥주점,1168051000,서울특별시 강남구 신사동,서울특별시 강남구 논현로157길 12,202112,D,발달상권,2120188,압구정역,11680,서울특별시 강남구 신사동,서울특별시,강남구,신사동
20378204,콰이,중국음식/중국집,1168051000,서울특별시 강남구 신사동,서울특별시 강남구 강남대로162길 41-20,202112,D,발달상권,2120188,압구정역,11680,서울특별시 강남구 신사동,서울특별시,강남구,신사동
20018230,유쾌한접시,한식/백반/한정식,1168051000,서울특별시 강남구 신사동,서울특별시 강남구 도산대로1길 16,202112,D,발달상권,2120188,압구정역,11680,서울특별시 강남구 신사동,서울특별시,강남구,신사동
23317326,맥도날드신사역점,패스트푸드,1168051000,서울특별시 강남구 신사동,서울특별시 강남구 도산대로 123,202112,D,발달상권,2120188,압구정역,11680,서울특별시 강남구 신사동,서울특별시,강남구,신사동
20076700,룰라톤,정통양식/경양식,1168051000,서울특별시 강남구 신사동,서울특별시 강남구 압구정로4길 13-9,202112,D,발달상권,2120188,압구정역,11680,서울특별시 강남구 신사동,서울특별시,강남구,신사동
20562214,Millis&Coffee,피자전문,1168051000,서울특별시 강남구 신사동,서울특별시 강남구 논현로175길 15,202112,D,발달상권,2120188,압구정역,11680,서울특별시 강남구 신사동,서울특별시,강남구,신사동
20375313,강남떡집,떡전문,1168051000,서울특별시 강남구 신사동,서울특별시 강남구 압구정로2길 46,202112,D,발달상권,2120188,압구정역,11680,서울특별시 강남구 신사동,서울특별시,강남구,신사동
20613511,커피빈,커피전문점/카페/다방,1168051000,서울특별시 강남구 신사동,서울특별시 강남구 논현로167길 9,202112,D,발달상권,2120188,압구정역,11680,서울특별시 강남구 신사동,서울특별시,강남구,신사동
16430973,야스노야지로,갈비/삼겹살,1168051000,서울특별시 강남구 신사동,서울특별시 강남구 논현로163길 13-5,202112,D,발달상권,2120188,압구정역,11680,서울특별시 강남구 신사동,서울특별시,강남구,신사동
23372248,리틀인디아,정통양식/경양식,1168051000,서울특별시 강남구 신사동,서울특별시 강남구 압구정로10길 43,202112,D,발달상권,2120188,압구정역,11680,서울특별시 강남구 신사동,서울특별시,강남구,신사동
20027318,해남집,한식/백반/한정식,1168051000,서울특별시 강남구 신사동,서울특별시 강남구 강남대로160길 10,202112,D,발달상권,2120188,압구정역,11680,서울특별시 강남구 신사동,서울특별시,강남구,신사동
5245364,샤블리스,빠/카페/스탠드빠,1168051000,서울특별시 강남구 신사동,서울특별시 강남구 강남대로152길 31,202112,D,발달상권,2120188,압구정역,11680,서울특별시 강남구 신사동,서울특별시,강남구,신사동
16421591,순수치킨,후라이드/양념치킨,1168051000,서울특별시 강남구 신사동,서울특별시 강남구 강남대로156길 31-9,202112,D,발달상권,2120188,압구정역,11680,서울특별시 강남구 신사동,서울특별시,강남구,신사동
16954676,소진담,커피전문점/카페/다방,1168051000,서울특별시 강남구 신사동,서울특별시 강남구 논현로161길 51,202112,D,발달상권,2120188,압구정역,11680,서울특별시 강남구 신사동,서울특별시,강남구,신사동
16341864,데노체,기타고기요리,1168051000,서울특별시 강남구 신사동,서울특별시 강남구 압구정로2길 46,202112,D,발달상권,2120188,압구정역,11680,서울특별시 강남구 신사동,서울특별시,강남구,신사동
16363948,콤마22,제과점,1168051000,서울특별시 강남구 신사동,서울특별시 강남구 논현로153길 20-1,202112,D,발달상권,2120188,압구정역,11680,서울특별시 강남구 신사동,서울특별시,강남구,신사동
16361524,빵어스타,제과점,1168051000,서울특별시 강남구 신사동,서울특별시 강남구 도산대로25길 43,202112,D,발달상권,2120188,압구정역,11680,서울특별시 강남구 신사동,서울특별시,강남구,신사동
16318227,온기정,음식점-일식,1168051000,서울특별시 강남구 신사동,서울특별시 강남구 압구정로4길 13-9,202112,D,발달상권,2120188,압구정역,11680,서울특별시 강남구 신사동,서울특별시,강남구,신사동
16234247,엘피,정통양식/경양식,1168051000,서울특별시 강남구 신사동,서울특별시 강남구 도산대로17길 22,202112,D,발달상권,2120188,압구정역,11680,서울특별시 강남구 신사동,서울특별시,강남구,신사동
25418095,통영마을,정통양식/경양식,1168051000,서울특별시 강남구 신사동,서울특별시 강남구 압구정로28길 13,202112,D,발달상권,2120188,압구정역,11680,서울특별시 강남구 신사동,서울특별시,강남구,신사동
16320016,빌라드뮤리,커피전문점/카페/다방,1168051000,서울특별시 강남구 신사동,서울특별시 강남구 도산대로11길 21,202112,D,발달상권,2120188,압구정역,11680,서울특별시 강남구 신사동,서울특별시,강남구,신사동
16401766,가자,기타고기요리,1168051000,서울특별시 강남구 신사동,서울특별시 강남구 압구정로10길 30-5,202112,D,발달상권,2120188,압구정역,11680,서울특별시 강남구 신사동,서울특별시,강남구,신사동
23200687,모국정서,음식점-일식,1168051000,서울특별시 강남구 신사동,서울특별시 강남구 도산대로25길 5,202112,D,발달상권,2120188,압구정역,11680,서울특별시 강남구 신사동,서울특별시,강남구,신사동
16318132,형훈라멘,음식점-일식,1168051000,서울특별시 강남구 신사동,서울특별시 강남구 강남대로162길 40,202112,D,발달상권,2120188,압구정역,11680,서울특별시 강남구 신사동,서울특별시,강남구,신사동
22500748,페타테,정통양식/경양식,1168051000,서울특별시 강남구 신사동,서울특별시 강남구 압구정로14길 32,202112,D,발달상권,2120188,압구정역,11680,서울특별시 강남구 신사동,서울특별시,강남구,신사동
16230446,스쿨푸드딜리버리,라면김밥분식,1168051000,서울특별시 강남구 신사동,서울특별시 강남구 논현로159길 18,202112,D,발달상권,2120188,압구정역,11680,서울특별시 강남구 신사동,서울특별시,강남구,신사동
16321432,카모메,라면김밥분식,1168051000,서울특별시 강남구 신사동,서울특별시 강남구 압구정로8길 10,202112,D,발달상권,2120188,압구정역,11680,서울특별시 강남구 신사동,서울특별시,강남구,신사동
16325263,꼬끄더그릴,기타고기요리,1168051000,서울특별시 강남구 신사동,서울특별시 강남구 강남대로154길 10,202112,D,발달상권,2120188,압구정역,11680,서울특별시 강남구 신사동,서울특별시,강남구,신사동
16427342,서른커피,커피전문점/카페/다방,1168051000,서울특별시 강남구 신사동,서울특별시 강남구 논현로151길 15,202112,D,발달상권,2120188,압구정역,11680,서울특별시 강남구 신사동,서울특별시,강남구,신사동
16296030,차돌소풍마을,갈비/삼겹살,1168051000,서울특별시 강남구 신사동,서울특별시 강남구 압구정로14길 6,202112,D,발달상권,2120188,압구정역,11680,서울특별시 강남구 신사동,서울특별시,강남구,신사동
16228298,유가네닭갈비,닭갈비전문,1168051000,서울특별시 강남구 신사동,서울특별시 강남구 강남대로152길 34,202112,D,발달상권,2120188,압구정역,11680,서울특별시 강남구 신사동,서울특별시,강남구,신사동
16419626,제이오에프엔비,기타고기요리,1168051000,서울특별시 강남구 신사동,서울특별시 강남구 논현로 831,202112,D,발달상권,2120188,압구정역,11680,서울특별시 강남구 신사동,서울특별시,강남구,신사동
16325807,칙피스,기타전문서양음식점,1168051000,서울특별시 강남구 신사동,서울특별시 강남구 강남대로152길 69,202112,D,발달상권,2120188,압구정역,11680,서울특별시 강남구 신사동,서울특별시,강남구,신사동
16214382,서커스뮤직,기타일반유흥주점,1168051000,서울특별시 강남구 신사동,서울특별시 강남구 논현로175길 64,202112,D,발달상권,2120188,압구정역,11680,서울특별시 강남구 신사동,서울특별시,강남구,신사동
16325627,랑꼬뉴,커피전문점/카페/다방,1168051000,서울특별시 강남구 신사동,서울특별시 강남구 도산대로25길 37,202112,D,발달상권,2120188,압구정역,11680,서울특별시 강남구 신사동,서울특별시,강남구,신사동
16343998,오프더키친,음식출장조달,1168051000,서울특별시 강남구 신사동,서울특별시 강남구 압구정로2길 46,202112,D,발달상권,2120188,압구정역,11680,서울특별시 강남구 신사동,서울특별시,강남구,신사동
16142148,배스킨라빈스31,아이스크림판매,1168051000,서울특별시 강남구 신사동,서울특별시 강남구 도산대로11길 15,202112,D,발달상권,2120188,압구정역,11680,서울특별시 강남구 신사동,서울특별시,강남구,신사동
16213848,인딕슬로우,정통양식/경양식,1168051000,서울특별시 강남구 신사동,서울특별시 강남구 압구정로4길 13,202112,D,발달상권,2120188,압구정역,11680,서울특별시 강남구 신사동,서울특별시,강남구,신사동
16662718,정성찬,한식/백반/한정식,1168051000,서울특별시 강남구 신사동,서울특별시 강남구 논현로157길 9,202112,D,발달상권,2120188,압구정역,11680,서울특별시 강남구 신사동,서울특별시,강남구,신사동
16540778,피르마,커피전문점/카페/다방,1168051000,서울특별시 강남구 신사동,서울특별시 강남구 논현로153길 28,202112,D,발달상권,2120188,압구정역,11680,서울특별시 강남구 신사동,서울특별시,강남구,신사동
16270185,카페보스,커피전문점/카페/다방,1168051000,서울특별시 강남구 신사동,서울특별시 강남구 도산대로 159,202112,D,발달상권,2120188,압구정역,11680,서울특별시 강남구 신사동,서울특별시,강남구,신사동
16479241,신사만장어,민물장어전문,1168051000,서울특별시 강남구 신사동,서울특별시 강남구 도산대로1길 10,202112,D,발달상권,2120188,압구정역,11680,서울특별시 강남구 신사동,서울특별시,강남구,신사동
25476685,대박삽겹살,갈비/삼겹살,1168051000,서울특별시 강남구 신사동,서울특별시 강남구 논현로161길 16,202112,D,발달상권,2120188,압구정역,11680,서울특별시 강남구 신사동,서울특별시,강남구,신사동
16360599,취향의공간,기타고기요리,1168051000,서울특별시 강남구 신사동,서울특별시 강남구 도산대로1길 16,202112,D,발달상권,2120188,압구정역,11680,서울특별시 강남구 신사동,서울특별시,강남구,신사동
16366627,티케이크리에이티브그룹,제과점,1168051000,서울특별시 강남구 신사동,서울특별시 강남구 도산대로23길 5,202112,D,발달상권,2120188,압구정역,11680,서울특별시 강남구 신사동,서울특별시,강남구,신사동
23167059,마일스톤,패스트푸드,1168051000,서울특별시 강남구 신사동,서울특별시 강남구 논현로159길 49,202112,D,발달상권,2120188,압구정역,11680,서울특별시 강남구 신사동,서울특별시,강남구,신사동
16360365,컨버터,정통양식/경양식,1168051000,서울특별시 강남구 신사동,서울특별시 강남구 강남대로156길 12,202112,D,발달상권,2120188,압구정역,11680,서울특별시 강남구 신사동,서울특별시,강남구,신사동
16567837,디투앤디,호프/맥주,1168051000,서울특별시 강남구 신사동,서울특별시 강남구 논현로153길 23,202112,D,발달상권,2120188,압구정역,11680,서울특별시 강남구 신사동,서울특별시,강남구,신사동
16467747,바오밥,커피전문점/카페/다방,1168051000,서울특별시 강남구 신사동,서울특별시 강남구 도산대로17길 10,202112,D,발달상권,2120188,압구정역,11680,서울특별시 강남구 신사동,서울특별시,강남구,신사동
20024967,화사랑,정통양식/경양식,1168051000,서울특별시 강남구 신사동,서울특별시 강남구 논현로175길 25,202112,D,발달상권,2120188,압구정역,11680,서울특별시 강남구 신사동,서울특별시,강남구,신사동
17170389,텔러스9.5,정통양식/경양식,1168051000,서울특별시 강남구 신사동,서울특별시 강남구 도산대로 153,202112,D,발달상권,2120188,압구정역,11680,서울특별시 강남구 신사동,서울특별시,강남구,신사동
17166285,곤조스시,음식점-초밥전문,1168051000,서울특별시 강남구 신사동,서울특별시 강남구 압구정로28길 22-5,202112,D,발달상권,2120188,압구정역,11680,서울특별시 강남구 신사동,서울특별시,강남구,신사동
17120661,징관청훠궈,중국음식/중국집,1168051000,서울특별시 강남구 신사동,서울특별시 강남구 강남대로156길 35,202112,D,발달상권,2120188,압구정역,11680,서울특별시 강남구 신사동,서울특별시,강남구,신사동
17179929,교대이층집,한식/백반/한정식,1168051000,서울특별시 강남구 신사동,서울특별시 강남구 강남대로152길 17,202112,D,발달상권,2120188,압구정역,11680,서울특별시 강남구 신사동,서울특별시,강남구,신사동
17168947,코지아일랜드,한식/백반/한정식,1168051000,서울특별시 강남구 신사동,서울특별시 강남구 가로수길 31-5,202112,D,발달상권,2120188,압구정역,11680,서울특별시 강남구 신사동,서울특별시,강남구,신사동
17170862,윤잇,한식/백반/한정식,1168051000,서울특별시 강남구 신사동,서울특별시 강남구 논현로159길 27,202112,D,발달상권,2120188,압구정역,11680,서울특별시 강남구 신사동,서울특별시,강남구,신사동
17166507,세계일주-고두비,정통양식/경양식,1168051000,서울특별시 강남구 신사동,서울특별시 강남구 논현로159길 46-5,202112,D,발달상권,2120188,압구정역,11680,서울특별시 강남구 신사동,서울특별시,강남구,신사동
17168521,백반의장미,한식/백반/한정식,1168051000,서울특별시 강남구 신사동,서울특별시 강남구 압구정로28길 22-5,202112,D,발달상권,2120188,압구정역,11680,서울특별시 강남구 신사동,서울특별시,강남구,신사동
14078046,마일스톤커피로스터스,커피전문점/카페/다방,1168051000,서울특별시 강남구 신사동,서울특별시 강남구 도산대로17길 44,202112,D,발달상권,2120188,압구정역,11680,서울특별시 강남구 신사동,서울특별시,강남구,신사동
28428540,코코로키친,정통양식/경양식,1168051000,서울특별시 강남구 신사동,서울특별시 강남구 도산대로17길 8,202112,D,발달상권,2120188,압구정역,11680,서울특별시 강남구 신사동,서울특별시,강남구,신사동
28254789,JS가든[압구정점],중국음식/중국집,1168051000,서울특별시 강남구 신사동,서울특별시 강남구 논현로 841,202112,D,발달상권,2120188,압구정역,11680,서울특별시 강남구 신사동,서울특별시,강남구,신사동
14063923,퀸포차,소주방/포장마차,1168051000,서울특별시 강남구 신사동,서울특별시 강남구 강남대로158길 12,202112,D,발달상권,2120188,압구정역,11680,서울특별시 강남구 신사동,서울특별시,강남구,신사동
11761568,좋은자리,호프/맥주,1168051000,서울특별시 강남구 신사동,서울특별시 강남구 강남대로152길 67,202112,D,발달상권,2120188,압구정역,11680,서울특별시 강남구 신사동,서울특별시,강남구,신사동
20391352,산호,한식/백반/한정식,1168051000,서울특별시 강남구 신사동,서울특별시 강남구 논현로175길 111,202112,D,발달상권,2120188,압구정역,11680,서울특별시 강남구 신사동,서울특별시,강남구,신사동
14160034,에맥앤볼리오스,아이스크림판매,1168051000,서울특별시 강남구 신사동,서울특별시 강남구 도산대로15길 32,202112,D,발달상권,2120188,압구정역,11680,서울특별시 강남구 신사동,서울특별시,강남구,신사동
23359673,하하도시락,라면김밥분식,1168051000,서울특별시 강남구 신사동,서울특별시 강남구 논현로151길 24,202112,D,발달상권,2120188,압구정역,11680,서울특별시 강남구 신사동,서울특별시,강남구,신사동
13429394,캘리스코히바린압구정역점,음식점-일식,1168051000,서울특별시 강남구 신사동,서울특별시 강남구 압구정로28길 22,202112,D,발달상권,2120188,압구정역,11680,서울특별시 강남구 신사동,서울특별시,강남구,신사동
25390448,Qulznos,커피전문점/카페/다방,1168051000,서울특별시 강남구 신사동,서울특별시 강남구 압구정로 144,202112,D,발달상권,2120188,압구정역,11680,서울특별시 강남구 신사동,서울특별시,강남구,신사동
20014269,몽크투바흐,정통양식/경양식,1168051000,서울특별시 강남구 신사동,서울특별시 강남구 도산대로27길 21,202112,D,발달상권,2120188,압구정역,11680,서울특별시 강남구 신사동,서울특별시,강남구,신사동
28514618,마치래빗샐러드가로수길본점,커피전문점/카페/다방,1168051000,서울특별시 강남구 신사동,서울특별시 강남구 논현로153길 45,202112,D,발달상권,2120188,압구정역,11680,서울특별시 강남구 신사동,서울특별시,강남구,신사동
15984714,카페아토제이드,커피전문점/카페/다방,1168051000,서울특별시 강남구 신사동,서울특별시 강남구 압구정로18길 8,202112,D,발달상권,2120188,압구정역,11680,서울특별시 강남구 신사동,서울특별시,강남구,신사동
22570008,세흠니르,정통양식/경양식,1168051000,서울특별시 강남구 신사동,서울특별시 강남구 도산대로17길 6,202112,D,발달상권,2120188,압구정역,11680,서울특별시 강남구 신사동,서울특별시,강남구,신사동
28507334,아트씨컴퍼니,커피전문점/카페/다방,1168051000,서울특별시 강남구 신사동,서울특별시 강남구 가로수길 55-5,202112,D,발달상권,2120188,압구정역,11680,서울특별시 강남구 신사동,서울특별시,강남구,신사동
17178486,립합플래그쉽스토어,한식/백반/한정식,1168051000,서울특별시 강남구 신사동,서울특별시 강남구 압구정로4길 14-14,202112,D,발달상권,2120188,압구정역,11680,서울특별시 강남구 신사동,서울특별시,강남구,신사동
26207463,블랙쪼끼,호프/맥주,1168051000,서울특별시 강남구 신사동,서울특별시 강남구 도산대로11길 5,202112,D,발달상권,2120188,압구정역,11680,서울특별시 강남구 신사동,서울특별시,강남구,신사동
20028519,하코네,정통양식/경양식,1168051000,서울특별시 강남구 신사동,서울특별시 강남구 논현로175길 69,202112,D,발달상권,2120188,압구정역,11680,서울특별시 강남구 신사동,서울특별시,강남구,신사동
20791579,벤스쿠키,정통양식/경양식,1168051000,서울특별시 강남구 신사동,서울특별시 강남구 도산대로11길 33,202112,D,발달상권,2120188,압구정역,11680,서울특별시 강남구 신사동,서울특별시,강남구,신사동
21926015,미도참치신사점,참치전문점,1168051000,서울특별시 강남구 신사동,서울특별시 강남구 강남대로152길 21,202112,D,발달상권,2120188,압구정역,11680,서울특별시 강남구 신사동,서울특별시,강남구,신사동
17148539,오미자스튜디오,한식/백반/한정식,1168051000,서울특별시 강남구 신사동,서울특별시 강남구 도산대로23길 28,202112,D,발달상권,2120188,압구정역,11680,서울특별시 강남구 신사동,서울특별시,강남구,신사동
23485856,낭만옵빠,한식/백반/한정식,1168051000,서울특별시 강남구 신사동,서울특별시 강남구 강남대로156길 13,202112,D,발달상권,2120188,압구정역,11680,서울특별시 강남구 신사동,서울특별시,강남구,신사동
16587933,코이에,기타일반유흥주점,1168051000,서울특별시 강남구 신사동,서울특별시 강남구 논현로153길 43,202112,D,발달상권,2120188,압구정역,11680,서울특별시 강남구 신사동,서울특별시,강남구,신사동
16588240,에르바,기타전문서양음식점,1168051000,서울특별시 강남구 신사동,서울특별시 강남구 논현로155길 11,202112,D,발달상권,2120188,압구정역,11680,서울특별시 강남구 신사동,서울특별시,강남구,신사동
16584608,언더핑크,커피전문점/카페/다방,1168051000,서울특별시 강남구 신사동,서울특별시 강남구 도산대로15길 24,202112,D,발달상권,2120188,압구정역,11680,서울특별시 강남구 신사동,서울특별시,강남구,신사동
16579322,새들러하우스,커피전문점/카페/다방,1168051000,서울특별시 강남구 신사동,서울특별시 강남구 도산대로17길 10,202112,D,발달상권,2120188,압구정역,11680,서울특별시 강남구 신사동,서울특별시,강남구,신사동
16592137,스타가든,커피전문점/카페/다방,1168051000,서울특별시 강남구 신사동,서울특별시 강남구 논현로163길 17,202112,D,발달상권,2120188,압구정역,11680,서울특별시 강남구 신사동,서울특별시,강남구,신사동
16586772,0000서울,기타전문서양음식점,1168051000,서울특별시 강남구 신사동,서울특별시 강남구 도산대로1길 36,202112,D,발달상권,2120188,압구정역,11680,서울특별시 강남구 신사동,서울특별시,강남구,신사동
16588366,파머스마켓팥집,한식/백반/한정식,1168051000,서울특별시 강남구 신사동,서울특별시 강남구 압구정로28길 25,202112,D,발달상권,2120188,압구정역,11680,서울특별시 강남구 신사동,서울특별시,강남구,신사동
16589253,무아,음식점-일식,1168051000,서울특별시 강남구 신사동,서울특별시 강남구 논현로151길 33,202112,D,발달상권,2120188,압구정역,11680,서울특별시 강남구 신사동,서울특별시,강남구,신사동
16583501,EBT,기타전문서양음식점,1168051000,서울특별시 강남구 신사동,서울특별시 강남구 논현로157길 55,202112,D,발달상권,2120188,압구정역,11680,서울특별시 강남구 신사동,서울특별시,강남구,신사동
16593766,대복우육면,중국음식/중국집,1168051000,서울특별시 강남구 신사동,서울특별시 강남구 강남대로162길 21,202112,D,발달상권,2120188,압구정역,11680,서울특별시 강남구 신사동,서울특별시,강남구,신사동
16585598,평화다방,한식/백반/한정식,1168051000,서울특별시 강남구 신사동,서울특별시 강남구 강남대로158길 45,202112,D,발달상권,2120188,압구정역,11680,서울특별시 강남구 신사동,서울특별시,강남구,신사동
16582114,효계,한식/백반/한정식,1168051000,서울특별시 강남구 신사동,서울특별시 강남구 도산대로15길 15,202112,D,발달상권,2120188,압구정역,11680,서울특별시 강남구 신사동,서울특별시,강남구,신사동
16584330,고래감자탕,해장국/감자탕,1168051000,서울특별시 강남구 신사동,서울특별시 강남구 압구정로2길 46,202112,D,발달상권,2120188,압구정역,11680,서울특별시 강남구 신사동,서울특별시,강남구,신사동
16591794,도산분식,라면김밥분식,1168051000,서울특별시 강남구 신사동,서울특별시 강남구 강남대로162길 35,202112,D,발달상권,2120188,압구정역,11680,서울특별시 강남구 신사동,서울특별시,강남구,신사동
16593768,미니골드,음식점-일식,1168051000,서울특별시 강남구 신사동,서울특별시 강남구 압구정로 108,202112,D,발달상권,2120188,압구정역,11680,서울특별시 강남구 신사동,서울특별시,강남구,신사동
16591493,40DAYS,기타전문서양음식점,1168051000,서울특별시 강남구 신사동,서울특별시 강남구 강남대로158길 16,202112,D,발달상권,2120188,압구정역,11680,서울특별시 강남구 신사동,서울특별시,강남구,신사동
16581884,이태리갓포분이네,빠/카페/스탠드빠,1168051000,서울특별시 강남구 신사동,서울특별시 강남구 논현로167길 15,202112,D,발달상권,2120188,압구정역,11680,서울특별시 강남구 신사동,서울특별시,강남구,신사동
16592579,마치마치,커피전문점/카페/다방,1168051000,서울특별시 강남구 신사동,서울특별시 강남구 도산대로11길 25,202112,D,발달상권,2120188,압구정역,11680,서울특별시 강남구 신사동,서울특별시,강남구,신사동
16590246,빠레뜨한남,기타전문서양음식점,1168051000,서울특별시 강남구 신사동,서울특별시 강남구 논현로153길 61,202112,D,발달상권,2120188,압구정역,11680,서울특별시 강남구 신사동,서울특별시,강남구,신사동
16577999,청초수물회섭국,횟집,1168051000,서울특별시 강남구 신사동,서울특별시 강남구 압구정로28길 24,202112,D,발달상권,2120188,압구정역,11680,서울특별시 강남구 신사동,서울특별시,강남구,신사동
16577977,프리파킹,빠/카페/스탠드빠,1168051000,서울특별시 강남구 신사동,서울특별시 강남구 강남대로152길 33,202112,D,발달상권,2120188,압구정역,11680,서울특별시 강남구 신사동,서울특별시,강남구,신사동
25339322,레스투고,라면김밥분식,1168051000,서울특별시 강남구 신사동,서울특별시 강남구 압구정로 108,202112,D,발달상권,2120188,압구정역,11680,서울특별시 강남구 신사동,서울특별시,강남구,신사동
16639789,발리와,호프/맥주,1168051000,서울특별시 강남구 신사동,서울특별시 강남구 압구정로10길 30-8,202112,D,발달상권,2120188,압구정역,11680,서울특별시 강남구 신사동,서울특별시,강남구,신사동
25121450,이랜드파크외식압구정,한식/백반/한정식,1168051000,서울특별시 강남구 신사동,서울특별시 강남구 압구정로 152,202112,D,발달상권,2120188,압구정역,11680,서울특별시 강남구 신사동,서울특별시,강남구,신사동
26121547,디토,한식/백반/한정식,1168051000,서울특별시 강남구 신사동,서울특별시 강남구 가로수길 25,202112,D,발달상권,2120188,압구정역,11680,서울특별시 강남구 신사동,서울특별시,강남구,신사동
16634288,아이뽀유,동남아음식전문점,1168051000,서울특별시 강남구 신사동,서울특별시 강남구 도산대로 153,202112,D,발달상권,2120188,압구정역,11680,서울특별시 강남구 신사동,서울특별시,강남구,신사동
16639761,경성밥상,한식/백반/한정식,1168051000,서울특별시 강남구 신사동,서울특별시 강남구 압구정로28길 22-5,202112,D,발달상권,2120188,압구정역,11680,서울특별시 강남구 신사동,서울특별시,강남구,신사동
26305606,에쓰푸드존쿡델리미트시그,한식/백반/한정식,1168051000,서울특별시 강남구 신사동,서울특별시 강남구 논현로175길 38,202112,D,발달상권,2120188,압구정역,11680,서울특별시 강남구 신사동,서울특별시,강남구,신사동
16634683,아일어소시에이츠,한식/백반/한정식,1168051000,서울특별시 강남구 신사동,서울특별시 강남구 논현로153길 41,202112,D,발달상권,2120188,압구정역,11680,서울특별시 강남구 신사동,서울특별시,강남구,신사동
17811107,파운드,기타전문서양음식점,1168051000,서울특별시 강남구 신사동,서울특별시 강남구 강남대로162길 27-16,202112,D,발달상권,2120188,압구정역,11680,서울특별시 강남구 신사동,서울특별시,강남구,신사동
25317601,몽리,기타일반유흥주점,1168051000,서울특별시 강남구 신사동,서울특별시 강남구 압구정로10길 30-7,202112,D,발달상권,2120188,압구정역,11680,서울특별시 강남구 신사동,서울특별시,강남구,신사동
17162860,위펀,한식/백반/한정식,1168051000,서울특별시 강남구 신사동,서울특별시 강남구 논현로175길 75,202112,D,발달상권,2120188,압구정역,11680,서울특별시 강남구 신사동,서울특별시,강남구,신사동
17150128,마히나비건테이블,정통양식/경양식,1168051000,서울특별시 강남구 신사동,서울특별시 강남구 논현로175길 75,202112,D,발달상권,2120188,압구정역,11680,서울특별시 강남구 신사동,서울특별시,강남구,신사동
17101381,세라젬카페오가다,커피전문점/카페/다방,1168051000,서울특별시 강남구 신사동,서울특별시 강남구 압구정로 140,202112,D,발달상권,2120188,압구정역,11680,서울특별시 강남구 신사동,서울특별시,강남구,신사동
23361695,우시야,한식/백반/한정식,1168051000,서울특별시 강남구 신사동,서울특별시 강남구 논현로159길 11,202112,D,발달상권,2120188,압구정역,11680,서울특별시 강남구 신사동,서울특별시,강남구,신사동
17095154,창고43,기타고기요리,1168051000,서울특별시 강남구 신사동,서울특별시 강남구 논현로 839,202112,D,발달상권,2120188,압구정역,11680,서울특별시 강남구 신사동,서울특별시,강남구,신사동
20510165,논골소반,한식/백반/한정식,1168051000,서울특별시 강남구 신사동,서울특별시 강남구 논현로157길 15,202112,D,발달상권,2120188,압구정역,11680,서울특별시 강남구 신사동,서울특별시,강남구,신사동
17143073,테이스티나인,한식/백반/한정식,1168051000,서울특별시 강남구 신사동,서울특별시 강남구 강남대로160길 28,202112,D,발달상권,2120188,압구정역,11680,서울특별시 강남구 신사동,서울특별시,강남구,신사동
25991834,파리크라상파스쿠찌압구정역2호,제과점,1168051000,서울특별시 강남구 신사동,서울특별시 강남구 압구정로 162,202112,D,발달상권,2120188,압구정역,11680,서울특별시 강남구 신사동,서울특별시,강남구,신사동
17174098,비스트로하이드,정통양식/경양식,1168051000,서울특별시 강남구 신사동,서울특별시 강남구 논현로159길 47,202112,D,발달상권,2120188,압구정역,11680,서울특별시 강남구 신사동,서울특별시,강남구,신사동
17149860,로바타탄요,한식/백반/한정식,1168051000,서울특별시 강남구 신사동,서울특별시 강남구 압구정로28길 49,202112,D,발달상권,2120188,압구정역,11680,서울특별시 강남구 신사동,서울특별시,강남구,신사동
17029815,디.베티,커피전문점/카페/다방,1168051000,서울특별시 강남구 신사동,서울특별시 강남구 도산대로11길 31-8,202112,D,발달상권,2120188,압구정역,11680,서울특별시 강남구 신사동,서울특별시,강남구,신사동
20400858,이디야커피,커피전문점/카페/다방,1168051000,서울특별시 강남구 신사동,서울특별시 강남구 논현로167길 16,202112,D,발달상권,2120188,압구정역,11680,서울특별시 강남구 신사동,서울특별시,강남구,신사동
17163132,갓포준×에스테반,음식점-일식,1168051000,서울특별시 강남구 신사동,서울특별시 강남구 논현로163길 10,202112,D,발달상권,2120188,압구정역,11680,서울특별시 강남구 신사동,서울특별시,강남구,신사동
17139563,레볼루션펍,호프/맥주,1168051000,서울특별시 강남구 신사동,서울특별시 강남구 압구정로10길 29,202112,D,발달상권,2120188,압구정역,11680,서울특별시 강남구 신사동,서울특별시,강남구,신사동
20288456,고디바_,커피전문점/카페/다방,1168051000,서울특별시 강남구 신사동,서울특별시 강남구 가로수길 46,202112,D,발달상권,2120188,압구정역,11680,서울특별시 강남구 신사동,서울특별시,강남구,신사동
17028079,인디펜던트커피,커피전문점/카페/다방,1168051000,서울특별시 강남구 신사동,서울특별시 강남구 강남대로156길 49,202112,D,발달상권,2120188,압구정역,11680,서울특별시 강남구 신사동,서울특별시,강남구,신사동
25256027,미스터피자압구정점,피자전문,1168051000,서울특별시 강남구 신사동,서울특별시 강남구 압구정로20길 7,202112,D,발달상권,2120188,압구정역,11680,서울특별시 강남구 신사동,서울특별시,강남구,신사동
16972023,오드리,정통양식/경양식,1168051000,서울특별시 강남구 신사동,서울특별시 강남구 도산대로25길 15-3,202112,D,발달상권,2120188,압구정역,11680,서울특별시 강남구 신사동,서울특별시,강남구,신사동
16973645,싸다김밥,라면김밥분식,1168051000,서울특별시 강남구 신사동,서울특별시 강남구 논현로171길 4,202112,D,발달상권,2120188,압구정역,11680,서울특별시 강남구 신사동,서울특별시,강남구,신사동
16983022,빌라쥬11팩토리봉수아,정통양식/경양식,1168051000,서울특별시 강남구 신사동,서울특별시 강남구 압구정로14길 42,202112,D,발달상권,2120188,압구정역,11680,서울특별시 강남구 신사동,서울특별시,강남구,신사동
23229313,게스후,정통양식/경양식,1168051000,서울특별시 강남구 신사동,서울특별시 강남구 논현로 819,202112,D,발달상권,2120188,압구정역,11680,서울특별시 강남구 신사동,서울특별시,강남구,신사동
16990542,근식당,한식/백반/한정식,1168051000,서울특별시 강남구 신사동,서울특별시 강남구 압구정로28길 22-6,202112,D,발달상권,2120188,압구정역,11680,서울특별시 강남구 신사동,서울특별시,강남구,신사동
16991850,오월의가로수,한식/백반/한정식,1168051000,서울특별시 강남구 신사동,서울특별시 강남구 논현로153길 54,202112,D,발달상권,2120188,압구정역,11680,서울특별시 강남구 신사동,서울특별시,강남구,신사동
16979230,병철이네육고기,한식/백반/한정식,1168051000,서울특별시 강남구 신사동,서울특별시 강남구 도산대로25길 36,202112,D,발달상권,2120188,압구정역,11680,서울특별시 강남구 신사동,서울특별시,강남구,신사동
16986340,프레그릿가로수,한식/백반/한정식,1168051000,서울특별시 강남구 신사동,서울특별시 강남구 논현로159길 48-3,202112,D,발달상권,2120188,압구정역,11680,서울특별시 강남구 신사동,서울특별시,강남구,신사동
16987812,로브니,정통양식/경양식,1168051000,서울특별시 강남구 신사동,서울특별시 강남구 도산대로 107,202112,D,발달상권,2120188,압구정역,11680,서울특별시 강남구 신사동,서울특별시,강남구,신사동
16980244,콤펙트,한식/백반/한정식,1168051000,서울특별시 강남구 신사동,서울특별시 강남구 도산대로25길 46,202112,D,발달상권,2120188,압구정역,11680,서울특별시 강남구 신사동,서울특별시,강남구,신사동
16986659,카페,정통양식/경양식,1168051000,서울특별시 강남구 신사동,서울특별시 강남구 가로수길 31-5,202112,D,발달상권,2120188,압구정역,11680,서울특별시 강남구 신사동,서울특별시,강남구,신사동
16987323,CEO의탄생,패스트푸드,1168051000,서울특별시 강남구 신사동,서울특별시 강남구 강남대로156길 20,202112,D,발달상권,2120188,압구정역,11680,서울특별시 강남구 신사동,서울특별시,강남구,신사동
16992118,피자네버슬립스,피자전문,1168051000,서울특별시 강남구 신사동,서울특별시 강남구 도산대로19길 50,202112,D,발달상권,2120188,압구정역,11680,서울특별시 강남구 신사동,서울특별시,강남구,신사동
16992079,빠숑,정통양식/경양식,1168051000,서울특별시 강남구 신사동,서울특별시 강남구 도산대로25길 15,202112,D,발달상권,2120188,압구정역,11680,서울특별시 강남구 신사동,서울특별시,강남구,신사동
16979741,우아시스,한식/백반/한정식,1168051000,서울특별시 강남구 신사동,서울특별시 강남구 강남대로158길 35,202112,D,발달상권,2120188,압구정역,11680,서울특별시 강남구 신사동,서울특별시,강남구,신사동
28360695,푸디스엘엔에프아이디병원지점,구내식당/자급식음식점,1168051000,서울특별시 강남구 신사동,서울특별시 강남구 논현로175길 40,202112,D,발달상권,2120188,압구정역,11680,서울특별시 강남구 신사동,서울특별시,강남구,신사동
25523194,PAVOX,정통양식/경양식,1168051000,서울특별시 강남구 신사동,서울특별시 강남구 논현로151길 17,202112,D,발달상권,2120188,압구정역,11680,서울특별시 강남구 신사동,서울특별시,강남구,신사동
20571694,일도씨곱창신사점,곱창/양구이전문,1168051000,서울특별시 강남구 신사동,서울특별시 강남구 도산대로17길 8,202112,D,발달상권,2120188,압구정역,11680,서울특별시 강남구 신사동,서울특별시,강남구,신사동
23293715,존쿡델리미트시그니처,정통양식/경양식,1168051000,서울특별시 강남구 신사동,서울특별시 강남구 논현로175길 38,202112,D,발달상권,2120188,압구정역,11680,서울특별시 강남구 신사동,서울특별시,강남구,신사동
20561857,희래등,중국음식/중국집,1168051000,서울특별시 강남구 신사동,서울특별시 강남구 도산대로1길 72,202112,D,발달상권,2120188,압구정역,11680,서울특별시 강남구 신사동,서울특별시,강남구,신사동
20024224,북경반점,중국음식/중국집,1168051000,서울특별시 강남구 신사동,서울특별시 강남구 강남대로152길 14,202112,D,발달상권,2120188,압구정역,11680,서울특별시 강남구 신사동,서울특별시,강남구,신사동
17188972,신사포장마차그때그자리에서,소주방/포장마차,1168051000,서울특별시 강남구 신사동,서울특별시 강남구 강남대로152길 23,202112,D,발달상권,2120188,압구정역,11680,서울특별시 강남구 신사동,서울특별시,강남구,신사동
17248217,상석,음식점-일식,1168051000,서울특별시 강남구 신사동,서울특별시 강남구 논현로159길 15,202112,D,발달상권,2120188,압구정역,11680,서울특별시 강남구 신사동,서울특별시,강남구,신사동
17262107,도가횟집,횟집,1168051000,서울특별시 강남구 신사동,서울특별시 강남구 압구정로22길 29,202112,D,발달상권,2120188,압구정역,11680,서울특별시 강남구 신사동,서울특별시,강남구,신사동
17265623,복싱타이거,빠/카페/스탠드빠,1168051000,서울특별시 강남구 신사동,서울특별시 강남구 강남대로156길 13,202112,D,발달상권,2120188,압구정역,11680,서울특별시 강남구 신사동,서울특별시,강남구,신사동
17263178,리커테이션,빠/카페/스탠드빠,1168051000,서울특별시 강남구 신사동,서울특별시 강남구 압구정로10길 13,202112,D,발달상권,2120188,압구정역,11680,서울특별시 강남구 신사동,서울특별시,강남구,신사동
17262516,KT,빠/카페/스탠드빠,1168051000,서울특별시 강남구 신사동,서울특별시 강남구 도산대로25길 46,202112,D,발달상권,2120188,압구정역,11680,서울특별시 강남구 신사동,서울특별시,강남구,신사동
17261376,비비드,제과점,1168051000,서울특별시 강남구 신사동,서울특별시 강남구 강남대로152길 31,202112,D,발달상권,2120188,압구정역,11680,서울특별시 강남구 신사동,서울특별시,강남구,신사동
17259182,시시쿠시,기타일반유흥주점,1168051000,서울특별시 강남구 신사동,서울특별시 강남구 강남대로156길 8,202112,D,발달상권,2120188,압구정역,11680,서울특별시 강남구 신사동,서울특별시,강남구,신사동
17264903,와이스파치오,기타전문서양음식점,1168051000,서울특별시 강남구 신사동,서울특별시 강남구 도산대로11길 11,202112,D,발달상권,2120188,압구정역,11680,서울특별시 강남구 신사동,서울특별시,강남구,신사동
17256356,명동할머니국수,국수/만두/칼국수,1168051000,서울특별시 강남구 신사동,서울특별시 강남구 도산대로27길 37,202112,D,발달상권,2120188,압구정역,11680,서울특별시 강남구 신사동,서울특별시,강남구,신사동
17256633,레호이,동남아음식전문점,1168051000,서울특별시 강남구 신사동,서울특별시 강남구 강남대로162길 21,202112,D,발달상권,2120188,압구정역,11680,서울특별시 강남구 신사동,서울특별시,강남구,신사동
17261907,PAL,커피전문점/카페/다방,1168051000,서울특별시 강남구 신사동,서울특별시 강남구 논현로157길 28,202112,D,발달상권,2120188,압구정역,11680,서울특별시 강남구 신사동,서울특별시,강남구,신사동
17260910,트리타,커피전문점/카페/다방,1168051000,서울특별시 강남구 신사동,서울특별시 강남구 강남대로162길 41-22,202112,D,발달상권,2120188,압구정역,11680,서울특별시 강남구 신사동,서울특별시,강남구,신사동
17257874,카페엣,커피전문점/카페/다방,1168051000,서울특별시 강남구 신사동,서울특별시 강남구 압구정로10길 30-5,202112,D,발달상권,2120188,압구정역,11680,서울특별시 강남구 신사동,서울특별시,강남구,신사동
17261480,신사전,파전전문,1168051000,서울특별시 강남구 신사동,서울특별시 강남구 도산대로11길 18,202112,D,발달상권,2120188,압구정역,11680,서울특별시 강남구 신사동,서울특별시,강남구,신사동
17204356,바램2,기타일반유흥주점,1168051000,서울특별시 강남구 신사동,서울특별시 강남구 논현로157길 12,202112,D,발달상권,2120188,압구정역,11680,서울특별시 강남구 신사동,서울특별시,강남구,신사동
17248987,캘리포니아호프치킨,후라이드/양념치킨,1168051000,서울특별시 강남구 신사동,서울특별시 강남구 압구정로4길 12,202112,D,발달상권,2120188,압구정역,11680,서울특별시 강남구 신사동,서울특별시,강남구,신사동
17240797,꼬리치는삼겹살,한식/백반/한정식,1168051000,서울특별시 강남구 신사동,서울특별시 강남구 압구정로28길 22-5,202112,D,발달상권,2120188,압구정역,11680,서울특별시 강남구 신사동,서울특별시,강남구,신사동
17240554,착한끼,한식/백반/한정식,1168051000,서울특별시 강남구 신사동,서울특별시 강남구 압구정로28길 22-5,202112,D,발달상권,2120188,압구정역,11680,서울특별시 강남구 신사동,서울특별시,강남구,신사동
17209273,텐션,룸살롱/단란주점,1168051000,서울특별시 강남구 신사동,서울특별시 강남구 강남대로 626,202112,D,발달상권,2120188,압구정역,11680,서울특별시 강남구 신사동,서울특별시,강남구,신사동
17255111,카페윤잇,커피전문점/카페/다방,1168051000,서울특별시 강남구 신사동,서울특별시 강남구 논현로159길 27,202112,D,발달상권,2120188,압구정역,11680,서울특별시 강남구 신사동,서울특별시,강남구,신사동
17251423,로얄마카롱,커피전문점/카페/다방,1168051000,서울특별시 강남구 신사동,서울특별시 강남구 도산대로1길 6,202112,D,발달상권,2120188,압구정역,11680,서울특별시 강남구 신사동,서울특별시,강남구,신사동
17243716,신사베베,음식점-일식,1168051000,서울특별시 강남구 신사동,서울특별시 강남구 강남대로158길 10,202112,D,발달상권,2120188,압구정역,11680,서울특별시 강남구 신사동,서울특별시,강남구,신사동
17270688,마이프렌드쎄르지오,동남아음식전문점,1168051000,서울특별시 강남구 신사동,서울특별시 강남구 압구정로2길 46,202112,D,발달상권,2120188,압구정역,11680,서울특별시 강남구 신사동,서울특별시,강남구,신사동
17212599,커피엘사,커피전문점/카페/다방,1168051000,서울특별시 강남구 신사동,서울특별시 강남구 논현로175길 75,202112,D,발달상권,2120188,압구정역,11680,서울특별시 강남구 신사동,서울특별시,강남구,신사동
17199407,브라운돈까스,돈가스전문점,1168051000,서울특별시 강남구 신사동,서울특별시 강남구 압구정로20길 15,202112,D,발달상권,2120188,압구정역,11680,서울특별시 강남구 신사동,서울특별시,강남구,신사동
17239509,매머드익스프레스,한식/백반/한정식,1168051000,서울특별시 강남구 신사동,서울특별시 강남구 논현로 841,202112,D,발달상권,2120188,압구정역,11680,서울특별시 강남구 신사동,서울특별시,강남구,신사동
17497859,유어네이키드치즈,기타전문서양음식점,1168051000,서울특별시 강남구 신사동,서울특별시 강남구 압구정로10길 35-1,202112,D,발달상권,2120188,압구정역,11680,서울특별시 강남구 신사동,서울특별시,강남구,신사동
17438049,청담이상,기타일반유흥주점,1168051000,서울특별시 강남구 신사동,서울특별시 강남구 강남대로156길 36,202112,D,발달상권,2120188,압구정역,11680,서울특별시 강남구 신사동,서울특별시,강남구,신사동
17503244,트라가,기타전문서양음식점,1168051000,서울특별시 강남구 신사동,서울특별시 강남구 압구정로2길 18,202112,D,발달상권,2120188,압구정역,11680,서울특별시 강남구 신사동,서울특별시,강남구,신사동
17438181,호야,기타일반유흥주점,1168051000,서울특별시 강남구 신사동,서울특별시 강남구 압구정로2길 46,202112,D,발달상권,2120188,압구정역,11680,서울특별시 강남구 신사동,서울특별시,강남구,신사동
17437800,계룡장어,민물장어전문,1168051000,서울특별시 강남구 신사동,서울특별시 강남구 강남대로156길 16,202112,D,발달상권,2120188,압구정역,11680,서울특별시 강남구 신사동,서울특별시,강남구,신사동
17496294,라르고템포,한식/백반/한정식,1168051000,서울특별시 강남구 신사동,서울특별시 강남구 도산대로15길 32-10,202112,D,발달상권,2120188,압구정역,11680,서울특별시 강남구 신사동,서울특별시,강남구,신사동
17504122,야키토리묵신사,음식점-일식,1168051000,서울특별시 강남구 신사동,서울특별시 강남구 강남대로152길 23,202112,D,발달상권,2120188,압구정역,11680,서울특별시 강남구 신사동,서울특별시,강남구,신사동
17442466,비반트커피,커피전문점/카페/다방,1168051000,서울특별시 강남구 신사동,서울특별시 강남구 도산대로 121,202112,D,발달상권,2120188,압구정역,11680,서울특별시 강남구 신사동,서울특별시,강남구,신사동
17500921,스시유겐,음식점-일식,1168051000,서울특별시 강남구 신사동,서울특별시 강남구 논현로159길 11,202112,D,발달상권,2120188,압구정역,11680,서울특별시 강남구 신사동,서울특별시,강남구,신사동
17453989,오사카카레콘유,카레전문점,1168051000,서울특별시 강남구 신사동,서울특별시 강남구 강남대로160길 49,202112,D,발달상권,2120188,압구정역,11680,서울특별시 강남구 신사동,서울특별시,강남구,신사동
17446311,프레젠티,정통양식/경양식,1168051000,서울특별시 강남구 신사동,서울특별시 강남구 도산대로11길 31-7,202112,D,발달상권,2120188,압구정역,11680,서울특별시 강남구 신사동,서울특별시,강남구,신사동
17515578,씨엘33,정통양식/경양식,1168051000,서울특별시 강남구 신사동,서울특별시 강남구 강남대로 616,202112,D,발달상권,2120188,압구정역,11680,서울특별시 강남구 신사동,서울특별시,강남구,신사동
17461689,작정,빠/카페/스탠드빠,1168051000,서울특별시 강남구 신사동,서울특별시 강남구 논현로163길 13-4,202112,D,발달상권,2120188,압구정역,11680,서울특별시 강남구 신사동,서울특별시,강남구,신사동
17471278,유아굿컴퍼니,한식/백반/한정식,1168051000,서울특별시 강남구 신사동,서울특별시 강남구 가로수길 55-5,202112,D,발달상권,2120188,압구정역,11680,서울특별시 강남구 신사동,서울특별시,강남구,신사동
17516236,에드엣,기타전문서양음식점,1168051000,서울특별시 강남구 신사동,서울특별시 강남구 압구정로10길 30-9,202112,D,발달상권,2120188,압구정역,11680,서울특별시 강남구 신사동,서울특별시,강남구,신사동
17471344,콤팩트레코드바,한식/백반/한정식,1168051000,서울특별시 강남구 신사동,서울특별시 강남구 논현로157길 28,202112,D,발달상권,2120188,압구정역,11680,서울특별시 강남구 신사동,서울특별시,강남구,신사동
17457746,텅플래니트,커피전문점/카페/다방,1168051000,서울특별시 강남구 신사동,서울특별시 강남구 도산대로11길 31,202112,D,발달상권,2120188,압구정역,11680,서울특별시 강남구 신사동,서울특별시,강남구,신사동
17460619,리폼,한식/백반/한정식,1168051000,서울특별시 강남구 신사동,서울특별시 강남구 압구정로28길 22-5,202112,D,발달상권,2120188,압구정역,11680,서울특별시 강남구 신사동,서울특별시,강남구,신사동
17453311,비비노[BEVINO],정통양식/경양식,1168051000,서울특별시 강남구 신사동,서울특별시 강남구 도산대로17길 39,202112,D,발달상권,2120188,압구정역,11680,서울특별시 강남구 신사동,서울특별시,강남구,신사동
17449129,비스트로앤트로,정통양식/경양식,1168051000,서울특별시 강남구 신사동,서울특별시 강남구 논현로159길 12,202112,D,발달상권,2120188,압구정역,11680,서울특별시 강남구 신사동,서울특별시,강남구,신사동
17472598,필살기,돈가스전문점,1168051000,서울특별시 강남구 신사동,서울특별시 강남구 가로수길 14-3,202112,D,발달상권,2120188,압구정역,11680,서울특별시 강남구 신사동,서울특별시,강남구,신사동
17450264,버거앤프라이즈,패스트푸드,1168051000,서울특별시 강남구 신사동,서울특별시 강남구 논현로175길 15,202112,D,발달상권,2120188,압구정역,11680,서울특별시 강남구 신사동,서울특별시,강남구,신사동
17512310,비비드,제과점,1168051000,서울특별시 강남구 신사동,서울특별시 강남구 도산대로17길 44,202112,D,발달상권,2120188,압구정역,11680,서울특별시 강남구 신사동,서울특별시,강남구,신사동
17506331,책인사,커피전문점/카페/다방,1168051000,서울특별시 강남구 신사동,서울특별시 강남구 도산대로23길 21,202112,D,발달상권,2120188,압구정역,11680,서울특별시 강남구 신사동,서울특별시,강남구,신사동
17506388,획,한식/백반/한정식,1168051000,서울특별시 강남구 신사동,서울특별시 강남구 강남대로156길 31,202112,D,발달상권,2120188,압구정역,11680,서울특별시 강남구 신사동,서울특별시,강남구,신사동
17462978,배떡,떡볶이전문,1168051000,서울특별시 강남구 신사동,서울특별시 강남구 논현로161길 14,202112,D,발달상권,2120188,압구정역,11680,서울특별시 강남구 신사동,서울특별시,강남구,신사동
17510863,아오리의행방불명,음식점-일식,1168051000,서울특별시 강남구 신사동,서울특별시 강남구 도산대로15길 11,202112,D,발달상권,2120188,압구정역,11680,서울특별시 강남구 신사동,서울특별시,강남구,신사동
17514537,갤러리인디고,동남아음식전문점,1168051000,서울특별시 강남구 신사동,서울특별시 강남구 강남대로152길 67,202112,D,발달상권,2120188,압구정역,11680,서울특별시 강남구 신사동,서울특별시,강남구,신사동
17464940,그레인바운더리,한식/백반/한정식,1168051000,서울특별시 강남구 신사동,서울특별시 강남구 도산대로17길 37-1,202112,D,발달상권,2120188,압구정역,11680,서울특별시 강남구 신사동,서울특별시,강남구,신사동
17525723,스타럭스스폰티니,정통양식/경양식,1168051000,서울특별시 강남구 신사동,서울특별시 강남구 가로수길 83,202112,D,발달상권,2120188,압구정역,11680,서울특별시 강남구 신사동,서울특별시,강남구,신사동
17450742,곰리,음식점-일식,1168051000,서울특별시 강남구 신사동,서울특별시 강남구 강남대로162길 41-15,202112,D,발달상권,2120188,압구정역,11680,서울특별시 강남구 신사동,서울특별시,강남구,신사동
17451432,탐츠,정통양식/경양식,1168051000,서울특별시 강남구 신사동,서울특별시 강남구 강남대로154길 21,202112,D,발달상권,2120188,압구정역,11680,서울특별시 강남구 신사동,서울특별시,강남구,신사동
17432696,show,정통양식/경양식,1168051000,서울특별시 강남구 신사동,서울특별시 강남구 강남대로162길 41-20,202112,D,발달상권,2120188,압구정역,11680,서울특별시 강남구 신사동,서울특별시,강남구,신사동
17450946,오케이노래빠,룸살롱/단란주점,1168051000,서울특별시 강남구 신사동,서울특별시 강남구 강남대로152길 24,202112,D,발달상권,2120188,압구정역,11680,서울특별시 강남구 신사동,서울특별시,강남구,신사동
17527019,압구정키친,한식/백반/한정식,1168051000,서울특별시 강남구 신사동,서울특별시 강남구 도산대로25길 20,202112,D,발달상권,2120188,압구정역,11680,서울특별시 강남구 신사동,서울특별시,강남구,신사동
17535833,블리스인씨암,동남아음식전문점,1168051000,서울특별시 강남구 신사동,서울특별시 강남구 논현로175길 109,202112,D,발달상권,2120188,압구정역,11680,서울특별시 강남구 신사동,서울특별시,강남구,신사동
17450881,센드미,한식/백반/한정식,1168051000,서울특별시 강남구 신사동,서울특별시 강남구 강남대로 624,202112,D,발달상권,2120188,압구정역,11680,서울특별시 강남구 신사동,서울특별시,강남구,신사동
17508087,베블,한식/백반/한정식,1168051000,서울특별시 강남구 신사동,서울특별시 강남구 압구정로4길 14-2,202112,D,발달상권,2120188,압구정역,11680,서울특별시 강남구 신사동,서울특별시,강남구,신사동
17525013,이자카야화분,음식점-일식,1168051000,서울특별시 강남구 신사동,서울특별시 강남구 강남대로156길 31-3,202112,D,발달상권,2120188,압구정역,11680,서울특별시 강남구 신사동,서울특별시,강남구,신사동
17534722,이속우화천공,한식/백반/한정식,1168051000,서울특별시 강남구 신사동,서울특별시 강남구 논현로 857,202112,D,발달상권,2120188,압구정역,11680,서울특별시 강남구 신사동,서울특별시,강남구,신사동
17529113,명칭없음,제과점,1168051000,서울특별시 강남구 신사동,서울특별시 강남구 압구정로8길 5,202112,D,발달상권,2120188,압구정역,11680,서울특별시 강남구 신사동,서울특별시,강남구,신사동
17458835,에레보,커피전문점/카페/다방,1168051000,서울특별시 강남구 신사동,서울특별시 강남구 논현로 809,202112,D,발달상권,2120188,압구정역,11680,서울특별시 강남구 신사동,서울특별시,강남구,신사동
17470470,크렘크럼블,커피전문점/카페/다방,1168051000,서울특별시 강남구 신사동,서울특별시 강남구 도산대로17길 41,202112,D,발달상권,2120188,압구정역,11680,서울특별시 강남구 신사동,서울특별시,강남구,신사동
17474955,라포르엘랜디스도넛,커피전문점/카페/다방,1168051000,서울특별시 강남구 신사동,서울특별시 강남구 도산대로15길 16,202112,D,발달상권,2120188,압구정역,11680,서울특별시 강남구 신사동,서울특별시,강남구,신사동
17531889,삼육오,스파게티전문점,1168051000,서울특별시 강남구 신사동,서울특별시 강남구 강남대로 628,202112,D,발달상권,2120188,압구정역,11680,서울특별시 강남구 신사동,서울특별시,강남구,신사동
17471040,아르켓,커피전문점/카페/다방,1168051000,서울특별시 강남구 신사동,서울특별시 강남구 가로수길 30,202112,D,발달상권,2120188,압구정역,11680,서울특별시 강남구 신사동,서울특별시,강남구,신사동
17535939,카즈,음식점-일식,1168051000,서울특별시 강남구 신사동,서울특별시 강남구 강남대로162길 41-15,202112,D,발달상권,2120188,압구정역,11680,서울특별시 강남구 신사동,서울특별시,강남구,신사동
17534884,가제노오또,음식점-일식,1168051000,서울특별시 강남구 신사동,서울특별시 강남구 논현로153길 51,202112,D,발달상권,2120188,압구정역,11680,서울특별시 강남구 신사동,서울특별시,강남구,신사동
17480086,니블스,커피전문점/카페/다방,1168051000,서울특별시 강남구 신사동,서울특별시 강남구 논현로161길 57,202112,D,발달상권,2120188,압구정역,11680,서울특별시 강남구 신사동,서울특별시,강남구,신사동
17257802,신사동휘공,기타일반유흥주점,1168051000,서울특별시 강남구 신사동,서울특별시 강남구 강남대로158길 26,202112,D,발달상권,2120188,압구정역,11680,서울특별시 강남구 신사동,서울특별시,강남구,신사동
17495486,사케츠바사,음식점-일식,1168051000,서울특별시 강남구 신사동,서울특별시 강남구 논현로157길 55,202112,D,발달상권,2120188,압구정역,11680,서울특별시 강남구 신사동,서울특별시,강남구,신사동
17257351,CAFEEST,커피전문점/카페/다방,1168051000,서울특별시 강남구 신사동,서울특별시 강남구 도산대로 107,202112,D,발달상권,2120188,압구정역,11680,서울특별시 강남구 신사동,서울특별시,강남구,신사동
17433584,더블트러블유니온,정통양식/경양식,1168051000,서울특별시 강남구 신사동,서울특별시 강남구 압구정로4길 27-2,202112,D,발달상권,2120188,압구정역,11680,서울특별시 강남구 신사동,서울특별시,강남구,신사동
17252960,문참치,참치전문점,1168051000,서울특별시 강남구 신사동,서울특별시 강남구 논현로 841,202112,D,발달상권,2120188,압구정역,11680,서울특별시 강남구 신사동,서울특별시,강남구,신사동
17513848,블루오너,한식/백반/한정식,1168051000,서울특별시 강남구 신사동,서울특별시 강남구 논현로153길 54,202112,D,발달상권,2120188,압구정역,11680,서울특별시 강남구 신사동,서울특별시,강남구,신사동
17680490,저기커피로스터스,커피전문점/카페/다방,1168051000,서울특별시 강남구 신사동,서울특별시 강남구 압구정로28길 49,202112,D,발달상권,2120188,압구정역,11680,서울특별시 강남구 신사동,서울특별시,강남구,신사동
17473558,나,제과점,1168051000,서울특별시 강남구 신사동,서울특별시 강남구 압구정로14길 39,202112,D,발달상권,2120188,압구정역,11680,서울특별시 강남구 신사동,서울특별시,강남구,신사동
17680202,커피네이션신사DV점,커피전문점/카페/다방,1168051000,서울특별시 강남구 신사동,서울특별시 강남구 강남대로152길 22,202112,D,발달상권,2120188,압구정역,11680,서울특별시 강남구 신사동,서울특별시,강남구,신사동
17693386,골드참치,참치전문점,1168051000,서울특별시 강남구 신사동,서울특별시 강남구 압구정로10길 11,202112,D,발달상권,2120188,압구정역,11680,서울특별시 강남구 신사동,서울특별시,강남구,신사동
17587748,북촌손만두,국수/만두/칼국수,1168051000,서울특별시 강남구 신사동,서울특별시 강남구 강남대로 620,202112,D,발달상권,2120188,압구정역,11680,서울특별시 강남구 신사동,서울특별시,강남구,신사동
17583692,라운지어반보드까페,보드게임카페,1168051000,서울특별시 강남구 신사동,서울특별시 강남구 도산대로27길 43,202112,D,발달상권,2120188,압구정역,11680,서울특별시 강남구 신사동,서울특별시,강남구,신사동
17717785,야키토리요이사,기타일반유흥주점,1168051000,서울특별시 강남구 신사동,서울특별시 강남구 논현로175길 101,202112,D,발달상권,2120188,압구정역,11680,서울특별시 강남구 신사동,서울특별시,강남구,신사동
17666440,원더우먼보드까페,보드게임카페,1168051000,서울특별시 강남구 신사동,서울특별시 강남구 논현로151길 10,202112,D,발달상권,2120188,압구정역,11680,서울특별시 강남구 신사동,서울특별시,강남구,신사동
17605227,뱅크보드게임장,보드게임카페,1168051000,서울특별시 강남구 신사동,서울특별시 강남구 도산대로 163,202112,D,발달상권,2120188,압구정역,11680,서울특별시 강남구 신사동,서울특별시,강남구,신사동
17707833,스시사키,음식점-초밥전문,1168051000,서울특별시 강남구 신사동,서울특별시 강남구 강남대로154길 21,202112,D,발달상권,2120188,압구정역,11680,서울특별시 강남구 신사동,서울특별시,강남구,신사동
17715422,오끼참치앤스시,참치전문점,1168051000,서울특별시 강남구 신사동,서울특별시 강남구 강남대로152길 24,202112,D,발달상권,2120188,압구정역,11680,서울특별시 강남구 신사동,서울특별시,강남구,신사동
17744927,세컨디포레스트,퓨전음식전문,1168051000,서울특별시 강남구 신사동,서울특별시 강남구 강남대로162길 32,202112,D,발달상권,2120188,압구정역,11680,서울특별시 강남구 신사동,서울특별시,강남구,신사동
17706953,꼬륵수제도시락,도시락전문점,1168051000,서울특별시 강남구 신사동,서울특별시 강남구 논현로151길 11,202112,D,발달상권,2120188,압구정역,11680,서울특별시 강남구 신사동,서울특별시,강남구,신사동
17766394,미쓰냉삼,갈비/삼겹살,1168051000,서울특별시 강남구 신사동,서울특별시 강남구 압구정로20길 15,202112,D,발달상권,2120188,압구정역,11680,서울특별시 강남구 신사동,서울특별시,강남구,신사동
17757660,유니드마이요거트,커피전문점/카페/다방,1168051000,서울특별시 강남구 신사동,서울특별시 강남구 강남대로162길 27-6,202112,D,발달상권,2120188,압구정역,11680,서울특별시 강남구 신사동,서울특별시,강남구,신사동
17475469,아로마티카,커피전문점/카페/다방,1168051000,서울특별시 강남구 신사동,서울특별시 강남구 도산대로1길 62,202112,D,발달상권,2120188,압구정역,11680,서울특별시 강남구 신사동,서울특별시,강남구,신사동
17814128,핫쵸,음식점-일식,1168051000,서울특별시 강남구 신사동,서울특별시 강남구 도산대로15길 32-10,202112,D,발달상권,2120188,압구정역,11680,서울특별시 강남구 신사동,서울특별시,강남구,신사동
17838382,소노키,음식점-일식,1168051000,서울특별시 강남구 신사동,서울특별시 강남구 논현로151길 29,202112,D,발달상권,2120188,압구정역,11680,서울특별시 강남구 신사동,서울특별시,강남구,신사동
17871631,트래블피자신사AIRPORT,피자전문,1168051000,서울특별시 강남구 신사동,서울특별시 강남구 도산대로17길 33,202112,D,발달상권,2120188,압구정역,11680,서울특별시 강남구 신사동,서울특별시,강남구,신사동
17871630,서울왕돈까스,돈가스전문점,1168051000,서울특별시 강남구 신사동,서울특별시 강남구 도산대로27길 40,202112,D,발달상권,2120188,압구정역,11680,서울특별시 강남구 신사동,서울특별시,강남구,신사동
17883774,진도켄,음식점-일식,1168051000,서울특별시 강남구 신사동,서울특별시 강남구 도산대로15길 9,202112,D,발달상권,2120188,압구정역,11680,서울특별시 강남구 신사동,서울특별시,강남구,신사동
17879625,구구구,정통양식/경양식,1168051000,서울특별시 강남구 신사동,서울특별시 강남구 논현로161길 37,202112,D,발달상권,2120188,압구정역,11680,서울특별시 강남구 신사동,서울특별시,강남구,신사동
17884623,타코앤칠리,한식/백반/한정식,1168051000,서울특별시 강남구 신사동,서울특별시 강남구 압구정로2길 28,202112,D,발달상권,2120188,압구정역,11680,서울특별시 강남구 신사동,서울특별시,강남구,신사동
17846168,바니분식,라면김밥분식,1168051000,서울특별시 강남구 신사동,서울특별시 강남구 압구정로2길 59,202112,D,발달상권,2120188,압구정역,11680,서울특별시 강남구 신사동,서울특별시,강남구,신사동
17840393,퍼시픽스탠다드,빠/카페/스탠드빠,1168051000,서울특별시 강남구 신사동,서울특별시 강남구 압구정로4길 27-6,202112,D,발달상권,2120188,압구정역,11680,서울특별시 강남구 신사동,서울특별시,강남구,신사동
17887264,성수명당,한식/백반/한정식,1168051000,서울특별시 강남구 신사동,서울특별시 강남구 강남대로160길 10,202112,D,발달상권,2120188,압구정역,11680,서울특별시 강남구 신사동,서울특별시,강남구,신사동
17813085,살롱드앙주,빠/카페/스탠드빠,1168051000,서울특별시 강남구 신사동,서울특별시 강남구 강남대로158길 46,202112,D,발달상권,2120188,압구정역,11680,서울특별시 강남구 신사동,서울특별시,강남구,신사동
17505293,로도스코리아,빠/카페/스탠드빠,1168051000,서울특별시 강남구 신사동,서울특별시 강남구 가로수길 31-3,202112,D,발달상권,2120188,압구정역,11680,서울특별시 강남구 신사동,서울특별시,강남구,신사동
17912559,구정족발,족발/보쌈전문,1168051000,서울특별시 강남구 신사동,서울특별시 강남구 논현로175길 25,202112,D,발달상권,2120188,압구정역,11680,서울특별시 강남구 신사동,서울특별시,강남구,신사동
17839829,신사의바램,음식점-일식,1168051000,서울특별시 강남구 신사동,서울특별시 강남구 강남대로156길 16,202112,D,발달상권,2120188,압구정역,11680,서울특별시 강남구 신사동,서울특별시,강남구,신사동
17977268,디오리엔탈,오리고기전문,1168051000,서울특별시 강남구 신사동,서울특별시 강남구 논현로175길 69,202112,D,발달상권,2120188,압구정역,11680,서울특별시 강남구 신사동,서울특별시,강남구,신사동
17984946,설빙,커피전문점/카페/다방,1168051000,서울특별시 강남구 신사동,서울특별시 강남구 압구정로10길 36,202112,D,발달상권,2120188,압구정역,11680,서울특별시 강남구 신사동,서울특별시,강남구,신사동
17913972,탐라포차,소주방/포장마차,1168051000,서울특별시 강남구 신사동,서울특별시 강남구 압구정로2길 62,202112,D,발달상권,2120188,압구정역,11680,서울특별시 강남구 신사동,서울특별시,강남구,신사동
