name,score,visitCount,blogCount
에그써티,4.86/5,방문자 리뷰_ 254,블로그 리뷰_ 212
테이커테이블,4.97/5,방문자 리뷰_ 321,블로그 리뷰_ 159
우동 카덴,4.23/5,"방문자 리뷰_ 1,654","블로그 리뷰_ 1,983"
산울림1992,4.47/5,방문자 리뷰_ 393,블로그 리뷰_ 680
우와,4.45/5,"방문자 리뷰_ 1,150","블로그 리뷰_ 1,740"
모센즈스위트,4.65/5,방문자 리뷰_ 535,블로그 리뷰_ 459
홍대IN파스타,4.42/5,"방문자 리뷰_ 1,076","블로그 리뷰_ 1,233"
옥동식,4.44/5,"방문자 리뷰_ 1,402","블로그 리뷰_ 1,384"
카쿠시타,4.54/5,방문자 리뷰_ 514,블로그 리뷰_ 511
피오니,4.42/5,"방문자 리뷰_ 2,410","블로그 리뷰_ 2,449"
브런치가,4.2/5,"방문자 리뷰_ 1,124","블로그 리뷰_ 1,304"
하이디라오 홍대점,4.61/5,"방문자 리뷰_ 4,079",블로그 리뷰_ 854
샌드커피 논탄토 연남,4.5/5,방문자 리뷰_ 917,블로그 리뷰_ 721
빠넬로,4.34/5,방문자 리뷰_ 283,블로그 리뷰_ 696
콜린,4.49/5,"방문자 리뷰_ 2,004","블로그 리뷰_ 1,218"
로쏘 1924 나폴리 화덕피자 홍대점,4.68/5,"방문자 리뷰_ 4,109","블로그 리뷰_ 1,405"
또보겠지떡볶이집 붕붕허니비점,4.58/5,"방문자 리뷰_ 1,824","블로그 리뷰_ 1,422"
육지,4.79/5,방문자 리뷰_ 637,블로그 리뷰_ 320
광야,4.57/5,방문자 리뷰_ 829,블로그 리뷰_ 905
스케줄합정,,"방문자 리뷰_ 1,099",블로그 리뷰_ 951
신미경홍대닭갈비,4.47/5,"방문자 리뷰_ 1,860","블로그 리뷰_ 1,256"
칸다소바,4.46/5,"방문자 리뷰_ 1,870","블로그 리뷰_ 1,018"
김씨육면,4.65/5,방문자 리뷰_ 388,블로그 리뷰_ 270
홍대씨부엉,4.51/5,방문자 리뷰_ 535,블로그 리뷰_ 914
유메 홍대본점,,방문자 리뷰_ 287,블로그 리뷰_ 932
도프피자베이커스 홍대점,,방문자 리뷰_ 58,블로그 리뷰_ 62
하카타분코,4.28/5,방문자 리뷰_ 631,"블로그 리뷰_ 1,560"
경주식당,4.45/5,방문자 리뷰_ 509,"블로그 리뷰_ 1,397"
943 킹스크로스CAFE,4.26/5,"방문자 리뷰_ 1,022",블로그 리뷰_ 901
오모테나시 오마카세,,방문자 리뷰_ 109,블로그 리뷰_ 451
올바른김밥,4.79/5,"방문자 리뷰_ 1,686",블로그 리뷰_ 133
버터베이커리,4.57/5,"방문자 리뷰_ 1,268",블로그 리뷰_ 443
느린마을양조장 홍대점,4.62/5,방문자 리뷰_ 493,블로그 리뷰_ 234
중화복춘 공원,4.42/5,방문자 리뷰_ 455,블로그 리뷰_ 792
야키토리 나루토,4.87/5,방문자 리뷰_ 509,블로그 리뷰_ 505
가미우동,4.58/5,"방문자 리뷰_ 1,057",블로그 리뷰_ 945
비스트로사랑방,4.54/5,방문자 리뷰_ 456,블로그 리뷰_ 648
프리모바치오바치 홍대본점,4.39/5,"방문자 리뷰_ 1,615","블로그 리뷰_ 1,570"
아오이토리,4.44/5,"방문자 리뷰_ 2,175","블로그 리뷰_ 1,291"
부탄츄 홍대본점,4.24/5,방문자 리뷰_ 997,"블로그 리뷰_ 1,076"
피자네버슬립스,4.58/5,"방문자 리뷰_ 1,164","블로그 리뷰_ 1,234"
스테이크 슈퍼,4.92/5,방문자 리뷰_ 543,블로그 리뷰_ 294
금별맥주 홍대직영점,4.51/5,방문자 리뷰_ 339,블로그 리뷰_ 290
카와카츠,4.47/5,방문자 리뷰_ 582,블로그 리뷰_ 673
해피베어데이,4.77/5,방문자 리뷰_ 518,블로그 리뷰_ 472
썬키친,4.89/5,방문자 리뷰_ 321,블로그 리뷰_ 192
테이스티버거,4.38/5,방문자 리뷰_ 795,블로그 리뷰_ 852
슬로우캘리 연남본점,4.59/5,"방문자 리뷰_ 1,637","블로그 리뷰_ 1,039"
풀뜯는돼지,4.81/5,방문자 리뷰_ 519,블로그 리뷰_ 224
비스트로큐슈,4.48/5,방문자 리뷰_ 423,블로그 리뷰_ 327
호맥 합정점,4.45/5,방문자 리뷰_ 733,블로그 리뷰_ 314
감성타코 홍대점,4.34/5,"방문자 리뷰_ 1,340","블로그 리뷰_ 1,952"
개화기요정,,방문자 리뷰_ 405,블로그 리뷰_ 720
합정공감,,방문자 리뷰_ 508,블로그 리뷰_ 113
온미동 연남,4.54/5,방문자 리뷰_ 760,블로그 리뷰_ 462
뉴욕아파트먼트 홍대점,,방문자 리뷰_ 975,"블로그 리뷰_ 1,551"
소코아 홍대점,4.6/5,방문자 리뷰_ 620,블로그 리뷰_ 414
OBPC 연남본점,,방문자 리뷰_ 432,블로그 리뷰_ 424
미도인 홍대,4.5/5,"방문자 리뷰_ 1,034",블로그 리뷰_ 593
스미비부타동,4.44/5,방문자 리뷰_ 861,블로그 리뷰_ 773
키움초밥,,"방문자 리뷰_ 1,072","블로그 리뷰_ 1,196"
연남물갈비,4.48/5,방문자 리뷰_ 641,블로그 리뷰_ 501
작당모의,4.38/5,방문자 리뷰_ 971,블로그 리뷰_ 844
마시타야,4.55/5,방문자 리뷰_ 146,블로그 리뷰_ 412
가로수포차,4.61/5,방문자 리뷰_ 126,블로그 리뷰_ 70
어메이징농카이,4.48/5,방문자 리뷰_ 610,블로그 리뷰_ 521
라헬의부엌 홍대점,4.51/5,방문자 리뷰_ 983,블로그 리뷰_ 505
천이오겹살,4.29/5,방문자 리뷰_ 410,블로그 리뷰_ 920
미쁘동,4.42/5,"방문자 리뷰_ 1,824","블로그 리뷰_ 1,598"
멘야준,4.56/5,방문자 리뷰_ 718,블로그 리뷰_ 402
더핏짜 본점,,방문자 리뷰_ 804,블로그 리뷰_ 121
더페이머스버거 홍대점,4.42/5,방문자 리뷰_ 487,"블로그 리뷰_ 1,039"
사쿠라테이엔 합정점,4.85/5,방문자 리뷰_ 136,블로그 리뷰_ 110
스시오 블랙컨테이너,,방문자 리뷰_ 717,"블로그 리뷰_ 1,089"
랑데자뷰 홍대점,4.34/5,방문자 리뷰_ 521,"블로그 리뷰_ 1,362"
츠케루,4.62/5,"방문자 리뷰_ 1,678",블로그 리뷰_ 193
솔솥 연남점,4.52/5,"방문자 리뷰_ 1,540","블로그 리뷰_ 1,179"
정돈 홍대점,4.52/5,방문자 리뷰_ 843,블로그 리뷰_ 527
고쿠텐 홍대점,4.46/5,방문자 리뷰_ 937,블로그 리뷰_ 468
얀 쿠브레,4.32/5,"방문자 리뷰_ 1,596",블로그 리뷰_ 651
평안도 상원냉면,4.48/5,방문자 리뷰_ 315,블로그 리뷰_ 163
하카타나카,4.44/5,방문자 리뷰_ 625,블로그 리뷰_ 704
오버트 합정,,방문자 리뷰_ 85,블로그 리뷰_ 80
르쁘띠푸 홍대본점,4.39/5,방문자 리뷰_ 698,"블로그 리뷰_ 1,229"
합정조이떡볶이,4.38/5,방문자 리뷰_ 411,블로그 리뷰_ 80
온돌 합정점,4.63/5,"방문자 리뷰_ 1,115",블로그 리뷰_ 940
연교,4.49/5,방문자 리뷰_ 916,블로그 리뷰_ 889
우동가조쿠,4.57/5,방문자 리뷰_ 614,블로그 리뷰_ 223
오이지 연남,,방문자 리뷰_ 143,블로그 리뷰_ 137
냉장고 합정점,4.75/5,방문자 리뷰_ 206,블로그 리뷰_ 266
배터리88 홍대점,4.41/5,방문자 리뷰_ 367,블로그 리뷰_ 389
고기꾼김춘배 홍대본점,4.52/5,"방문자 리뷰_ 1,312",블로그 리뷰_ 996
가든 포에트,4.85/5,방문자 리뷰_ 559,블로그 리뷰_ 163
연남주막1987,4.52/5,방문자 리뷰_ 340,블로그 리뷰_ 269
카멜로연남,4.73/5,"방문자 리뷰_ 1,268","블로그 리뷰_ 1,108"
진저피그,4.6/5,"방문자 리뷰_ 1,273",블로그 리뷰_ 674
오리지널시카고피자 홍대본점,4.29/5,방문자 리뷰_ 384,"블로그 리뷰_ 1,220"
카페노티드 연남,,"방문자 리뷰_ 2,326",블로그 리뷰_ 563
헤이죠지,,방문자 리뷰_ 321,블로그 리뷰_ 449
에일크루,4.52/5,방문자 리뷰_ 417,블로그 리뷰_ 283
더피자보이즈 홍대입구역점,4.57/5,방문자 리뷰_ 650,블로그 리뷰_ 605
캘리포니아 도넛 클럽 & 비라티오 홍대점,4.52/5,"방문자 리뷰_ 1,706",블로그 리뷰_ 729
초이 다이닝,5/5,방문자 리뷰_ 255,블로그 리뷰_ 262
몽주방,,방문자 리뷰_ 91,블로그 리뷰_ 76
무니,4.49/5,방문자 리뷰_ 65,블로그 리뷰_ 78
철길왕갈비살,4.36/5,방문자 리뷰_ 688,블로그 리뷰_ 470
커피리브레 연남점,4.43/5,방문자 리뷰_ 664,블로그 리뷰_ 743
리밀커피&밀리,4.76/5,방문자 리뷰_ 218,블로그 리뷰_ 230
아날로그가든,4.44/5,방문자 리뷰_ 447,블로그 리뷰_ 292
시나모롤 스위트카페,,방문자 리뷰_ 88,블로그 리뷰_ 79
코테츠,4.44/5,방문자 리뷰_ 273,블로그 리뷰_ 239
버터밀크,4.45/5,방문자 리뷰_ 556,블로그 리뷰_ 651
혼가츠,4.35/5,"방문자 리뷰_ 1,035","블로그 리뷰_ 1,844"
홍스쭈꾸미 홍대본점,4.44/5,"방문자 리뷰_ 1,058","블로그 리뷰_ 1,835"
함반,4.7/5,방문자 리뷰_ 332,블로그 리뷰_ 305
황곱,4.5/5,방문자 리뷰_ 455,블로그 리뷰_ 319
막걸리싸롱,4.14/5,방문자 리뷰_ 110,블로그 리뷰_ 501
코노미,,방문자 리뷰_ 348,블로그 리뷰_ 638
닝교초식당 홍대점,,방문자 리뷰_ 493,블로그 리뷰_ 221
이치류 홍대본점,4.55/5,방문자 리뷰_ 408,블로그 리뷰_ 778
락희돈,4.41/5,방문자 리뷰_ 328,블로그 리뷰_ 306
카와카츠 합정점,4.81/5,방문자 리뷰_ 267,블로그 리뷰_ 219
카페 예능,,방문자 리뷰_ 21,블로그 리뷰_ 15
금성회관 합정본점,4.72/5,방문자 리뷰_ 713,블로그 리뷰_ 344
카레시,,방문자 리뷰_ 708,블로그 리뷰_ 557
나성타코,4.72/5,방문자 리뷰_ 630,블로그 리뷰_ 489
홍대씨부엉,4.51/5,방문자 리뷰_ 535,블로그 리뷰_ 914
달콤한거짓말,4.36/5,방문자 리뷰_ 674,블로그 리뷰_ 950
루프탑어반비치,,방문자 리뷰_ 132,블로그 리뷰_ 225
카타코토카페,4.52/5,방문자 리뷰_ 298,블로그 리뷰_ 288
1984,4.63/5,방문자 리뷰_ 765,"블로그 리뷰_ 1,603"
모파상,4.36/5,방문자 리뷰_ 772,블로그 리뷰_ 888
디퍼 루프탑,4.5/5,방문자 리뷰_ 386,블로그 리뷰_ 282
치킨앤카레군,4.58/5,방문자 리뷰_ 943,블로그 리뷰_ 545
히메시야,4.43/5,방문자 리뷰_ 655,블로그 리뷰_ 744
또보겠지떡볶이집 호호시스터점,4.56/5,"방문자 리뷰_ 1,233","블로그 리뷰_ 1,075"
야키토리 나루토 오모테나시,5/5,방문자 리뷰_ 100,블로그 리뷰_ 114
부산집,4.42/5,방문자 리뷰_ 274,블로그 리뷰_ 276
어른이대공원,4.26/5,방문자 리뷰_ 296,블로그 리뷰_ 259
디어리스트 연남,,방문자 리뷰_ 656,블로그 리뷰_ 251
하연옥 마포점,4.33/5,방문자 리뷰_ 957,블로그 리뷰_ 265
마포곱창타운,4.48/5,방문자 리뷰_ 839,블로그 리뷰_ 967
제스티살룬 연남,4.58/5,"방문자 리뷰_ 1,591",블로그 리뷰_ 871
긴자료코 본점,4.52/5,방문자 리뷰_ 950,블로그 리뷰_ 473
스아게,4.61/5,방문자 리뷰_ 494,블로그 리뷰_ 401
샐러디 합정역점,4.43/5,"방문자 리뷰_ 1,257",블로그 리뷰_ 86
연남쌀국수 똣,4.69/5,방문자 리뷰_ 786,블로그 리뷰_ 629
트래블메이커,4/5,방문자 리뷰_ 304,블로그 리뷰_ 298
구스토타코,4.34/5,방문자 리뷰_ 360,블로그 리뷰_ 353
푸하하크림빵,4.37/5,"방문자 리뷰_ 1,969","블로그 리뷰_ 1,293"
베어스덴베이커리,4.46/5,방문자 리뷰_ 421,블로그 리뷰_ 519
우마담,4.55/5,방문자 리뷰_ 335,블로그 리뷰_ 462
멘야하나비 합정점,4.48/5,방문자 리뷰_ 229,블로그 리뷰_ 354
슬로우타코,4.79/5,방문자 리뷰_ 369,블로그 리뷰_ 339
들풀한상,4.36/5,방문자 리뷰_ 409,블로그 리뷰_ 631
연남족발1987,4.36/5,방문자 리뷰_ 230,블로그 리뷰_ 441
커피 벌스데이,4.62/5,방문자 리뷰_ 176,블로그 리뷰_ 139
뉴오더클럽 연남,,방문자 리뷰_ 848,"블로그 리뷰_ 1,049"
남산호랭이,,방문자 리뷰_ 789,블로그 리뷰_ 440
윤씨밀방,4.43/5,방문자 리뷰_ 842,"블로그 리뷰_ 2,227"
정무관,4.55/5,방문자 리뷰_ 260,블로그 리뷰_ 639
교동집,,방문자 리뷰_ 596,블로그 리뷰_ 499
이츠모라멘,4.47/5,방문자 리뷰_ 402,블로그 리뷰_ 454
김씨육면,4.65/5,방문자 리뷰_ 388,블로그 리뷰_ 270
1989버거스탠드 연남,4.82/5,방문자 리뷰_ 290,블로그 리뷰_ 568
공상온도,4.41/5,방문자 리뷰_ 277,블로그 리뷰_ 682
멘야산다이메 본점,4.32/5,방문자 리뷰_ 461,블로그 리뷰_ 763
웃사브,4.33/5,방문자 리뷰_ 560,"블로그 리뷰_ 1,273"
식스티즈,4.59/5,방문자 리뷰_ 281,블로그 리뷰_ 167
루프탑 G 길리건스,4.12/5,방문자 리뷰_ 145,블로그 리뷰_ 311
돈주는남자 본점,4.62/5,방문자 리뷰_ 324,블로그 리뷰_ 516
산더미불고기,4.65/5,방문자 리뷰_ 872,블로그 리뷰_ 687
테이커테이블,4.97/5,방문자 리뷰_ 321,블로그 리뷰_ 159
발리 슈퍼스토어,4.38/5,방문자 리뷰_ 333,블로그 리뷰_ 893
동무밥상,4.33/5,방문자 리뷰_ 562,블로그 리뷰_ 566
목로관,4.3/5,방문자 리뷰_ 503,블로그 리뷰_ 178
더피자보이즈 합정본점,4.54/5,방문자 리뷰_ 341,블로그 리뷰_ 563
심야식당 하스,4.46/5,방문자 리뷰_ 206,블로그 리뷰_ 337
연남어부,4.49/5,방문자 리뷰_ 201,블로그 리뷰_ 226
꽈페 홍대점,,방문자 리뷰_ 414,블로그 리뷰_ 228
키친485,4.34/5,방문자 리뷰_ 695,"블로그 리뷰_ 1,039"
일편등심,4.66/5,방문자 리뷰_ 958,블로그 리뷰_ 657
오비야,4.19/5,방문자 리뷰_ 209,블로그 리뷰_ 458
세상끝의라멘,4.55/5,방문자 리뷰_ 579,블로그 리뷰_ 663
진진,,방문자 리뷰_ 836,블로그 리뷰_ 851
이름없는파스타 연남점,,방문자 리뷰_ 40,블로그 리뷰_ 27
도 도넛,,방문자 리뷰_ 59,블로그 리뷰_ 39
고망고 연남점,4.48/5,"방문자 리뷰_ 2,795",블로그 리뷰_ 321
광명대창집 홍대점,4.73/5,방문자 리뷰_ 338,블로그 리뷰_ 61
히츠지야,4.82/5,방문자 리뷰_ 834,블로그 리뷰_ 333
오마카세 오사이초밥 홍대점,,방문자 리뷰_ 961,블로그 리뷰_ 158
청년닭발1987,4.42/5,방문자 리뷰_ 472,블로그 리뷰_ 700
팔로피자,4.47/5,방문자 리뷰_ 549,블로그 리뷰_ 962
깃털,,방문자 리뷰_ 20,블로그 리뷰_ 188
후라토식당 상수직영점,4.71/5,"방문자 리뷰_ 1,111",블로그 리뷰_ 327
그동네떡볶이,4.52/5,방문자 리뷰_ 869,블로그 리뷰_ 552
타프,4.65/5,방문자 리뷰_ 111,블로그 리뷰_ 170
육몽 홍대본점,4.72/5,"방문자 리뷰_ 1,168","블로그 리뷰_ 1,080"
제임스시카고피자 홍대본점,4.49/5,"방문자 리뷰_ 1,420",블로그 리뷰_ 759
카츠오모이 홍대점,4.58/5,방문자 리뷰_ 371,블로그 리뷰_ 187
모크,4.6/5,방문자 리뷰_ 374,블로그 리뷰_ 247
더다이닝랩,4.5/5,"방문자 리뷰_ 2,394",블로그 리뷰_ 901
마녀주방 홍대점,4.47/5,"방문자 리뷰_ 1,353","블로그 리뷰_ 1,466"
소고산제일루,4.33/5,방문자 리뷰_ 392,블로그 리뷰_ 468
혼신꼬치,4.37/5,방문자 리뷰_ 285,블로그 리뷰_ 246
july 13,,방문자 리뷰_ 184,블로그 리뷰_ 55
심야식당밤,4.79/5,방문자 리뷰_ 127,블로그 리뷰_ 116
이리에라멘,4.67/5,방문자 리뷰_ 196,블로그 리뷰_ 115
포포브레드,4.75/5,방문자 리뷰_ 147,블로그 리뷰_ 182
심플리타이 합정점,4.43/5,방문자 리뷰_ 537,블로그 리뷰_ 396
따로집,4.79/5,방문자 리뷰_ 70,블로그 리뷰_ 85
공중도시,4.68/5,방문자 리뷰_ 129,블로그 리뷰_ 160
에도마에텐동하마다 홍대점,4.41/5,방문자 리뷰_ 546,블로그 리뷰_ 351
상수주택,,방문자 리뷰_ 61,블로그 리뷰_ 14
마레스타,4.51/5,방문자 리뷰_ 416,블로그 리뷰_ 364
랑빠스81,4.49/5,방문자 리뷰_ 237,블로그 리뷰_ 282
금옥당 서교점,,방문자 리뷰_ 733,블로그 리뷰_ 293
다운타우너 연남,,방문자 리뷰_ 667,블로그 리뷰_ 223
돼지명가,4.56/5,방문자 리뷰_ 337,블로그 리뷰_ 204
조용한저녁,4.83/5,"방문자 리뷰_ 2,502",블로그 리뷰_ 345
튜토리얼,4.67/5,방문자 리뷰_ 147,블로그 리뷰_ 441
지로우 라멘,4.47/5,방문자 리뷰_ 665,블로그 리뷰_ 725
알디프 티 바,4.82/5,"방문자 리뷰_ 2,862",블로그 리뷰_ 373
구공탄곱창 본점,4.5/5,방문자 리뷰_ 627,블로그 리뷰_ 539
후통,4.39/5,방문자 리뷰_ 205,블로그 리뷰_ 271
서교주담,4.75/5,방문자 리뷰_ 181,블로그 리뷰_ 205
홍마떡 홍대본점,4.41/5,"방문자 리뷰_ 1,131","블로그 리뷰_ 1,412"
219레스토랑,4.59/5,방문자 리뷰_ 689,블로그 리뷰_ 302
한림돈가 서교직영점,4.52/5,방문자 리뷰_ 271,블로그 리뷰_ 562
홍대공감,,방문자 리뷰_ 254,블로그 리뷰_ 203
umoae,4.74/5,방문자 리뷰_ 237,블로그 리뷰_ 209
쿠시노주방,4.41/5,방문자 리뷰_ 371,블로그 리뷰_ 554
마가렛리버,4.43/5,방문자 리뷰_ 609,블로그 리뷰_ 613
EGO,4.59/5,방문자 리뷰_ 410,블로그 리뷰_ 187
비스트로연남,4.49/5,방문자 리뷰_ 626,블로그 리뷰_ 570
지하102호,4.73/5,방문자 리뷰_ 144,블로그 리뷰_ 369
훌리오 홍대점,4.42/5,방문자 리뷰_ 898,"블로그 리뷰_ 1,161"
쿄식탁,,방문자 리뷰_ 42,블로그 리뷰_ 32
블랑누아,4.61/5,방문자 리뷰_ 625,블로그 리뷰_ 357
심양 홍대점,4.51/5,방문자 리뷰_ 160,블로그 리뷰_ 421
모멘트커피 2호점,4.43/5,방문자 리뷰_ 347,블로그 리뷰_ 945
서플라이디팟 루프탑,4.85/5,방문자 리뷰_ 309,블로그 리뷰_ 229
스탠스커피,4.48/5,방문자 리뷰_ 196,블로그 리뷰_ 689
동두천솥뚜껑삼겹살 합정점,,방문자 리뷰_ 455,블로그 리뷰_ 366
포36거리 홍대점,4.54/5,방문자 리뷰_ 332,블로그 리뷰_ 695
젤라띠젤라띠,4.56/5,"방문자 리뷰_ 1,009","블로그 리뷰_ 1,113"
미티,4.93/5,방문자 리뷰_ 274,블로그 리뷰_ 94
청록양식,4.75/5,"방문자 리뷰_ 1,123",블로그 리뷰_ 386
신주양꼬치 홍대점,4.58/5,방문자 리뷰_ 194,블로그 리뷰_ 853
로운 샤브샤브 홍대점,4.21/5,"방문자 리뷰_ 2,276",블로그 리뷰_ 849
이미커피,4.76/5,방문자 리뷰_ 162,블로그 리뷰_ 243
박용석스시,4.16/5,방문자 리뷰_ 409,블로그 리뷰_ 534
데코아발림본점,4.56/5,방문자 리뷰_ 323,블로그 리뷰_ 446
동교해물,4.52/5,방문자 리뷰_ 93,블로그 리뷰_ 98
맛깔1987,4.46/5,방문자 리뷰_ 222,블로그 리뷰_ 194
문릿아워,4.85/5,방문자 리뷰_ 53,블로그 리뷰_ 6
리춘시장 연남점,4.48/5,방문자 리뷰_ 134,블로그 리뷰_ 94
물고기초밥,4.55/5,방문자 리뷰_ 297,블로그 리뷰_ 688
수염,4.58/5,방문자 리뷰_ 146,블로그 리뷰_ 148
합정광안리,4.47/5,방문자 리뷰_ 351,블로그 리뷰_ 652
또보겠지떡볶이집호호피크닉점,4.57/5,방문자 리뷰_ 752,블로그 리뷰_ 453
멘타카무쇼,4.61/5,방문자 리뷰_ 285,블로그 리뷰_ 124
798화로,4.72/5,방문자 리뷰_ 175,블로그 리뷰_ 609
계담다,4.42/5,방문자 리뷰_ 314,블로그 리뷰_ 291
메이비 케이크 홍대본점,4.47/5,방문자 리뷰_ 294,블로그 리뷰_ 151
배떼기곱창 홍대점,4.4/5,방문자 리뷰_ 356,블로그 리뷰_ 765
티와이티디,,방문자 리뷰_ 114,블로그 리뷰_ 53
손오공마라탕 동교동점,4.47/5,"방문자 리뷰_ 1,676",블로그 리뷰_ 424
또보겠지떡볶이 해피토스점,4.48/5,방문자 리뷰_ 645,블로그 리뷰_ 257
사카바 토리야,,방문자 리뷰_ 108,블로그 리뷰_ 55
더페이머스램,4.44/5,"방문자 리뷰_ 1,121",블로그 리뷰_ 775
핏제리아오 합정역점,,방문자 리뷰_ 32,블로그 리뷰_ 24
너구리베이글 합정점,,방문자 리뷰_ 124,블로그 리뷰_ 62
이양권반상,5/5,방문자 리뷰_ 194,블로그 리뷰_ 109
옹달샘 본점,4.32/5,방문자 리뷰_ 375,블로그 리뷰_ 545
버거스올마이티 홍대점,,방문자 리뷰_ 200,블로그 리뷰_ 125
유경당 연남점,4.34/5,방문자 리뷰_ 457,블로그 리뷰_ 287
플랜트 연남점,4.43/5,방문자 리뷰_ 239,블로그 리뷰_ 168
이가산시도삭면,,방문자 리뷰_ 43,블로그 리뷰_ 22
샐러드 브라더스,4.52/5,방문자 리뷰_ 322,블로그 리뷰_ 232
안녕파스타씨,4.24/5,방문자 리뷰_ 250,"블로그 리뷰_ 1,001"
데우스 카페,4.44/5,방문자 리뷰_ 103,블로그 리뷰_ 104
동차밥,4.6/5,방문자 리뷰_ 513,블로그 리뷰_ 738
차차티클럽 연남,,방문자 리뷰_ 27,블로그 리뷰_ 196
코르크,4.22/5,방문자 리뷰_ 267,블로그 리뷰_ 156
그녀의밥상,4.3/5,방문자 리뷰_ 139,블로그 리뷰_ 200
김사또상수본점,4.45/5,방문자 리뷰_ 294,"블로그 리뷰_ 1,245"
오제키,,방문자 리뷰_ 27,블로그 리뷰_ 17
JASE,4.37/5,방문자 리뷰_ 178,블로그 리뷰_ 480
고시고시,,방문자 리뷰_ 378,블로그 리뷰_ 463
연어롭다,,방문자 리뷰_ 923,"블로그 리뷰_ 1,646"
섬,4.61/5,방문자 리뷰_ 295,블로그 리뷰_ 142
사운드카페 소리,4.5/5,방문자 리뷰_ 81,블로그 리뷰_ 231
가메스시,4.69/5,방문자 리뷰_ 105,블로그 리뷰_ 76
삼청당 홍대본점,4.68/5,방문자 리뷰_ 579,블로그 리뷰_ 46
어리라운지,4.78/5,방문자 리뷰_ 96,블로그 리뷰_ 171
데일리라운드,4.57/5,방문자 리뷰_ 366,블로그 리뷰_ 534
윤서울,4.8/5,방문자 리뷰_ 25,블로그 리뷰_ 71
빵나무,4.55/5,방문자 리뷰_ 637,블로그 리뷰_ 420
바스버거 연남점,4.56/5,방문자 리뷰_ 700,블로그 리뷰_ 415
이미커피,4.76/5,방문자 리뷰_ 162,블로그 리뷰_ 243
박용석스시,4.16/5,방문자 리뷰_ 409,블로그 리뷰_ 534
데코아발림본점,4.56/5,방문자 리뷰_ 323,블로그 리뷰_ 446
동교해물,4.52/5,방문자 리뷰_ 93,블로그 리뷰_ 98
맛깔1987,4.46/5,방문자 리뷰_ 222,블로그 리뷰_ 194
문릿아워,4.85/5,방문자 리뷰_ 53,블로그 리뷰_ 6
리춘시장 연남점,4.48/5,방문자 리뷰_ 134,블로그 리뷰_ 94
물고기초밥,4.55/5,방문자 리뷰_ 297,블로그 리뷰_ 688
수염,4.58/5,방문자 리뷰_ 146,블로그 리뷰_ 148
합정광안리,4.47/5,방문자 리뷰_ 351,블로그 리뷰_ 652
또보겠지떡볶이집호호피크닉점,4.57/5,방문자 리뷰_ 752,블로그 리뷰_ 453
멘타카무쇼,4.61/5,방문자 리뷰_ 285,블로그 리뷰_ 124
798화로,4.72/5,방문자 리뷰_ 175,블로그 리뷰_ 609
계담다,4.42/5,방문자 리뷰_ 314,블로그 리뷰_ 291
메이비 케이크 홍대본점,4.47/5,방문자 리뷰_ 294,블로그 리뷰_ 151
배떼기곱창 홍대점,4.4/5,방문자 리뷰_ 356,블로그 리뷰_ 765
티와이티디,,방문자 리뷰_ 114,블로그 리뷰_ 53
손오공마라탕 동교동점,4.47/5,"방문자 리뷰_ 1,676",블로그 리뷰_ 424
또보겠지떡볶이 해피토스점,4.48/5,방문자 리뷰_ 645,블로그 리뷰_ 257
사카바 토리야,,방문자 리뷰_ 108,블로그 리뷰_ 55
더페이머스램,4.44/5,"방문자 리뷰_ 1,121",블로그 리뷰_ 775
핏제리아오 합정역점,,방문자 리뷰_ 32,블로그 리뷰_ 24
너구리베이글 합정점,,방문자 리뷰_ 124,블로그 리뷰_ 62
이양권반상,5/5,방문자 리뷰_ 194,블로그 리뷰_ 109
옹달샘 본점,4.32/5,방문자 리뷰_ 375,블로그 리뷰_ 545
버거스올마이티 홍대점,,방문자 리뷰_ 200,블로그 리뷰_ 125
유경당 연남점,4.34/5,방문자 리뷰_ 457,블로그 리뷰_ 287
플랜트 연남점,4.43/5,방문자 리뷰_ 239,블로그 리뷰_ 168
이가산시도삭면,,방문자 리뷰_ 43,블로그 리뷰_ 22
샐러드 브라더스,4.52/5,방문자 리뷰_ 322,블로그 리뷰_ 232
안녕파스타씨,4.24/5,방문자 리뷰_ 250,"블로그 리뷰_ 1,001"
데우스 카페,4.44/5,방문자 리뷰_ 103,블로그 리뷰_ 104
동차밥,4.6/5,방문자 리뷰_ 513,블로그 리뷰_ 738
차차티클럽 연남,,방문자 리뷰_ 27,블로그 리뷰_ 196
코르크,4.22/5,방문자 리뷰_ 267,블로그 리뷰_ 156
그녀의밥상,4.3/5,방문자 리뷰_ 139,블로그 리뷰_ 200
김사또상수본점,4.45/5,방문자 리뷰_ 294,"블로그 리뷰_ 1,245"
오제키,,방문자 리뷰_ 27,블로그 리뷰_ 17
JASE,4.37/5,방문자 리뷰_ 178,블로그 리뷰_ 480
고시고시,,방문자 리뷰_ 378,블로그 리뷰_ 463
연어롭다,,방문자 리뷰_ 923,"블로그 리뷰_ 1,646"
섬,4.61/5,방문자 리뷰_ 295,블로그 리뷰_ 142
사운드카페 소리,4.5/5,방문자 리뷰_ 81,블로그 리뷰_ 231
가메스시,4.69/5,방문자 리뷰_ 105,블로그 리뷰_ 76
삼청당 홍대본점,4.68/5,방문자 리뷰_ 579,블로그 리뷰_ 46
어리라운지,4.78/5,방문자 리뷰_ 96,블로그 리뷰_ 171
데일리라운드,4.57/5,방문자 리뷰_ 366,블로그 리뷰_ 534
윤서울,4.8/5,방문자 리뷰_ 25,블로그 리뷰_ 71
빵나무,4.55/5,방문자 리뷰_ 637,블로그 리뷰_ 420
바스버거 연남점,4.56/5,방문자 리뷰_ 700,블로그 리뷰_ 415
이미커피,4.76/5,방문자 리뷰_ 162,블로그 리뷰_ 243
박용석스시,4.16/5,방문자 리뷰_ 409,블로그 리뷰_ 534
데코아발림본점,4.56/5,방문자 리뷰_ 323,블로그 리뷰_ 446
동교해물,4.52/5,방문자 리뷰_ 93,블로그 리뷰_ 98
맛깔1987,4.46/5,방문자 리뷰_ 222,블로그 리뷰_ 194
문릿아워,4.85/5,방문자 리뷰_ 53,블로그 리뷰_ 6
리춘시장 연남점,4.48/5,방문자 리뷰_ 134,블로그 리뷰_ 94
물고기초밥,4.55/5,방문자 리뷰_ 297,블로그 리뷰_ 688
수염,4.58/5,방문자 리뷰_ 146,블로그 리뷰_ 148
합정광안리,4.47/5,방문자 리뷰_ 351,블로그 리뷰_ 652
또보겠지떡볶이집호호피크닉점,4.57/5,방문자 리뷰_ 752,블로그 리뷰_ 453
멘타카무쇼,4.61/5,방문자 리뷰_ 285,블로그 리뷰_ 124
798화로,4.72/5,방문자 리뷰_ 175,블로그 리뷰_ 609
계담다,4.42/5,방문자 리뷰_ 314,블로그 리뷰_ 291
메이비 케이크 홍대본점,4.47/5,방문자 리뷰_ 294,블로그 리뷰_ 151
배떼기곱창 홍대점,4.4/5,방문자 리뷰_ 356,블로그 리뷰_ 765
티와이티디,,방문자 리뷰_ 114,블로그 리뷰_ 53
손오공마라탕 동교동점,4.47/5,"방문자 리뷰_ 1,676",블로그 리뷰_ 424
또보겠지떡볶이 해피토스점,4.48/5,방문자 리뷰_ 645,블로그 리뷰_ 257
사카바 토리야,,방문자 리뷰_ 108,블로그 리뷰_ 55
더페이머스램,4.44/5,"방문자 리뷰_ 1,121",블로그 리뷰_ 775
핏제리아오 합정역점,,방문자 리뷰_ 32,블로그 리뷰_ 24
너구리베이글 합정점,,방문자 리뷰_ 124,블로그 리뷰_ 62
이양권반상,5/5,방문자 리뷰_ 194,블로그 리뷰_ 109
옹달샘 본점,4.32/5,방문자 리뷰_ 375,블로그 리뷰_ 545
버거스올마이티 홍대점,,방문자 리뷰_ 200,블로그 리뷰_ 125
유경당 연남점,4.34/5,방문자 리뷰_ 457,블로그 리뷰_ 287
플랜트 연남점,4.43/5,방문자 리뷰_ 239,블로그 리뷰_ 168
이가산시도삭면,,방문자 리뷰_ 43,블로그 리뷰_ 22
샐러드 브라더스,4.52/5,방문자 리뷰_ 322,블로그 리뷰_ 232
안녕파스타씨,4.24/5,방문자 리뷰_ 250,"블로그 리뷰_ 1,001"
데우스 카페,4.44/5,방문자 리뷰_ 103,블로그 리뷰_ 104
동차밥,4.6/5,방문자 리뷰_ 513,블로그 리뷰_ 738
차차티클럽 연남,,방문자 리뷰_ 27,블로그 리뷰_ 196
코르크,4.22/5,방문자 리뷰_ 267,블로그 리뷰_ 156
그녀의밥상,4.3/5,방문자 리뷰_ 139,블로그 리뷰_ 200
김사또상수본점,4.45/5,방문자 리뷰_ 294,"블로그 리뷰_ 1,245"
오제키,,방문자 리뷰_ 27,블로그 리뷰_ 17
JASE,4.37/5,방문자 리뷰_ 178,블로그 리뷰_ 480
고시고시,,방문자 리뷰_ 378,블로그 리뷰_ 463
연어롭다,,방문자 리뷰_ 923,"블로그 리뷰_ 1,646"
섬,4.61/5,방문자 리뷰_ 295,블로그 리뷰_ 143
사운드카페 소리,4.5/5,방문자 리뷰_ 81,블로그 리뷰_ 231
가메스시,4.69/5,방문자 리뷰_ 105,블로그 리뷰_ 76
삼청당 홍대본점,4.68/5,방문자 리뷰_ 579,블로그 리뷰_ 46
어리라운지,4.78/5,방문자 리뷰_ 96,블로그 리뷰_ 171
데일리라운드,4.57/5,방문자 리뷰_ 366,블로그 리뷰_ 534
윤서울,4.8/5,방문자 리뷰_ 25,블로그 리뷰_ 71
빵나무,4.55/5,방문자 리뷰_ 637,블로그 리뷰_ 420
바스버거 연남점,4.56/5,방문자 리뷰_ 700,블로그 리뷰_ 415
이미커피,4.76/5,방문자 리뷰_ 162,블로그 리뷰_ 243
박용석스시,4.16/5,방문자 리뷰_ 409,블로그 리뷰_ 534
데코아발림본점,4.56/5,방문자 리뷰_ 323,블로그 리뷰_ 446
동교해물,4.52/5,방문자 리뷰_ 93,블로그 리뷰_ 98
맛깔1987,4.46/5,방문자 리뷰_ 222,블로그 리뷰_ 194
문릿아워,4.85/5,방문자 리뷰_ 53,블로그 리뷰_ 6
리춘시장 연남점,4.48/5,방문자 리뷰_ 134,블로그 리뷰_ 94
물고기초밥,4.55/5,방문자 리뷰_ 297,블로그 리뷰_ 688
수염,4.58/5,방문자 리뷰_ 146,블로그 리뷰_ 148
합정광안리,4.47/5,방문자 리뷰_ 351,블로그 리뷰_ 652
또보겠지떡볶이집호호피크닉점,4.57/5,방문자 리뷰_ 752,블로그 리뷰_ 453
멘타카무쇼,4.61/5,방문자 리뷰_ 285,블로그 리뷰_ 124
798화로,4.72/5,방문자 리뷰_ 175,블로그 리뷰_ 609
계담다,4.42/5,방문자 리뷰_ 314,블로그 리뷰_ 291
메이비 케이크 홍대본점,4.47/5,방문자 리뷰_ 294,블로그 리뷰_ 151
배떼기곱창 홍대점,4.4/5,방문자 리뷰_ 356,블로그 리뷰_ 765
티와이티디,,방문자 리뷰_ 114,블로그 리뷰_ 53
손오공마라탕 동교동점,4.47/5,"방문자 리뷰_ 1,676",블로그 리뷰_ 424
또보겠지떡볶이 해피토스점,4.48/5,방문자 리뷰_ 645,블로그 리뷰_ 257
사카바 토리야,,방문자 리뷰_ 108,블로그 리뷰_ 55
더페이머스램,4.44/5,"방문자 리뷰_ 1,121",블로그 리뷰_ 775
핏제리아오 합정역점,,방문자 리뷰_ 32,블로그 리뷰_ 24
너구리베이글 합정점,,방문자 리뷰_ 124,블로그 리뷰_ 62
이양권반상,5/5,방문자 리뷰_ 194,블로그 리뷰_ 109
옹달샘 본점,4.32/5,방문자 리뷰_ 375,블로그 리뷰_ 545
버거스올마이티 홍대점,,방문자 리뷰_ 200,블로그 리뷰_ 125
유경당 연남점,4.34/5,방문자 리뷰_ 457,블로그 리뷰_ 287
플랜트 연남점,4.43/5,방문자 리뷰_ 239,블로그 리뷰_ 168
이가산시도삭면,,방문자 리뷰_ 43,블로그 리뷰_ 22
샐러드 브라더스,4.52/5,방문자 리뷰_ 322,블로그 리뷰_ 232
안녕파스타씨,4.24/5,방문자 리뷰_ 250,"블로그 리뷰_ 1,001"
데우스 카페,4.44/5,방문자 리뷰_ 103,블로그 리뷰_ 104
동차밥,4.6/5,방문자 리뷰_ 513,블로그 리뷰_ 738
차차티클럽 연남,,방문자 리뷰_ 27,블로그 리뷰_ 196
코르크,4.22/5,방문자 리뷰_ 267,블로그 리뷰_ 156
그녀의밥상,4.3/5,방문자 리뷰_ 139,블로그 리뷰_ 200
김사또상수본점,4.45/5,방문자 리뷰_ 294,"블로그 리뷰_ 1,245"
오제키,,방문자 리뷰_ 27,블로그 리뷰_ 17
JASE,4.37/5,방문자 리뷰_ 178,블로그 리뷰_ 480
고시고시,,방문자 리뷰_ 378,블로그 리뷰_ 463
연어롭다,,방문자 리뷰_ 923,"블로그 리뷰_ 1,646"
섬,4.61/5,방문자 리뷰_ 295,블로그 리뷰_ 143
사운드카페 소리,4.5/5,방문자 리뷰_ 81,블로그 리뷰_ 231
가메스시,4.69/5,방문자 리뷰_ 105,블로그 리뷰_ 76
삼청당 홍대본점,4.68/5,방문자 리뷰_ 579,블로그 리뷰_ 46
어리라운지,4.78/5,방문자 리뷰_ 96,블로그 리뷰_ 171
데일리라운드,4.57/5,방문자 리뷰_ 366,블로그 리뷰_ 534
윤서울,4.8/5,방문자 리뷰_ 25,블로그 리뷰_ 71
빵나무,4.55/5,방문자 리뷰_ 637,블로그 리뷰_ 420
바스버거 연남점,4.56/5,방문자 리뷰_ 700,블로그 리뷰_ 415
이미커피,4.76/5,방문자 리뷰_ 162,블로그 리뷰_ 243
박용석스시,4.16/5,방문자 리뷰_ 409,블로그 리뷰_ 534
데코아발림본점,4.56/5,방문자 리뷰_ 323,블로그 리뷰_ 446
동교해물,4.52/5,방문자 리뷰_ 93,블로그 리뷰_ 98
맛깔1987,4.46/5,방문자 리뷰_ 222,블로그 리뷰_ 194
문릿아워,4.85/5,방문자 리뷰_ 53,블로그 리뷰_ 6
리춘시장 연남점,4.48/5,방문자 리뷰_ 134,블로그 리뷰_ 94
물고기초밥,4.55/5,방문자 리뷰_ 297,블로그 리뷰_ 688
수염,4.58/5,방문자 리뷰_ 146,블로그 리뷰_ 148
합정광안리,4.47/5,방문자 리뷰_ 351,블로그 리뷰_ 652
또보겠지떡볶이집호호피크닉점,4.57/5,방문자 리뷰_ 752,블로그 리뷰_ 453
멘타카무쇼,4.61/5,방문자 리뷰_ 285,블로그 리뷰_ 124
798화로,4.72/5,방문자 리뷰_ 175,블로그 리뷰_ 609
계담다,4.42/5,방문자 리뷰_ 314,블로그 리뷰_ 291
메이비 케이크 홍대본점,4.47/5,방문자 리뷰_ 294,블로그 리뷰_ 151
배떼기곱창 홍대점,4.4/5,방문자 리뷰_ 356,블로그 리뷰_ 765
티와이티디,,방문자 리뷰_ 114,블로그 리뷰_ 53
손오공마라탕 동교동점,4.47/5,"방문자 리뷰_ 1,676",블로그 리뷰_ 424
또보겠지떡볶이 해피토스점,4.48/5,방문자 리뷰_ 645,블로그 리뷰_ 257
사카바 토리야,,방문자 리뷰_ 108,블로그 리뷰_ 55
더페이머스램,4.44/5,"방문자 리뷰_ 1,121",블로그 리뷰_ 775
핏제리아오 합정역점,,방문자 리뷰_ 32,블로그 리뷰_ 24
너구리베이글 합정점,,방문자 리뷰_ 124,블로그 리뷰_ 62
이양권반상,5/5,방문자 리뷰_ 194,블로그 리뷰_ 109
옹달샘 본점,4.32/5,방문자 리뷰_ 375,블로그 리뷰_ 545
버거스올마이티 홍대점,,방문자 리뷰_ 200,블로그 리뷰_ 125
유경당 연남점,4.34/5,방문자 리뷰_ 457,블로그 리뷰_ 287
플랜트 연남점,4.43/5,방문자 리뷰_ 239,블로그 리뷰_ 168
이가산시도삭면,,방문자 리뷰_ 43,블로그 리뷰_ 22
샐러드 브라더스,4.52/5,방문자 리뷰_ 322,블로그 리뷰_ 232
안녕파스타씨,4.24/5,방문자 리뷰_ 250,"블로그 리뷰_ 1,001"
데우스 카페,4.44/5,방문자 리뷰_ 103,블로그 리뷰_ 104
동차밥,4.6/5,방문자 리뷰_ 513,블로그 리뷰_ 738
차차티클럽 연남,,방문자 리뷰_ 27,블로그 리뷰_ 196
코르크,4.22/5,방문자 리뷰_ 267,블로그 리뷰_ 156
그녀의밥상,4.3/5,방문자 리뷰_ 139,블로그 리뷰_ 200
김사또상수본점,4.45/5,방문자 리뷰_ 294,"블로그 리뷰_ 1,245"
오제키,,방문자 리뷰_ 27,블로그 리뷰_ 17
JASE,4.37/5,방문자 리뷰_ 178,블로그 리뷰_ 480
고시고시,,방문자 리뷰_ 378,블로그 리뷰_ 463
연어롭다,,방문자 리뷰_ 923,"블로그 리뷰_ 1,646"
섬,4.61/5,방문자 리뷰_ 295,블로그 리뷰_ 143
사운드카페 소리,4.5/5,방문자 리뷰_ 81,블로그 리뷰_ 231
가메스시,4.69/5,방문자 리뷰_ 105,블로그 리뷰_ 76
삼청당 홍대본점,4.68/5,방문자 리뷰_ 579,블로그 리뷰_ 46
어리라운지,4.78/5,방문자 리뷰_ 96,블로그 리뷰_ 171
데일리라운드,4.57/5,방문자 리뷰_ 366,블로그 리뷰_ 534
윤서울,4.8/5,방문자 리뷰_ 25,블로그 리뷰_ 71
빵나무,4.55/5,방문자 리뷰_ 637,블로그 리뷰_ 420
바스버거 연남점,4.56/5,방문자 리뷰_ 700,블로그 리뷰_ 415
이미커피,4.76/5,방문자 리뷰_ 162,블로그 리뷰_ 243
박용석스시,4.16/5,방문자 리뷰_ 409,블로그 리뷰_ 534
데코아발림본점,4.56/5,방문자 리뷰_ 323,블로그 리뷰_ 446
동교해물,4.52/5,방문자 리뷰_ 93,블로그 리뷰_ 98
맛깔1987,4.46/5,방문자 리뷰_ 222,블로그 리뷰_ 194
문릿아워,4.85/5,방문자 리뷰_ 53,블로그 리뷰_ 6
리춘시장 연남점,4.48/5,방문자 리뷰_ 134,블로그 리뷰_ 94
물고기초밥,4.55/5,방문자 리뷰_ 297,블로그 리뷰_ 688
수염,4.58/5,방문자 리뷰_ 146,블로그 리뷰_ 148
합정광안리,4.47/5,방문자 리뷰_ 351,블로그 리뷰_ 652
또보겠지떡볶이집호호피크닉점,4.57/5,방문자 리뷰_ 752,블로그 리뷰_ 453
멘타카무쇼,4.61/5,방문자 리뷰_ 285,블로그 리뷰_ 124
798화로,4.72/5,방문자 리뷰_ 175,블로그 리뷰_ 609
계담다,4.42/5,방문자 리뷰_ 314,블로그 리뷰_ 291
메이비 케이크 홍대본점,4.47/5,방문자 리뷰_ 294,블로그 리뷰_ 151
배떼기곱창 홍대점,4.4/5,방문자 리뷰_ 356,블로그 리뷰_ 765
티와이티디,,방문자 리뷰_ 114,블로그 리뷰_ 53
손오공마라탕 동교동점,4.47/5,"방문자 리뷰_ 1,676",블로그 리뷰_ 424
또보겠지떡볶이 해피토스점,4.48/5,방문자 리뷰_ 645,블로그 리뷰_ 257
사카바 토리야,,방문자 리뷰_ 108,블로그 리뷰_ 55
더페이머스램,4.44/5,"방문자 리뷰_ 1,121",블로그 리뷰_ 775
핏제리아오 합정역점,,방문자 리뷰_ 32,블로그 리뷰_ 24
너구리베이글 합정점,,방문자 리뷰_ 124,블로그 리뷰_ 62
이양권반상,5/5,방문자 리뷰_ 194,블로그 리뷰_ 109
옹달샘 본점,4.32/5,방문자 리뷰_ 375,블로그 리뷰_ 545
버거스올마이티 홍대점,,방문자 리뷰_ 200,블로그 리뷰_ 125
유경당 연남점,4.34/5,방문자 리뷰_ 457,블로그 리뷰_ 287
플랜트 연남점,4.43/5,방문자 리뷰_ 239,블로그 리뷰_ 168
이가산시도삭면,,방문자 리뷰_ 43,블로그 리뷰_ 22
샐러드 브라더스,4.52/5,방문자 리뷰_ 322,블로그 리뷰_ 232
안녕파스타씨,4.24/5,방문자 리뷰_ 250,"블로그 리뷰_ 1,001"
데우스 카페,4.44/5,방문자 리뷰_ 103,블로그 리뷰_ 104
동차밥,4.6/5,방문자 리뷰_ 513,블로그 리뷰_ 738
차차티클럽 연남,,방문자 리뷰_ 27,블로그 리뷰_ 196
코르크,4.22/5,방문자 리뷰_ 267,블로그 리뷰_ 156
그녀의밥상,4.3/5,방문자 리뷰_ 139,블로그 리뷰_ 200
김사또상수본점,4.45/5,방문자 리뷰_ 294,"블로그 리뷰_ 1,245"
오제키,,방문자 리뷰_ 27,블로그 리뷰_ 17
JASE,4.37/5,방문자 리뷰_ 178,블로그 리뷰_ 480
고시고시,,방문자 리뷰_ 378,블로그 리뷰_ 463
연어롭다,,방문자 리뷰_ 923,"블로그 리뷰_ 1,646"
섬,4.61/5,방문자 리뷰_ 295,블로그 리뷰_ 143
사운드카페 소리,4.5/5,방문자 리뷰_ 81,블로그 리뷰_ 231
가메스시,4.69/5,방문자 리뷰_ 105,블로그 리뷰_ 76
삼청당 홍대본점,4.68/5,방문자 리뷰_ 579,블로그 리뷰_ 46
어리라운지,4.78/5,방문자 리뷰_ 96,블로그 리뷰_ 171
데일리라운드,4.57/5,방문자 리뷰_ 366,블로그 리뷰_ 534
윤서울,4.8/5,방문자 리뷰_ 25,블로그 리뷰_ 71
빵나무,4.55/5,방문자 리뷰_ 637,블로그 리뷰_ 420
바스버거 연남점,4.56/5,방문자 리뷰_ 700,블로그 리뷰_ 415
이미커피,4.76/5,방문자 리뷰_ 162,블로그 리뷰_ 243
박용석스시,4.16/5,방문자 리뷰_ 409,블로그 리뷰_ 534
데코아발림본점,4.56/5,방문자 리뷰_ 323,블로그 리뷰_ 446
동교해물,4.52/5,방문자 리뷰_ 93,블로그 리뷰_ 99
맛깔1987,4.46/5,방문자 리뷰_ 222,블로그 리뷰_ 194
문릿아워,4.85/5,방문자 리뷰_ 53,블로그 리뷰_ 6
리춘시장 연남점,4.48/5,방문자 리뷰_ 134,블로그 리뷰_ 94
물고기초밥,4.55/5,방문자 리뷰_ 297,블로그 리뷰_ 688
수염,4.58/5,방문자 리뷰_ 146,블로그 리뷰_ 148
합정광안리,4.47/5,방문자 리뷰_ 351,블로그 리뷰_ 652
또보겠지떡볶이집호호피크닉점,4.57/5,방문자 리뷰_ 752,블로그 리뷰_ 453
멘타카무쇼,4.61/5,방문자 리뷰_ 285,블로그 리뷰_ 124
798화로,4.72/5,방문자 리뷰_ 175,블로그 리뷰_ 609
계담다,4.42/5,방문자 리뷰_ 314,블로그 리뷰_ 291
메이비 케이크 홍대본점,4.47/5,방문자 리뷰_ 294,블로그 리뷰_ 151
배떼기곱창 홍대점,4.4/5,방문자 리뷰_ 356,블로그 리뷰_ 765
티와이티디,,방문자 리뷰_ 114,블로그 리뷰_ 53
손오공마라탕 동교동점,4.47/5,"방문자 리뷰_ 1,676",블로그 리뷰_ 424
또보겠지떡볶이 해피토스점,4.48/5,방문자 리뷰_ 645,블로그 리뷰_ 257
사카바 토리야,,방문자 리뷰_ 108,블로그 리뷰_ 55
더페이머스램,4.44/5,"방문자 리뷰_ 1,121",블로그 리뷰_ 775
핏제리아오 합정역점,,방문자 리뷰_ 32,블로그 리뷰_ 24
너구리베이글 합정점,,방문자 리뷰_ 124,블로그 리뷰_ 62
이양권반상,5/5,방문자 리뷰_ 194,블로그 리뷰_ 109
옹달샘 본점,4.32/5,방문자 리뷰_ 375,블로그 리뷰_ 545
버거스올마이티 홍대점,,방문자 리뷰_ 200,블로그 리뷰_ 125
유경당 연남점,4.34/5,방문자 리뷰_ 457,블로그 리뷰_ 287
플랜트 연남점,4.43/5,방문자 리뷰_ 239,블로그 리뷰_ 168
이가산시도삭면,,방문자 리뷰_ 43,블로그 리뷰_ 22
샐러드 브라더스,4.52/5,방문자 리뷰_ 322,블로그 리뷰_ 232
안녕파스타씨,4.24/5,방문자 리뷰_ 250,"블로그 리뷰_ 1,001"
데우스 카페,4.44/5,방문자 리뷰_ 103,블로그 리뷰_ 104
동차밥,4.6/5,방문자 리뷰_ 513,블로그 리뷰_ 738
차차티클럽 연남,,방문자 리뷰_ 27,블로그 리뷰_ 196
코르크,4.22/5,방문자 리뷰_ 267,블로그 리뷰_ 156
그녀의밥상,4.3/5,방문자 리뷰_ 139,블로그 리뷰_ 200
김사또상수본점,4.45/5,방문자 리뷰_ 294,"블로그 리뷰_ 1,245"
오제키,,방문자 리뷰_ 27,블로그 리뷰_ 17
JASE,4.37/5,방문자 리뷰_ 178,블로그 리뷰_ 480
고시고시,,방문자 리뷰_ 378,블로그 리뷰_ 463
연어롭다,,방문자 리뷰_ 923,"블로그 리뷰_ 1,646"
섬,4.61/5,방문자 리뷰_ 295,블로그 리뷰_ 143
사운드카페 소리,4.5/5,방문자 리뷰_ 81,블로그 리뷰_ 231
가메스시,4.69/5,방문자 리뷰_ 105,블로그 리뷰_ 76
삼청당 홍대본점,4.68/5,방문자 리뷰_ 579,블로그 리뷰_ 46
어리라운지,4.78/5,방문자 리뷰_ 96,블로그 리뷰_ 171
데일리라운드,4.57/5,방문자 리뷰_ 366,블로그 리뷰_ 534
윤서울,4.8/5,방문자 리뷰_ 25,블로그 리뷰_ 71
빵나무,4.55/5,방문자 리뷰_ 637,블로그 리뷰_ 420
바스버거 연남점,4.56/5,방문자 리뷰_ 700,블로그 리뷰_ 415
이미커피,4.76/5,방문자 리뷰_ 162,블로그 리뷰_ 243
박용석스시,4.16/5,방문자 리뷰_ 409,블로그 리뷰_ 534
데코아발림본점,4.56/5,방문자 리뷰_ 323,블로그 리뷰_ 446
동교해물,4.52/5,방문자 리뷰_ 93,블로그 리뷰_ 99
맛깔1987,4.46/5,방문자 리뷰_ 222,블로그 리뷰_ 194
문릿아워,4.85/5,방문자 리뷰_ 53,블로그 리뷰_ 6
리춘시장 연남점,4.48/5,방문자 리뷰_ 134,블로그 리뷰_ 94
물고기초밥,4.55/5,방문자 리뷰_ 297,블로그 리뷰_ 688
수염,4.58/5,방문자 리뷰_ 146,블로그 리뷰_ 148
합정광안리,4.47/5,방문자 리뷰_ 351,블로그 리뷰_ 652
또보겠지떡볶이집호호피크닉점,4.57/5,방문자 리뷰_ 752,블로그 리뷰_ 453
멘타카무쇼,4.61/5,방문자 리뷰_ 285,블로그 리뷰_ 124
798화로,4.72/5,방문자 리뷰_ 175,블로그 리뷰_ 609
계담다,4.42/5,방문자 리뷰_ 314,블로그 리뷰_ 291
메이비 케이크 홍대본점,4.47/5,방문자 리뷰_ 294,블로그 리뷰_ 151
배떼기곱창 홍대점,4.4/5,방문자 리뷰_ 356,블로그 리뷰_ 765
티와이티디,,방문자 리뷰_ 114,블로그 리뷰_ 53
손오공마라탕 동교동점,4.47/5,"방문자 리뷰_ 1,676",블로그 리뷰_ 424
또보겠지떡볶이 해피토스점,4.48/5,방문자 리뷰_ 645,블로그 리뷰_ 257
사카바 토리야,,방문자 리뷰_ 108,블로그 리뷰_ 55
더페이머스램,4.44/5,"방문자 리뷰_ 1,121",블로그 리뷰_ 775
핏제리아오 합정역점,,방문자 리뷰_ 32,블로그 리뷰_ 24
너구리베이글 합정점,,방문자 리뷰_ 124,블로그 리뷰_ 62
이양권반상,5/5,방문자 리뷰_ 194,블로그 리뷰_ 109
옹달샘 본점,4.32/5,방문자 리뷰_ 375,블로그 리뷰_ 545
버거스올마이티 홍대점,,방문자 리뷰_ 200,블로그 리뷰_ 125
유경당 연남점,4.34/5,방문자 리뷰_ 457,블로그 리뷰_ 287
플랜트 연남점,4.43/5,방문자 리뷰_ 239,블로그 리뷰_ 168
이가산시도삭면,,방문자 리뷰_ 43,블로그 리뷰_ 22
샐러드 브라더스,4.52/5,방문자 리뷰_ 322,블로그 리뷰_ 232
안녕파스타씨,4.24/5,방문자 리뷰_ 250,"블로그 리뷰_ 1,001"
데우스 카페,4.44/5,방문자 리뷰_ 103,블로그 리뷰_ 105
동차밥,4.6/5,방문자 리뷰_ 513,블로그 리뷰_ 738
차차티클럽 연남,,방문자 리뷰_ 27,블로그 리뷰_ 196
코르크,4.22/5,방문자 리뷰_ 267,블로그 리뷰_ 156
그녀의밥상,4.3/5,방문자 리뷰_ 139,블로그 리뷰_ 200
김사또상수본점,4.45/5,방문자 리뷰_ 294,"블로그 리뷰_ 1,245"
오제키,,방문자 리뷰_ 27,블로그 리뷰_ 17
JASE,4.37/5,방문자 리뷰_ 178,블로그 리뷰_ 480
고시고시,,방문자 리뷰_ 378,블로그 리뷰_ 463
연어롭다,,방문자 리뷰_ 923,"블로그 리뷰_ 1,646"
섬,4.61/5,방문자 리뷰_ 295,블로그 리뷰_ 143
사운드카페 소리,4.5/5,방문자 리뷰_ 81,블로그 리뷰_ 231
가메스시,4.69/5,방문자 리뷰_ 105,블로그 리뷰_ 76
삼청당 홍대본점,4.68/5,방문자 리뷰_ 579,블로그 리뷰_ 46
어리라운지,4.78/5,방문자 리뷰_ 96,블로그 리뷰_ 171
데일리라운드,4.57/5,방문자 리뷰_ 366,블로그 리뷰_ 534
윤서울,4.8/5,방문자 리뷰_ 25,블로그 리뷰_ 71
빵나무,4.55/5,방문자 리뷰_ 637,블로그 리뷰_ 420
바스버거 연남점,4.56/5,방문자 리뷰_ 700,블로그 리뷰_ 415
이미커피,4.76/5,방문자 리뷰_ 162,블로그 리뷰_ 243
박용석스시,4.16/5,방문자 리뷰_ 409,블로그 리뷰_ 534
데코아발림본점,4.56/5,방문자 리뷰_ 323,블로그 리뷰_ 446
동교해물,4.52/5,방문자 리뷰_ 93,블로그 리뷰_ 99
맛깔1987,4.46/5,방문자 리뷰_ 222,블로그 리뷰_ 194
문릿아워,4.85/5,방문자 리뷰_ 53,블로그 리뷰_ 6
리춘시장 연남점,4.48/5,방문자 리뷰_ 134,블로그 리뷰_ 94
물고기초밥,4.55/5,방문자 리뷰_ 297,블로그 리뷰_ 688
수염,4.58/5,방문자 리뷰_ 146,블로그 리뷰_ 148
합정광안리,4.47/5,방문자 리뷰_ 351,블로그 리뷰_ 652
또보겠지떡볶이집호호피크닉점,4.57/5,방문자 리뷰_ 752,블로그 리뷰_ 453
멘타카무쇼,4.61/5,방문자 리뷰_ 285,블로그 리뷰_ 124
798화로,4.72/5,방문자 리뷰_ 175,블로그 리뷰_ 609
계담다,4.42/5,방문자 리뷰_ 314,블로그 리뷰_ 291
메이비 케이크 홍대본점,4.47/5,방문자 리뷰_ 294,블로그 리뷰_ 151
배떼기곱창 홍대점,4.4/5,방문자 리뷰_ 356,블로그 리뷰_ 765
티와이티디,,방문자 리뷰_ 114,블로그 리뷰_ 53
손오공마라탕 동교동점,4.47/5,"방문자 리뷰_ 1,676",블로그 리뷰_ 424
또보겠지떡볶이 해피토스점,4.48/5,방문자 리뷰_ 645,블로그 리뷰_ 257
사카바 토리야,,방문자 리뷰_ 108,블로그 리뷰_ 55
더페이머스램,4.44/5,"방문자 리뷰_ 1,121",블로그 리뷰_ 775
핏제리아오 합정역점,,방문자 리뷰_ 32,블로그 리뷰_ 24
너구리베이글 합정점,,방문자 리뷰_ 124,블로그 리뷰_ 62
이양권반상,5/5,방문자 리뷰_ 194,블로그 리뷰_ 109
옹달샘 본점,4.32/5,방문자 리뷰_ 375,블로그 리뷰_ 545
버거스올마이티 홍대점,,방문자 리뷰_ 200,블로그 리뷰_ 125
유경당 연남점,4.34/5,방문자 리뷰_ 457,블로그 리뷰_ 287
플랜트 연남점,4.43/5,방문자 리뷰_ 239,블로그 리뷰_ 168
이가산시도삭면,,방문자 리뷰_ 43,블로그 리뷰_ 22
샐러드 브라더스,4.52/5,방문자 리뷰_ 322,블로그 리뷰_ 232
안녕파스타씨,4.24/5,방문자 리뷰_ 250,"블로그 리뷰_ 1,001"
데우스 카페,4.44/5,방문자 리뷰_ 103,블로그 리뷰_ 105
동차밥,4.6/5,방문자 리뷰_ 513,블로그 리뷰_ 738
차차티클럽 연남,,방문자 리뷰_ 27,블로그 리뷰_ 196
코르크,4.22/5,방문자 리뷰_ 267,블로그 리뷰_ 156
그녀의밥상,4.3/5,방문자 리뷰_ 139,블로그 리뷰_ 200
김사또상수본점,4.45/5,방문자 리뷰_ 294,"블로그 리뷰_ 1,245"
오제키,,방문자 리뷰_ 27,블로그 리뷰_ 17
JASE,4.37/5,방문자 리뷰_ 178,블로그 리뷰_ 480
고시고시,,방문자 리뷰_ 378,블로그 리뷰_ 463
연어롭다,,방문자 리뷰_ 923,"블로그 리뷰_ 1,646"
섬,4.61/5,방문자 리뷰_ 295,블로그 리뷰_ 143
사운드카페 소리,4.5/5,방문자 리뷰_ 81,블로그 리뷰_ 231
가메스시,4.69/5,방문자 리뷰_ 105,블로그 리뷰_ 76
삼청당 홍대본점,4.68/5,방문자 리뷰_ 579,블로그 리뷰_ 46
어리라운지,4.78/5,방문자 리뷰_ 96,블로그 리뷰_ 171
데일리라운드,4.57/5,방문자 리뷰_ 366,블로그 리뷰_ 534
윤서울,4.8/5,방문자 리뷰_ 25,블로그 리뷰_ 71
빵나무,4.55/5,방문자 리뷰_ 637,블로그 리뷰_ 420
바스버거 연남점,4.56/5,방문자 리뷰_ 700,블로그 리뷰_ 415
이미커피,4.76/5,방문자 리뷰_ 162,블로그 리뷰_ 243
박용석스시,4.16/5,방문자 리뷰_ 409,블로그 리뷰_ 534
데코아발림본점,4.56/5,방문자 리뷰_ 323,블로그 리뷰_ 446
동교해물,4.52/5,방문자 리뷰_ 93,블로그 리뷰_ 99
맛깔1987,4.46/5,방문자 리뷰_ 222,블로그 리뷰_ 194
문릿아워,4.85/5,방문자 리뷰_ 53,블로그 리뷰_ 6
리춘시장 연남점,4.48/5,방문자 리뷰_ 134,블로그 리뷰_ 94
물고기초밥,4.55/5,방문자 리뷰_ 297,블로그 리뷰_ 688
수염,4.58/5,방문자 리뷰_ 146,블로그 리뷰_ 148
합정광안리,4.47/5,방문자 리뷰_ 351,블로그 리뷰_ 652
또보겠지떡볶이집호호피크닉점,4.57/5,방문자 리뷰_ 752,블로그 리뷰_ 453
멘타카무쇼,4.61/5,방문자 리뷰_ 285,블로그 리뷰_ 124
798화로,4.72/5,방문자 리뷰_ 175,블로그 리뷰_ 609
계담다,4.42/5,방문자 리뷰_ 314,블로그 리뷰_ 291
메이비 케이크 홍대본점,4.47/5,방문자 리뷰_ 294,블로그 리뷰_ 151
배떼기곱창 홍대점,4.4/5,방문자 리뷰_ 356,블로그 리뷰_ 765
티와이티디,,방문자 리뷰_ 114,블로그 리뷰_ 53
손오공마라탕 동교동점,4.47/5,"방문자 리뷰_ 1,676",블로그 리뷰_ 424
또보겠지떡볶이 해피토스점,4.48/5,방문자 리뷰_ 645,블로그 리뷰_ 257
사카바 토리야,,방문자 리뷰_ 108,블로그 리뷰_ 55
더페이머스램,4.44/5,"방문자 리뷰_ 1,121",블로그 리뷰_ 775
핏제리아오 합정역점,,방문자 리뷰_ 32,블로그 리뷰_ 24
너구리베이글 합정점,,방문자 리뷰_ 124,블로그 리뷰_ 62
이양권반상,5/5,방문자 리뷰_ 194,블로그 리뷰_ 109
옹달샘 본점,4.32/5,방문자 리뷰_ 375,블로그 리뷰_ 545
버거스올마이티 홍대점,,방문자 리뷰_ 200,블로그 리뷰_ 125
유경당 연남점,4.34/5,방문자 리뷰_ 457,블로그 리뷰_ 287
플랜트 연남점,4.43/5,방문자 리뷰_ 239,블로그 리뷰_ 168
이가산시도삭면,,방문자 리뷰_ 43,블로그 리뷰_ 22
샐러드 브라더스,4.52/5,방문자 리뷰_ 322,블로그 리뷰_ 232
안녕파스타씨,4.24/5,방문자 리뷰_ 250,"블로그 리뷰_ 1,001"
데우스 카페,4.44/5,방문자 리뷰_ 103,블로그 리뷰_ 105
동차밥,4.6/5,방문자 리뷰_ 513,블로그 리뷰_ 738
차차티클럽 연남,,방문자 리뷰_ 27,블로그 리뷰_ 196
코르크,4.22/5,방문자 리뷰_ 267,블로그 리뷰_ 156
그녀의밥상,4.3/5,방문자 리뷰_ 139,블로그 리뷰_ 200
김사또상수본점,4.45/5,방문자 리뷰_ 294,"블로그 리뷰_ 1,245"
오제키,,방문자 리뷰_ 27,블로그 리뷰_ 17
JASE,4.37/5,방문자 리뷰_ 178,블로그 리뷰_ 480
고시고시,,방문자 리뷰_ 378,블로그 리뷰_ 463
연어롭다,,방문자 리뷰_ 923,"블로그 리뷰_ 1,646"
섬,4.61/5,방문자 리뷰_ 295,블로그 리뷰_ 143
사운드카페 소리,4.5/5,방문자 리뷰_ 81,블로그 리뷰_ 231
가메스시,4.69/5,방문자 리뷰_ 105,블로그 리뷰_ 76
삼청당 홍대본점,4.68/5,방문자 리뷰_ 579,블로그 리뷰_ 46
어리라운지,4.78/5,방문자 리뷰_ 96,블로그 리뷰_ 171
데일리라운드,4.57/5,방문자 리뷰_ 366,블로그 리뷰_ 534
윤서울,4.8/5,방문자 리뷰_ 25,블로그 리뷰_ 71
빵나무,4.55/5,방문자 리뷰_ 637,블로그 리뷰_ 420
바스버거 연남점,4.56/5,방문자 리뷰_ 700,블로그 리뷰_ 415
이미커피,4.76/5,방문자 리뷰_ 162,블로그 리뷰_ 243
박용석스시,4.16/5,방문자 리뷰_ 409,블로그 리뷰_ 534
데코아발림본점,4.56/5,방문자 리뷰_ 323,블로그 리뷰_ 446
동교해물,4.52/5,방문자 리뷰_ 93,블로그 리뷰_ 99
맛깔1987,4.46/5,방문자 리뷰_ 222,블로그 리뷰_ 194
문릿아워,4.85/5,방문자 리뷰_ 53,블로그 리뷰_ 6
리춘시장 연남점,4.48/5,방문자 리뷰_ 134,블로그 리뷰_ 94
물고기초밥,4.55/5,방문자 리뷰_ 297,블로그 리뷰_ 688
수염,4.58/5,방문자 리뷰_ 146,블로그 리뷰_ 148
합정광안리,4.47/5,방문자 리뷰_ 351,블로그 리뷰_ 652
또보겠지떡볶이집호호피크닉점,4.57/5,방문자 리뷰_ 752,블로그 리뷰_ 453
멘타카무쇼,4.61/5,방문자 리뷰_ 285,블로그 리뷰_ 124
798화로,4.72/5,방문자 리뷰_ 175,블로그 리뷰_ 609
계담다,4.42/5,방문자 리뷰_ 314,블로그 리뷰_ 291
메이비 케이크 홍대본점,4.47/5,방문자 리뷰_ 294,블로그 리뷰_ 151
배떼기곱창 홍대점,4.4/5,방문자 리뷰_ 356,블로그 리뷰_ 765
티와이티디,,방문자 리뷰_ 114,블로그 리뷰_ 53
손오공마라탕 동교동점,4.47/5,"방문자 리뷰_ 1,676",블로그 리뷰_ 424
또보겠지떡볶이 해피토스점,4.48/5,방문자 리뷰_ 645,블로그 리뷰_ 257
사카바 토리야,,방문자 리뷰_ 108,블로그 리뷰_ 55
더페이머스램,4.44/5,"방문자 리뷰_ 1,121",블로그 리뷰_ 775
핏제리아오 합정역점,,방문자 리뷰_ 32,블로그 리뷰_ 24
너구리베이글 합정점,,방문자 리뷰_ 124,블로그 리뷰_ 62
이양권반상,5/5,방문자 리뷰_ 194,블로그 리뷰_ 109
옹달샘 본점,4.32/5,방문자 리뷰_ 375,블로그 리뷰_ 545
버거스올마이티 홍대점,,방문자 리뷰_ 200,블로그 리뷰_ 125
유경당 연남점,4.34/5,방문자 리뷰_ 457,블로그 리뷰_ 287
플랜트 연남점,4.43/5,방문자 리뷰_ 239,블로그 리뷰_ 168
이가산시도삭면,,방문자 리뷰_ 43,블로그 리뷰_ 22
샐러드 브라더스,4.52/5,방문자 리뷰_ 322,블로그 리뷰_ 232
안녕파스타씨,4.24/5,방문자 리뷰_ 250,"블로그 리뷰_ 1,001"
데우스 카페,4.44/5,방문자 리뷰_ 103,블로그 리뷰_ 105
동차밥,4.6/5,방문자 리뷰_ 513,블로그 리뷰_ 738
차차티클럽 연남,,방문자 리뷰_ 27,블로그 리뷰_ 196
코르크,4.22/5,방문자 리뷰_ 267,블로그 리뷰_ 156
그녀의밥상,4.3/5,방문자 리뷰_ 139,블로그 리뷰_ 200
김사또상수본점,4.45/5,방문자 리뷰_ 294,"블로그 리뷰_ 1,245"
오제키,,방문자 리뷰_ 27,블로그 리뷰_ 17
JASE,4.37/5,방문자 리뷰_ 178,블로그 리뷰_ 480
고시고시,,방문자 리뷰_ 378,블로그 리뷰_ 463
연어롭다,,방문자 리뷰_ 923,"블로그 리뷰_ 1,646"
섬,4.61/5,방문자 리뷰_ 295,블로그 리뷰_ 143
사운드카페 소리,4.5/5,방문자 리뷰_ 81,블로그 리뷰_ 231
가메스시,4.69/5,방문자 리뷰_ 105,블로그 리뷰_ 76
삼청당 홍대본점,4.68/5,방문자 리뷰_ 579,블로그 리뷰_ 46
어리라운지,4.78/5,방문자 리뷰_ 96,블로그 리뷰_ 171
데일리라운드,4.57/5,방문자 리뷰_ 366,블로그 리뷰_ 534
윤서울,4.8/5,방문자 리뷰_ 25,블로그 리뷰_ 71
빵나무,4.55/5,방문자 리뷰_ 637,블로그 리뷰_ 420
바스버거 연남점,4.56/5,방문자 리뷰_ 700,블로그 리뷰_ 415
이미커피,4.76/5,방문자 리뷰_ 162,블로그 리뷰_ 243
박용석스시,4.16/5,방문자 리뷰_ 409,블로그 리뷰_ 534
데코아발림본점,4.56/5,방문자 리뷰_ 323,블로그 리뷰_ 446
동교해물,4.52/5,방문자 리뷰_ 93,블로그 리뷰_ 99
맛깔1987,4.46/5,방문자 리뷰_ 222,블로그 리뷰_ 194
문릿아워,4.85/5,방문자 리뷰_ 54,블로그 리뷰_ 6
리춘시장 연남점,4.48/5,방문자 리뷰_ 134,블로그 리뷰_ 94
물고기초밥,4.55/5,방문자 리뷰_ 297,블로그 리뷰_ 688
수염,4.58/5,방문자 리뷰_ 146,블로그 리뷰_ 148
합정광안리,4.47/5,방문자 리뷰_ 351,블로그 리뷰_ 652
또보겠지떡볶이집호호피크닉점,4.57/5,방문자 리뷰_ 752,블로그 리뷰_ 453
멘타카무쇼,4.61/5,방문자 리뷰_ 285,블로그 리뷰_ 124
798화로,4.72/5,방문자 리뷰_ 175,블로그 리뷰_ 609
계담다,4.42/5,방문자 리뷰_ 314,블로그 리뷰_ 291
메이비 케이크 홍대본점,4.47/5,방문자 리뷰_ 294,블로그 리뷰_ 151
배떼기곱창 홍대점,4.4/5,방문자 리뷰_ 356,블로그 리뷰_ 765
티와이티디,,방문자 리뷰_ 114,블로그 리뷰_ 53
손오공마라탕 동교동점,4.47/5,"방문자 리뷰_ 1,676",블로그 리뷰_ 424
또보겠지떡볶이 해피토스점,4.48/5,방문자 리뷰_ 645,블로그 리뷰_ 257
사카바 토리야,,방문자 리뷰_ 108,블로그 리뷰_ 55
더페이머스램,4.44/5,"방문자 리뷰_ 1,121",블로그 리뷰_ 775
핏제리아오 합정역점,,방문자 리뷰_ 32,블로그 리뷰_ 24
너구리베이글 합정점,,방문자 리뷰_ 124,블로그 리뷰_ 62
이양권반상,5/5,방문자 리뷰_ 194,블로그 리뷰_ 109
옹달샘 본점,4.32/5,방문자 리뷰_ 375,블로그 리뷰_ 545
버거스올마이티 홍대점,,방문자 리뷰_ 200,블로그 리뷰_ 125
유경당 연남점,4.34/5,방문자 리뷰_ 457,블로그 리뷰_ 287
플랜트 연남점,4.43/5,방문자 리뷰_ 239,블로그 리뷰_ 168
이가산시도삭면,,방문자 리뷰_ 43,블로그 리뷰_ 22
샐러드 브라더스,4.52/5,방문자 리뷰_ 322,블로그 리뷰_ 232
안녕파스타씨,4.24/5,방문자 리뷰_ 250,"블로그 리뷰_ 1,001"
데우스 카페,4.44/5,방문자 리뷰_ 103,블로그 리뷰_ 105
동차밥,4.6/5,방문자 리뷰_ 513,블로그 리뷰_ 738
차차티클럽 연남,,방문자 리뷰_ 27,블로그 리뷰_ 196
코르크,4.22/5,방문자 리뷰_ 267,블로그 리뷰_ 156
그녀의밥상,4.3/5,방문자 리뷰_ 139,블로그 리뷰_ 200
김사또상수본점,4.45/5,방문자 리뷰_ 294,"블로그 리뷰_ 1,245"
오제키,,방문자 리뷰_ 27,블로그 리뷰_ 17
JASE,4.37/5,방문자 리뷰_ 178,블로그 리뷰_ 480
고시고시,,방문자 리뷰_ 378,블로그 리뷰_ 463
연어롭다,,방문자 리뷰_ 923,"블로그 리뷰_ 1,646"
섬,4.61/5,방문자 리뷰_ 295,블로그 리뷰_ 143
사운드카페 소리,4.5/5,방문자 리뷰_ 81,블로그 리뷰_ 231
가메스시,4.69/5,방문자 리뷰_ 105,블로그 리뷰_ 76
삼청당 홍대본점,4.68/5,방문자 리뷰_ 579,블로그 리뷰_ 46
어리라운지,4.78/5,방문자 리뷰_ 96,블로그 리뷰_ 171
데일리라운드,4.57/5,방문자 리뷰_ 366,블로그 리뷰_ 534
윤서울,4.8/5,방문자 리뷰_ 25,블로그 리뷰_ 71
빵나무,4.55/5,방문자 리뷰_ 637,블로그 리뷰_ 420
바스버거 연남점,4.56/5,방문자 리뷰_ 700,블로그 리뷰_ 415
이미커피,4.76/5,방문자 리뷰_ 162,블로그 리뷰_ 243
박용석스시,4.16/5,방문자 리뷰_ 409,블로그 리뷰_ 534
데코아발림본점,4.56/5,방문자 리뷰_ 323,블로그 리뷰_ 446
동교해물,4.52/5,방문자 리뷰_ 93,블로그 리뷰_ 99
맛깔1987,4.46/5,방문자 리뷰_ 222,블로그 리뷰_ 194
문릿아워,4.85/5,방문자 리뷰_ 54,블로그 리뷰_ 6
리춘시장 연남점,4.48/5,방문자 리뷰_ 134,블로그 리뷰_ 94
