,name,score,visitCount,blogCount
0,도도곱창 건대본점,4.72/5,방문자 리뷰_ 548,블로그 리뷰_ 309
1,도단집,4.66/5,방문자 리뷰_ 448,블로그 리뷰_ 208
2,송화산시도삭면,4.53/5,"방문자 리뷰_ 1,046","블로그 리뷰_ 1,426"
3,서북면옥,4.26/5,"방문자 리뷰_ 1,199","블로그 리뷰_ 1,403"
4,오마카세 오사이초밥 건대본점,4.8/5,"방문자 리뷰_ 2,314",블로그 리뷰_ 389
5,매운향솥 마라탕 마라샹궈,4.47/5,방문자 리뷰_ 981,"블로그 리뷰_ 1,057"
6,송화산시도삭면 2호점,4.44/5,"방문자 리뷰_ 1,509",블로그 리뷰_ 543
7,에스프레소바 투또톤토,4.44/5,방문자 리뷰_ 140,블로그 리뷰_ 66
8,마초쉐프 건대점,4.7/5,"방문자 리뷰_ 2,010",블로그 리뷰_ 943
9,로니로티 건대점,4.47/5,"방문자 리뷰_ 1,953","블로그 리뷰_ 1,667"
10,비에이치테이블,4.54/5,방문자 리뷰_ 289,블로그 리뷰_ 384
11,오코노미야키식당하나,4.52/5,방문자 리뷰_ 576,블로그 리뷰_ 479
12,모츠커피,4.65/5,방문자 리뷰_ 265,블로그 리뷰_ 259
13,포비,4.45/5,방문자 리뷰_ 428,블로그 리뷰_ 631
14,daughter,4.49/5,방문자 리뷰_ 547,블로그 리뷰_ 716
15,페스타마레 건대본점,4.72/5,"방문자 리뷰_ 3,278","블로그 리뷰_ 1,344"
16,오우,4.72/5,방문자 리뷰_ 53,블로그 리뷰_ 25
17,감성타코 건대점,4.32/5,"방문자 리뷰_ 1,113",블로그 리뷰_ 870
18,봉자마라탕,4.25/5,방문자 리뷰_ 103,블로그 리뷰_ 340
19,민벅 건대본점,4.31/5,"방문자 리뷰_ 2,843","블로그 리뷰_ 1,704"
20,더 클래식 500 라구뜨,4.56/5,"방문자 리뷰_ 3,334","블로그 리뷰_ 1,003"
21,백소정 건대본점,4.56/5,"방문자 리뷰_ 1,951",블로그 리뷰_ 174
22,고기굽는놈,4.64/5,방문자 리뷰_ 815,블로그 리뷰_ 980
23,심야식당 후타리,4.79/5,방문자 리뷰_ 389,블로그 리뷰_ 257
24,뽕사부,4.61/5,"방문자 리뷰_ 2,204",블로그 리뷰_ 350
25,요비,4.41/5,방문자 리뷰_ 102,블로그 리뷰_ 308
26,송화양꼬치,4.48/5,방문자 리뷰_ 702,블로그 리뷰_ 752
27,화기애애 건대본점,4.56/5,방문자 리뷰_ 608,"블로그 리뷰_ 1,137"
28,라화쿵부 건대점,4.66/5,"방문자 리뷰_ 6,710","블로그 리뷰_ 1,326"
29,장미술상 건대점,4.96/5,방문자 리뷰_ 257,블로그 리뷰_ 143
30,아찌떡볶이,4.33/5,방문자 리뷰_ 901,블로그 리뷰_ 465
31,함흥본가면옥,4.37/5,"방문자 리뷰_ 2,461",블로그 리뷰_ 351
32,마당족발,4.37/5,방문자 리뷰_ 315,블로그 리뷰_ 423
33,카페 그자체 베이커리,4.59/5,방문자 리뷰_ 877,블로그 리뷰_ 682
34,원보양꼬치,4.56/5,방문자 리뷰_ 291,블로그 리뷰_ 478
35,조용한주택,4.72/5,방문자 리뷰_ 817,블로그 리뷰_ 148
36,정통집 건대점,4.39/5,방문자 리뷰_ 259,블로그 리뷰_ 351
37,느린마을양조장 건대점,4.64/5,방문자 리뷰_ 498,블로그 리뷰_ 862
38,미분당,4.44/5,방문자 리뷰_ 894,블로그 리뷰_ 674
39,용용선생 건대점,4.59/5,방문자 리뷰_ 466,블로그 리뷰_ 207
40,972Bar,4.58/5,방문자 리뷰_ 95,블로그 리뷰_ 437
41,경성양육관,4.58/5,방문자 리뷰_ 704,블로그 리뷰_ 782
42,대흥양다리바베큐 건대점,4.35/5,방문자 리뷰_ 240,블로그 리뷰_ 189
43,캐치볼클럽,4.35/5,방문자 리뷰_ 332,블로그 리뷰_ 729
44,만경상회 건대본점,4.42/5,"방문자 리뷰_ 1,113",블로그 리뷰_ 500
45,아오스요거트,4.5/5,방문자 리뷰_ 894,블로그 리뷰_ 458
46,우마이도 건대점,4.44/5,방문자 리뷰_ 593,"블로그 리뷰_ 1,071"
47,남한강민물매운탕,4.38/5,방문자 리뷰_ 422,블로그 리뷰_ 227
48,건대사시미,4.45/5,방문자 리뷰_ 366,블로그 리뷰_ 528
49,겐로쿠우동 건대직영점,4.59/5,방문자 리뷰_ 457,블로그 리뷰_ 410
50,건대 숯불부자곱창,4.84/5,방문자 리뷰_ 485,블로그 리뷰_ 243
51,성수완당 본점,4.56/5,방문자 리뷰_ 337,블로그 리뷰_ 205
52,폰버거,4.63/5,방문자 리뷰_ 234,블로그 리뷰_ 196
53,열매제과점,4.69/5,방문자 리뷰_ 288,블로그 리뷰_ 268
54,드로잉레시피,4.63/5,방문자 리뷰_ 360,블로그 리뷰_ 274
55,카페 아르무아,4.44/5,방문자 리뷰_ 669,블로그 리뷰_ 988
56,최신족발,4.42/5,방문자 리뷰_ 588,블로그 리뷰_ 896
57,꼼주,4.54/5,방문자 리뷰_ 165,블로그 리뷰_ 196
58,언리미티드,4.52/5,방문자 리뷰_ 201,블로그 리뷰_ 460
59,삼꾸미집 건대점,4.52/5,방문자 리뷰_ 43,블로그 리뷰_ 54
60,후토,4.47/5,방문자 리뷰_ 146,블로그 리뷰_ 148
61,범맥주 건대점,4.47/5,방문자 리뷰_ 119,블로그 리뷰_ 163
62,한식당,4.66/5,방문자 리뷰_ 156,블로그 리뷰_ 49
63,태태삼겹 건대점,4.66/5,방문자 리뷰_ 88,블로그 리뷰_ 54
64,김창훈호프,4.66/5,방문자 리뷰_ 175,블로그 리뷰_ 75
65,니뽕내뽕 건대본점,4.41/5,방문자 리뷰_ 681,블로그 리뷰_ 565
66,화양주막,4.82/5,방문자 리뷰_ 192,블로그 리뷰_ 79
67,MouseRabbit,4.36/5,방문자 리뷰_ 284,블로그 리뷰_ 462
68,해룡마라룽샤 건대점,4.52/5,방문자 리뷰_ 285,"블로그 리뷰_ 1,002"
69,아웃백스테이크하우스 건대스타시티점,4.46/5,"방문자 리뷰_ 4,929",블로그 리뷰_ 478
70,수퍼슬라이더스,4.6/5,방문자 리뷰_ 448,블로그 리뷰_ 271
71,호파스타 건대점,4.38/5,방문자 리뷰_ 763,블로그 리뷰_ 368
72,랑데자뷰 건대점,4.37/5,방문자 리뷰_ 483,블로그 리뷰_ 297
73,매화반점,4.12/5,방문자 리뷰_ 143,블로그 리뷰_ 742
74,호아다오,4.91/5,방문자 리뷰_ 790,블로그 리뷰_ 207
75,60년전통신촌황소곱창 건대직영점,4.91/5,방문자 리뷰_ 297,블로그 리뷰_ 379
76,메호르,4.45/5,방문자 리뷰_ 143,블로그 리뷰_ 239
77,오포케,4.45/5,방문자 리뷰_ 453,블로그 리뷰_ 85
78,건대우동집,4.43/5,"방문자 리뷰_ 1,262",블로그 리뷰_ 174
79,얼땅쟈,4.52/5,방문자 리뷰_ 144,블로그 리뷰_ 386
80,포크포크 건대직영점,4.53/5,방문자 리뷰_ 535,블로그 리뷰_ 222
81,지구상사 건대점,4.31/5,방문자 리뷰_ 312,블로그 리뷰_ 72
82,바른면집 건대점,4.45/5,방문자 리뷰_ 484,블로그 리뷰_ 891
83,정글포차,4.45/5,방문자 리뷰_ 45,블로그 리뷰_ 59
84,안다미로 팬케이크,4.57/5,방문자 리뷰_ 232,블로그 리뷰_ 148
85,이우,4.57/5,방문자 리뷰_ 63,블로그 리뷰_ 12
86,부탄츄 건대점,4.33/5,방문자 리뷰_ 412,블로그 리뷰_ 201
87,해피니스디저트,4.41/5,방문자 리뷰_ 791,블로그 리뷰_ 105
88,지속,4.61/5,방문자 리뷰_ 212,블로그 리뷰_ 180
89,빕스 어린이대공원점,4.39/5,"방문자 리뷰_ 2,912",블로그 리뷰_ 224
90,장인닭갈비 건대점,4.19/5,방문자 리뷰_ 514,블로그 리뷰_ 300
91,낙원스낵 건대점,4.19/5,방문자 리뷰_ 308,블로그 리뷰_ 237
92,도도곱창 건대본점,4.72/5,방문자 리뷰_ 548,블로그 리뷰_ 309
93,돕감자탕전문점,4.41/5,방문자 리뷰_ 784,블로그 리뷰_ 744
94,도쿄스테이크 건대점,4.32/5,방문자 리뷰_ 434,블로그 리뷰_ 905
95,레브,4.32/5,방문자 리뷰_ 62,블로그 리뷰_ 23
96,송몽,4.32/5,방문자 리뷰_ 92,블로그 리뷰_ 18
97,평화김해뒷고기 건대점,4.32/5,방문자 리뷰_ 107,블로그 리뷰_ 91
98,도단집,4.66/5,방문자 리뷰_ 448,블로그 리뷰_ 208
99,코후쿠,4.53/5,방문자 리뷰_ 404,블로그 리뷰_ 176
100,고망고 건대점,4.48/5,"방문자 리뷰_ 1,201",블로그 리뷰_ 203
101,참숯벽돌집,4.55/5,방문자 리뷰_ 102,블로그 리뷰_ 480
102,메이빌 본점,4.48/5,방문자 리뷰_ 594,블로그 리뷰_ 399
103,훈춘양꼬치,4.54/5,방문자 리뷰_ 130,블로그 리뷰_ 123
104,처비버디,4.54/5,방문자 리뷰_ 32,블로그 리뷰_ 11
105,홍도초밥,4.53/5,방문자 리뷰_ 366,블로그 리뷰_ 199
106,흥에취한범 건대점,4.75/5,방문자 리뷰_ 238,블로그 리뷰_ 12
107,환원당,4.75/5,방문자 리뷰_ 716,블로그 리뷰_ 134
108,뿔난황소곱창 건대본점,4.26/5,방문자 리뷰_ 214,블로그 리뷰_ 558
109,조그삼,4.52/5,방문자 리뷰_ 203,블로그 리뷰_ 239
110,타코벨 건대스타시티점,4.34/5,"방문자 리뷰_ 1,547",블로그 리뷰_ 112
111,대부포차,4.27/5,방문자 리뷰_ 91,블로그 리뷰_ 91
112,은호초밥 건대본점,4.26/5,방문자 리뷰_ 676,블로그 리뷰_ 628
113,매화반점 본점,4.27/5,방문자 리뷰_ 594,블로그 리뷰_ 65
114,엘루이 비스트로,4.27/5,방문자 리뷰_ 220,블로그 리뷰_ 296
115,플록,4.87/5,방문자 리뷰_ 156,블로그 리뷰_ 140
116,해란양꼬치,4.73/5,방문자 리뷰_ 220,블로그 리뷰_ 461
117,C156,4.59/5,방문자 리뷰_ 728,블로그 리뷰_ 515
118,송쉐프,4.45/5,방문자 리뷰_ 555,블로그 리뷰_ 208
119,미도인 건대,4.58/5,방문자 리뷰_ 880,블로그 리뷰_ 239
120,가마로,4.34/5,방문자 리뷰_ 478,블로그 리뷰_ 267
121,매드포갈릭 건대스타시티점,4.34/5,방문자 리뷰_ 999,블로그 리뷰_ 380
122,중경식객 건대점,4.34/5,방문자 리뷰_ 306,블로그 리뷰_ 369
123,한촌설렁탕 건대입구역점,4.28/5,방문자 리뷰_ 493,블로그 리뷰_ 203
124,프레퍼스 다이어트 푸드 건대점,4.28/5,방문자 리뷰_ 528,블로그 리뷰_ 44
125,마실리아,4.32/5,방문자 리뷰_ 166,블로그 리뷰_ 89
126,막이오름 건대점,4.23/5,방문자 리뷰_ 335,블로그 리뷰_ 185
127,평창 닭다리살 불고기,4.43/5,방문자 리뷰_ 300,블로그 리뷰_ 134
128,고흥순대국머리고기,4.45/5,"방문자 리뷰_ 1,116",블로그 리뷰_ 140
129,한사바리,4.57/5,방문자 리뷰_ 119,블로그 리뷰_ 62
130,도키도키,4.57/5,방문자 리뷰_ 136,블로그 리뷰_ 56
131,오페뜨 건대점,4.57/5,방문자 리뷰_ 699,블로그 리뷰_ 648
132,고베규카츠 건대점,3.64/5,방문자 리뷰_ 182,블로그 리뷰_ 65
133,육일관,4.48/5,방문자 리뷰_ 756,블로그 리뷰_ 435
134,라그랑우스,4.48/5,방문자 리뷰_ 265,블로그 리뷰_ 119
135,기류,4.48/5,방문자 리뷰_ 49,블로그 리뷰_ 5
136,쑤담샤브샤브,4.18/5,"방문자 리뷰_ 2,440",블로그 리뷰_ 817
137,능동샐러드,4.63/5,방문자 리뷰_ 246,블로그 리뷰_ 243
138,아날로그키친,4.48/5,방문자 리뷰_ 288,블로그 리뷰_ 433
139,반티엔야오 카오위 건대점,4.75/5,방문자 리뷰_ 472,블로그 리뷰_ 200
140,스테이크어스 건대점,4.47/5,방문자 리뷰_ 703,블로그 리뷰_ 167
141,심마니,4.22/5,방문자 리뷰_ 134,블로그 리뷰_ 159
142,질서정연,4.22/5,방문자 리뷰_ 169,블로그 리뷰_ 129
143,최가커피,4.5/5,방문자 리뷰_ 848,블로그 리뷰_ 731
144,이태리부대찌개 건대점,4.42/5,방문자 리뷰_ 445,블로그 리뷰_ 62
145,유미카츠 건대점,4.42/5,방문자 리뷰_ 322,블로그 리뷰_ 49
146,고기야채,4.42/5,방문자 리뷰_ 14,블로그 리뷰_ 94
147,Kebab Inn,4.35/5,방문자 리뷰_ 243,블로그 리뷰_ 58
148,은비스브레드 건국대,4.35/5,방문자 리뷰_ 67,블로그 리뷰_ 9
149,열불날개 건대2호점,4.43/5,방문자 리뷰_ 300,블로그 리뷰_ 628
150,역전할머니맥주 건대점,4.36/5,방문자 리뷰_ 623,블로그 리뷰_ 133
151,스시오 건대점,4.18/5,"방문자 리뷰_ 1,109","블로그 리뷰_ 1,744"
152,메종드쁘띠푸르 커먼그라운드점,4.35/5,방문자 리뷰_ 605,블로그 리뷰_ 104
153,환이네갈비살 2호점,4.5/5,방문자 리뷰_ 392,블로그 리뷰_ 133
154,엘루이피자,4.5/5,방문자 리뷰_ 107,블로그 리뷰_ 430
155,홍야동양꼬치 훠궈무한리필,4.52/5,방문자 리뷰_ 217,블로그 리뷰_ 116
156,정면,4.86/5,방문자 리뷰_ 332,블로그 리뷰_ 162
157,미친쭈꾸미,4.98/5,방문자 리뷰_ 377,블로그 리뷰_ 88
158,예담밥상,4.98/5,방문자 리뷰_ 205,블로그 리뷰_ 120
159,화양시장할머니순대국,4.29/5,방문자 리뷰_ 575,블로그 리뷰_ 139
160,토리광,4.45/5,방문자 리뷰_ 168,블로그 리뷰_ 176
161,반둥식당,4.48/5,방문자 리뷰_ 314,블로그 리뷰_ 281
162,모지니,4.52/5,방문자 리뷰_ 122,블로그 리뷰_ 108
163,쿵푸소룽샤&마라룽샤,4.64/5,방문자 리뷰_ 330,블로그 리뷰_ 656
164,츠나토리,4.64/5,방문자 리뷰_ 18,블로그 리뷰_ 6
165,시그니처 브런치카페,4.64/5,방문자 리뷰_ 145,블로그 리뷰_ 118
166,시홍쓰,4.56/5,방문자 리뷰_ 182,블로그 리뷰_ 156
167,매드쉐프 떡볶이,4.56/5,방문자 리뷰_ 26,블로그 리뷰_ 88
168,발빠닭 건대점,4.73/5,방문자 리뷰_ 184,블로그 리뷰_ 90
169,김밥천국 건대2호점,4.73/5,방문자 리뷰_ 288,블로그 리뷰_ 31
170,심야식당 하리,4.59/5,방문자 리뷰_ 70,블로그 리뷰_ 58
171,건대스시,4.51/5,방문자 리뷰_ 221,블로그 리뷰_ 222
172,천지샤브샤브 2호점,4.54/5,방문자 리뷰_ 452,블로그 리뷰_ 312
173,일레븐 라운지,4.51/5,방문자 리뷰_ 329,블로그 리뷰_ 330
174,카페22,4.34/5,방문자 리뷰_ 146,블로그 리뷰_ 587
175,경양카츠 건대점,4.44/5,방문자 리뷰_ 389,블로그 리뷰_ 175
176,구구향훠궈 건대직영점,5/5,방문자 리뷰_ 278,블로그 리뷰_ 89
177,고쿠텐 건대입구역점,4.17/5,방문자 리뷰_ 180,블로그 리뷰_ 110
178,팬더스윗 건대점,4.46/5,방문자 리뷰_ 196,블로그 리뷰_ 146
179,도단집별관,4.57/5,방문자 리뷰_ 85,블로그 리뷰_ 59
180,조현우국밥,4.81/5,방문자 리뷰_ 90,블로그 리뷰_ 76
181,이덕복인,4.81/5,방문자 리뷰_ 3,블로그 리뷰_ 7
182,더이퀼리브리엄커피,4.44/5,방문자 리뷰_ 249,블로그 리뷰_ 161
183,샤오당쟈마라탕 건대점,4.41/5,방문자 리뷰_ 675,블로그 리뷰_ 48
184,왕십리정곱창,4.46/5,방문자 리뷰_ 289,블로그 리뷰_ 176
185,연길왕꼬치 건대점,4.38/5,방문자 리뷰_ 339,블로그 리뷰_ 364
186,선남sea,4.39/5,방문자 리뷰_ 741,블로그 리뷰_ 121
187,건대연어덮밥,4.39/5,방문자 리뷰_ 255,블로그 리뷰_ 94
188,순곱이네 건대점,4.53/5,방문자 리뷰_ 299,블로그 리뷰_ 403
189,안주나라,4.48/5,방문자 리뷰_ 67,블로그 리뷰_ 118
190,보라젤라또,4.85/5,방문자 리뷰_ 178,블로그 리뷰_ 93
191,일광,4.65/5,방문자 리뷰_ 66,블로그 리뷰_ 16
192,포항막회,4.42/5,방문자 리뷰_ 373,블로그 리뷰_ 159
193,양밍위 황먼지 미판 건대본점,4.71/5,방문자 리뷰_ 96,블로그 리뷰_ 111
194,찜집,4.4/5,방문자 리뷰_ 630,블로그 리뷰_ 133
195,천향마라탕,4.41/5,방문자 리뷰_ 205,블로그 리뷰_ 168
196,MIXX LOUNGE BAR,4.41/5,방문자 리뷰_ 100,블로그 리뷰_ 248
197,수완카페앤베이커리,4.41/5,방문자 리뷰_ 379,블로그 리뷰_ 101
198,함루 건대점,4.41/5,방문자 리뷰_ 79,블로그 리뷰_ 54
199,바나바나,4.21/5,방문자 리뷰_ 240,블로그 리뷰_ 635
200,설빙 건대지점,4.29/5,"방문자 리뷰_ 2,709",블로그 리뷰_ 497
201,다원식당,4.84/5,방문자 리뷰_ 187,블로그 리뷰_ 192
202,우리할매떡볶이 건대점,4.54/5,방문자 리뷰_ 401,블로그 리뷰_ 99
203,옛날종로빈대떡,4.22/5,방문자 리뷰_ 123,블로그 리뷰_ 45
204,아메리칸트레이 건대입구점,4.22/5,방문자 리뷰_ 62,블로그 리뷰_ 89
205,만원수산 건대점,4.66/5,방문자 리뷰_ 210,블로그 리뷰_ 171
206,당산오돌 구의역점,4.66/5,방문자 리뷰_ 339,블로그 리뷰_ 452
207,아웃닭 건대점,4.44/5,방문자 리뷰_ 442,블로그 리뷰_ 234
208,강경수참치,4.62/5,방문자 리뷰_ 128,블로그 리뷰_ 72
209,온달집 건대점,4.29/5,방문자 리뷰_ 236,블로그 리뷰_ 77
210,조선주막,4.42/5,방문자 리뷰_ 346,블로그 리뷰_ 304
211,갈비집 본,5/5,방문자 리뷰_ 53,블로그 리뷰_ 64
212,푸오커스,5/5,방문자 리뷰_ 104,블로그 리뷰_ 53
213,오감만족,4.37/5,방문자 리뷰_ 187,블로그 리뷰_ 79
214,통큰감자탕,4.51/5,방문자 리뷰_ 192,블로그 리뷰_ 106
215,트리안 건대점,4.45/5,방문자 리뷰_ 328,블로그 리뷰_ 134
216,롤링파스타 건대지점,4.42/5,방문자 리뷰_ 934,블로그 리뷰_ 332
217,대동집 건대점,4.42/5,방문자 리뷰_ 80,블로그 리뷰_ 22
218,난바다스시,4.42/5,방문자 리뷰_ 669,블로그 리뷰_ 69
219,칸틴,4.17/5,방문자 리뷰_ 27,블로그 리뷰_ 42
220,대찬갈비,4.58/5,방문자 리뷰_ 152,블로그 리뷰_ 65
221,알촌 건국대점,4.42/5,방문자 리뷰_ 284,블로그 리뷰_ 66
222,해남닭집,4.53/5,방문자 리뷰_ 257,블로그 리뷰_ 113
223,대곱창 건대점,4.85/5,방문자 리뷰_ 108,블로그 리뷰_ 217
224,블랙아웃커피,4.85/5,방문자 리뷰_ 23,블로그 리뷰_ 20
225,명륜진사갈비 자양점,4.31/5,방문자 리뷰_ 484,블로그 리뷰_ 44
226,연탄불꿀곱창,4.34/5,방문자 리뷰_ 222,블로그 리뷰_ 70
227,털보타코,5/5,방문자 리뷰_ 28,블로그 리뷰_ 65
228,프랭크버거 건대점,4.45/5,방문자 리뷰_ 616,블로그 리뷰_ 168
229,홍대돈부리 건대점,4.5/5,방문자 리뷰_ 246,블로그 리뷰_ 476
230,동해해물,4.38/5,방문자 리뷰_ 120,블로그 리뷰_ 197
231,샐러디 건대역점,4.56/5,"방문자 리뷰_ 1,137",블로그 리뷰_ 90
232,화양식당,4.17/5,방문자 리뷰_ 217,블로그 리뷰_ 94
233,사거리식당 건대직영점,4.17/5,방문자 리뷰_ 292,블로그 리뷰_ 185
234,노네임드키친,4.79/5,방문자 리뷰_ 89,블로그 리뷰_ 54
235,몽몽공장 아뜰리에 드로잉카페,4.9/5,방문자 리뷰_ 233,블로그 리뷰_ 91
236,복만루,4.46/5,방문자 리뷰_ 233,블로그 리뷰_ 91
237,김부삼 건대점,4.26/5,방문자 리뷰_ 325,블로그 리뷰_ 312
238,이름없는파스타 건대점,4.32/5,방문자 리뷰_ 458,블로그 리뷰_ 136
239,금하,4.24/5,방문자 리뷰_ 285,블로그 리뷰_ 94
240,꼽사리떡볶이,4.15/5,방문자 리뷰_ 226,블로그 리뷰_ 104
241,무지개맥주 건대점,4.64/5,방문자 리뷰_ 139,블로그 리뷰_ 62
242,궤도에오르다,4.58/5,방문자 리뷰_ 207,블로그 리뷰_ 161
243,123막창 서울건대점,4.4/5,방문자 리뷰_ 250,블로그 리뷰_ 70
244,아메리칸트레이 건대입구점,4.4/5,방문자 리뷰_ 62,블로그 리뷰_ 89
245,만원수산 건대점,4.66/5,방문자 리뷰_ 210,블로그 리뷰_ 171
246,당산오돌 구의역점,4.66/5,방문자 리뷰_ 339,블로그 리뷰_ 452
247,아웃닭 건대점,4.44/5,방문자 리뷰_ 442,블로그 리뷰_ 234
248,강경수참치,4.62/5,방문자 리뷰_ 128,블로그 리뷰_ 72
249,온달집 건대점,4.29/5,방문자 리뷰_ 236,블로그 리뷰_ 77
250,조선주막,4.42/5,방문자 리뷰_ 346,블로그 리뷰_ 304
251,갈비집 본,5/5,방문자 리뷰_ 53,블로그 리뷰_ 64
252,푸오커스,5/5,방문자 리뷰_ 104,블로그 리뷰_ 53
253,오감만족,4.37/5,방문자 리뷰_ 187,블로그 리뷰_ 79
254,통큰감자탕,4.51/5,방문자 리뷰_ 192,블로그 리뷰_ 106
255,트리안 건대점,4.45/5,방문자 리뷰_ 328,블로그 리뷰_ 134
256,롤링파스타 건대지점,4.42/5,방문자 리뷰_ 934,블로그 리뷰_ 332
257,대동집 건대점,4.42/5,방문자 리뷰_ 80,블로그 리뷰_ 22
258,난바다스시,4.42/5,방문자 리뷰_ 669,블로그 리뷰_ 69
259,칸틴,4.17/5,방문자 리뷰_ 27,블로그 리뷰_ 42
260,대찬갈비,4.58/5,방문자 리뷰_ 152,블로그 리뷰_ 65
261,알촌 건국대점,4.42/5,방문자 리뷰_ 284,블로그 리뷰_ 66
262,해남닭집,4.53/5,방문자 리뷰_ 257,블로그 리뷰_ 113
263,대곱창 건대점,4.85/5,방문자 리뷰_ 108,블로그 리뷰_ 217
264,블랙아웃커피,4.85/5,방문자 리뷰_ 23,블로그 리뷰_ 20
265,명륜진사갈비 자양점,4.31/5,방문자 리뷰_ 484,블로그 리뷰_ 44
266,연탄불꿀곱창,4.34/5,방문자 리뷰_ 222,블로그 리뷰_ 70
267,털보타코,5/5,방문자 리뷰_ 28,블로그 리뷰_ 65
268,프랭크버거 건대점,4.45/5,방문자 리뷰_ 616,블로그 리뷰_ 168
269,홍대돈부리 건대점,4.5/5,방문자 리뷰_ 246,블로그 리뷰_ 476
270,동해해물,4.38/5,방문자 리뷰_ 120,블로그 리뷰_ 197
271,샐러디 건대역점,4.56/5,"방문자 리뷰_ 1,137",블로그 리뷰_ 90
272,화양식당,4.17/5,방문자 리뷰_ 217,블로그 리뷰_ 94
273,사거리식당 건대직영점,4.17/5,방문자 리뷰_ 292,블로그 리뷰_ 185
274,노네임드키친,4.79/5,방문자 리뷰_ 89,블로그 리뷰_ 54
275,몽몽공장 아뜰리에 드로잉카페,4.9/5,방문자 리뷰_ 233,블로그 리뷰_ 91
276,복만루,4.46/5,방문자 리뷰_ 151,블로그 리뷰_ 248
277,김부삼 건대점,4.26/5,방문자 리뷰_ 325,블로그 리뷰_ 312
278,이름없는파스타 건대점,4.32/5,방문자 리뷰_ 458,블로그 리뷰_ 136
279,금하,4.24/5,방문자 리뷰_ 285,블로그 리뷰_ 94
280,꼽사리떡볶이,4.15/5,방문자 리뷰_ 226,블로그 리뷰_ 104
281,무지개맥주 건대점,4.64/5,방문자 리뷰_ 139,블로그 리뷰_ 62
282,궤도에오르다,4.58/5,방문자 리뷰_ 207,블로그 리뷰_ 161
283,123막창 서울건대점,4.4/5,방문자 리뷰_ 250,블로그 리뷰_ 70
284,아메리칸트레이 건대입구점,4.4/5,방문자 리뷰_ 62,블로그 리뷰_ 89
285,만원수산 건대점,4.66/5,방문자 리뷰_ 210,블로그 리뷰_ 171
286,당산오돌 구의역점,4.66/5,방문자 리뷰_ 339,블로그 리뷰_ 452
287,아웃닭 건대점,4.44/5,방문자 리뷰_ 442,블로그 리뷰_ 234
288,강경수참치,4.62/5,방문자 리뷰_ 128,블로그 리뷰_ 72
289,온달집 건대점,4.29/5,방문자 리뷰_ 236,블로그 리뷰_ 77
290,조선주막,4.42/5,방문자 리뷰_ 346,블로그 리뷰_ 304
291,갈비집 본,5/5,방문자 리뷰_ 53,블로그 리뷰_ 64
292,푸오커스,5/5,방문자 리뷰_ 104,블로그 리뷰_ 53
293,오감만족,4.37/5,방문자 리뷰_ 187,블로그 리뷰_ 79
294,통큰감자탕,4.51/5,방문자 리뷰_ 192,블로그 리뷰_ 106
295,트리안 건대점,4.45/5,방문자 리뷰_ 328,블로그 리뷰_ 134
296,롤링파스타 건대지점,4.42/5,방문자 리뷰_ 934,블로그 리뷰_ 332
297,대동집 건대점,4.42/5,방문자 리뷰_ 80,블로그 리뷰_ 22
298,난바다스시,4.42/5,방문자 리뷰_ 669,블로그 리뷰_ 69
299,칸틴,4.17/5,방문자 리뷰_ 27,블로그 리뷰_ 42
300,대찬갈비,4.58/5,방문자 리뷰_ 152,블로그 리뷰_ 65
301,알촌 건국대점,4.42/5,방문자 리뷰_ 284,블로그 리뷰_ 66
302,해남닭집,4.53/5,방문자 리뷰_ 257,블로그 리뷰_ 113
303,대곱창 건대점,4.85/5,방문자 리뷰_ 108,블로그 리뷰_ 217
304,블랙아웃커피,4.85/5,방문자 리뷰_ 23,블로그 리뷰_ 20
305,명륜진사갈비 자양점,4.31/5,방문자 리뷰_ 484,블로그 리뷰_ 44
306,연탄불꿀곱창,4.34/5,방문자 리뷰_ 222,블로그 리뷰_ 70
307,털보타코,5/5,방문자 리뷰_ 28,블로그 리뷰_ 65
308,프랭크버거 건대점,4.45/5,방문자 리뷰_ 616,블로그 리뷰_ 168
309,홍대돈부리 건대점,4.5/5,방문자 리뷰_ 246,블로그 리뷰_ 476
310,동해해물,4.38/5,방문자 리뷰_ 120,블로그 리뷰_ 197
311,샐러디 건대역점,4.56/5,"방문자 리뷰_ 1,137",블로그 리뷰_ 90
312,화양식당,4.17/5,방문자 리뷰_ 217,블로그 리뷰_ 94
313,사거리식당 건대직영점,4.17/5,방문자 리뷰_ 292,블로그 리뷰_ 185
314,노네임드키친,4.79/5,방문자 리뷰_ 89,블로그 리뷰_ 54
315,몽몽공장 아뜰리에 드로잉카페,4.9/5,방문자 리뷰_ 233,블로그 리뷰_ 91
316,복만루,4.46/5,방문자 리뷰_ 151,블로그 리뷰_ 248
317,김부삼 건대점,4.26/5,방문자 리뷰_ 325,블로그 리뷰_ 312
318,이름없는파스타 건대점,4.32/5,방문자 리뷰_ 458,블로그 리뷰_ 136
319,금하,4.24/5,방문자 리뷰_ 285,블로그 리뷰_ 94
320,꼽사리떡볶이,4.15/5,방문자 리뷰_ 226,블로그 리뷰_ 104
321,무지개맥주 건대점,4.64/5,방문자 리뷰_ 139,블로그 리뷰_ 62
322,궤도에오르다,4.58/5,방문자 리뷰_ 207,블로그 리뷰_ 161
323,123막창 서울건대점,4.4/5,방문자 리뷰_ 250,블로그 리뷰_ 70
324,아메리칸트레이 건대입구점,4.4/5,방문자 리뷰_ 62,블로그 리뷰_ 89
325,만원수산 건대점,4.66/5,방문자 리뷰_ 210,블로그 리뷰_ 171
326,당산오돌 구의역점,4.66/5,방문자 리뷰_ 339,블로그 리뷰_ 452
327,아웃닭 건대점,4.44/5,방문자 리뷰_ 442,블로그 리뷰_ 234
328,강경수참치,4.62/5,방문자 리뷰_ 128,블로그 리뷰_ 72
329,온달집 건대점,4.29/5,방문자 리뷰_ 236,블로그 리뷰_ 77
330,조선주막,4.42/5,방문자 리뷰_ 346,블로그 리뷰_ 304
331,갈비집 본,5/5,방문자 리뷰_ 53,블로그 리뷰_ 64
332,푸오커스,5/5,방문자 리뷰_ 104,블로그 리뷰_ 53
333,오감만족,4.37/5,방문자 리뷰_ 187,블로그 리뷰_ 79
334,통큰감자탕,4.51/5,방문자 리뷰_ 192,블로그 리뷰_ 106
335,트리안 건대점,4.45/5,방문자 리뷰_ 328,블로그 리뷰_ 134
336,롤링파스타 건대지점,4.42/5,방문자 리뷰_ 934,블로그 리뷰_ 332
337,대동집 건대점,4.42/5,방문자 리뷰_ 80,블로그 리뷰_ 22
338,난바다스시,4.42/5,방문자 리뷰_ 669,블로그 리뷰_ 69
339,칸틴,4.17/5,방문자 리뷰_ 27,블로그 리뷰_ 42
340,대찬갈비,4.58/5,방문자 리뷰_ 152,블로그 리뷰_ 65
341,알촌 건국대점,4.42/5,방문자 리뷰_ 284,블로그 리뷰_ 66
342,해남닭집,4.53/5,방문자 리뷰_ 257,블로그 리뷰_ 113
343,대곱창 건대점,4.85/5,방문자 리뷰_ 108,블로그 리뷰_ 217
344,블랙아웃커피,4.85/5,방문자 리뷰_ 23,블로그 리뷰_ 20
345,명륜진사갈비 자양점,4.31/5,방문자 리뷰_ 484,블로그 리뷰_ 44
346,연탄불꿀곱창,4.34/5,방문자 리뷰_ 222,블로그 리뷰_ 70
347,털보타코,5/5,방문자 리뷰_ 28,블로그 리뷰_ 65
348,프랭크버거 건대점,4.45/5,방문자 리뷰_ 616,블로그 리뷰_ 168
349,홍대돈부리 건대점,4.5/5,방문자 리뷰_ 246,블로그 리뷰_ 476
350,동해해물,4.38/5,방문자 리뷰_ 120,블로그 리뷰_ 197
351,샐러디 건대역점,4.56/5,"방문자 리뷰_ 1,137",블로그 리뷰_ 90
352,화양식당,4.17/5,방문자 리뷰_ 217,블로그 리뷰_ 94
353,사거리식당 건대직영점,4.17/5,방문자 리뷰_ 292,블로그 리뷰_ 185
354,노네임드키친,4.79/5,방문자 리뷰_ 89,블로그 리뷰_ 54
355,몽몽공장 아뜰리에 드로잉카페,4.9/5,방문자 리뷰_ 233,블로그 리뷰_ 91
356,복만루,4.46/5,방문자 리뷰_ 151,블로그 리뷰_ 248
357,김부삼 건대점,4.26/5,방문자 리뷰_ 325,블로그 리뷰_ 312
358,이름없는파스타 건대점,4.32/5,방문자 리뷰_ 458,블로그 리뷰_ 136
359,금하,4.24/5,방문자 리뷰_ 285,블로그 리뷰_ 94
360,꼽사리떡볶이,4.15/5,방문자 리뷰_ 226,블로그 리뷰_ 104
361,무지개맥주 건대점,4.64/5,방문자 리뷰_ 139,블로그 리뷰_ 62
362,궤도에오르다,4.58/5,방문자 리뷰_ 207,블로그 리뷰_ 161
363,123막창 서울건대점,4.4/5,방문자 리뷰_ 250,블로그 리뷰_ 70
364,아메리칸트레이 건대입구점,4.4/5,방문자 리뷰_ 62,블로그 리뷰_ 89
365,만원수산 건대점,4.66/5,방문자 리뷰_ 210,블로그 리뷰_ 171
366,당산오돌 구의역점,4.66/5,방문자 리뷰_ 339,블로그 리뷰_ 452
367,아웃닭 건대점,4.44/5,방문자 리뷰_ 442,블로그 리뷰_ 234
368,강경수참치,4.62/5,방문자 리뷰_ 128,블로그 리뷰_ 72
369,온달집 건대점,4.29/5,방문자 리뷰_ 236,블로그 리뷰_ 77
370,조선주막,4.42/5,방문자 리뷰_ 346,블로그 리뷰_ 304
371,갈비집 본,5/5,방문자 리뷰_ 53,블로그 리뷰_ 64
372,푸오커스,5/5,방문자 리뷰_ 104,블로그 리뷰_ 53
373,오감만족,4.37/5,방문자 리뷰_ 187,블로그 리뷰_ 79
374,통큰감자탕,4.51/5,방문자 리뷰_ 192,블로그 리뷰_ 106
375,트리안 건대점,4.45/5,방문자 리뷰_ 328,블로그 리뷰_ 134
376,롤링파스타 건대지점,4.42/5,방문자 리뷰_ 934,블로그 리뷰_ 332
377,대동집 건대점,4.42/5,방문자 리뷰_ 80,블로그 리뷰_ 22
378,난바다스시,4.42/5,방문자 리뷰_ 669,블로그 리뷰_ 69
379,칸틴,4.17/5,방문자 리뷰_ 27,블로그 리뷰_ 42
380,대찬갈비,4.58/5,방문자 리뷰_ 152,블로그 리뷰_ 65
381,알촌 건국대점,4.42/5,방문자 리뷰_ 284,블로그 리뷰_ 66
382,해남닭집,4.53/5,방문자 리뷰_ 257,블로그 리뷰_ 113
383,대곱창 건대점,4.85/5,방문자 리뷰_ 108,블로그 리뷰_ 217
384,블랙아웃커피,4.85/5,방문자 리뷰_ 23,블로그 리뷰_ 20
385,명륜진사갈비 자양점,4.31/5,방문자 리뷰_ 484,블로그 리뷰_ 44
386,연탄불꿀곱창,4.34/5,방문자 리뷰_ 222,블로그 리뷰_ 70
387,털보타코,5/5,방문자 리뷰_ 28,블로그 리뷰_ 65
388,프랭크버거 건대점,4.45/5,방문자 리뷰_ 616,블로그 리뷰_ 168
389,홍대돈부리 건대점,4.5/5,방문자 리뷰_ 246,블로그 리뷰_ 476
390,동해해물,4.38/5,방문자 리뷰_ 120,블로그 리뷰_ 197
391,샐러디 건대역점,4.56/5,"방문자 리뷰_ 1,137",블로그 리뷰_ 90
392,화양식당,4.17/5,방문자 리뷰_ 217,블로그 리뷰_ 94
393,사거리식당 건대직영점,4.17/5,방문자 리뷰_ 292,블로그 리뷰_ 185
394,노네임드키친,4.79/5,방문자 리뷰_ 89,블로그 리뷰_ 54
395,몽몽공장 아뜰리에 드로잉카페,4.9/5,방문자 리뷰_ 233,블로그 리뷰_ 91
396,복만루,4.46/5,방문자 리뷰_ 151,블로그 리뷰_ 248
397,김부삼 건대점,4.26/5,방문자 리뷰_ 325,블로그 리뷰_ 312
398,이름없는파스타 건대점,4.32/5,방문자 리뷰_ 458,블로그 리뷰_ 136
399,금하,4.24/5,방문자 리뷰_ 285,블로그 리뷰_ 94
400,꼽사리떡볶이,4.15/5,방문자 리뷰_ 226,블로그 리뷰_ 104
401,무지개맥주 건대점,4.64/5,방문자 리뷰_ 139,블로그 리뷰_ 62
402,궤도에오르다,4.58/5,방문자 리뷰_ 207,블로그 리뷰_ 161
403,123막창 서울건대점,4.4/5,방문자 리뷰_ 250,블로그 리뷰_ 70
404,아메리칸트레이 건대입구점,4.4/5,방문자 리뷰_ 62,블로그 리뷰_ 89
405,만원수산 건대점,4.66/5,방문자 리뷰_ 210,블로그 리뷰_ 171
406,당산오돌 구의역점,4.66/5,방문자 리뷰_ 339,블로그 리뷰_ 452
407,아웃닭 건대점,4.44/5,방문자 리뷰_ 442,블로그 리뷰_ 234
408,강경수참치,4.62/5,방문자 리뷰_ 128,블로그 리뷰_ 72
409,온달집 건대점,4.29/5,방문자 리뷰_ 236,블로그 리뷰_ 77
410,조선주막,4.42/5,방문자 리뷰_ 346,블로그 리뷰_ 304
411,갈비집 본,5/5,방문자 리뷰_ 53,블로그 리뷰_ 64
412,푸오커스,5/5,방문자 리뷰_ 104,블로그 리뷰_ 53
413,오감만족,4.37/5,방문자 리뷰_ 187,블로그 리뷰_ 79
414,통큰감자탕,4.51/5,방문자 리뷰_ 192,블로그 리뷰_ 106
415,트리안 건대점,4.45/5,방문자 리뷰_ 328,블로그 리뷰_ 134
416,롤링파스타 건대지점,4.42/5,방문자 리뷰_ 934,블로그 리뷰_ 332
417,대동집 건대점,4.42/5,방문자 리뷰_ 80,블로그 리뷰_ 22
418,난바다스시,4.42/5,방문자 리뷰_ 669,블로그 리뷰_ 69
419,칸틴,4.17/5,방문자 리뷰_ 27,블로그 리뷰_ 42
420,대찬갈비,4.58/5,방문자 리뷰_ 152,블로그 리뷰_ 65
421,알촌 건국대점,4.42/5,방문자 리뷰_ 284,블로그 리뷰_ 66
422,해남닭집,4.53/5,방문자 리뷰_ 257,블로그 리뷰_ 113
423,대곱창 건대점,4.85/5,방문자 리뷰_ 108,블로그 리뷰_ 217
424,블랙아웃커피,4.85/5,방문자 리뷰_ 23,블로그 리뷰_ 20
425,명륜진사갈비 자양점,4.31/5,방문자 리뷰_ 484,블로그 리뷰_ 44
426,연탄불꿀곱창,4.34/5,방문자 리뷰_ 222,블로그 리뷰_ 70
427,털보타코,5/5,방문자 리뷰_ 28,블로그 리뷰_ 65
428,프랭크버거 건대점,4.45/5,방문자 리뷰_ 616,블로그 리뷰_ 168
429,홍대돈부리 건대점,4.5/5,방문자 리뷰_ 246,블로그 리뷰_ 476
430,동해해물,4.38/5,방문자 리뷰_ 120,블로그 리뷰_ 197
431,샐러디 건대역점,4.56/5,"방문자 리뷰_ 1,137",블로그 리뷰_ 90
432,화양식당,4.17/5,방문자 리뷰_ 217,블로그 리뷰_ 94
433,사거리식당 건대직영점,4.17/5,방문자 리뷰_ 292,블로그 리뷰_ 185
434,노네임드키친,4.79/5,방문자 리뷰_ 89,블로그 리뷰_ 54
435,몽몽공장 아뜰리에 드로잉카페,4.9/5,방문자 리뷰_ 233,블로그 리뷰_ 91
436,복만루,4.46/5,방문자 리뷰_ 151,블로그 리뷰_ 248
437,김부삼 건대점,4.26/5,방문자 리뷰_ 325,블로그 리뷰_ 312
438,이름없는파스타 건대점,4.32/5,방문자 리뷰_ 458,블로그 리뷰_ 136
439,금하,4.24/5,방문자 리뷰_ 285,블로그 리뷰_ 94
440,꼽사리떡볶이,4.15/5,방문자 리뷰_ 226,블로그 리뷰_ 104
441,무지개맥주 건대점,4.64/5,방문자 리뷰_ 139,블로그 리뷰_ 62
442,궤도에오르다,4.58/5,방문자 리뷰_ 207,블로그 리뷰_ 161
443,123막창 서울건대점,4.4/5,방문자 리뷰_ 250,블로그 리뷰_ 70
444,아메리칸트레이 건대입구점,4.4/5,방문자 리뷰_ 62,블로그 리뷰_ 89
445,만원수산 건대점,4.66/5,방문자 리뷰_ 210,블로그 리뷰_ 171
446,당산오돌 구의역점,4.66/5,방문자 리뷰_ 339,블로그 리뷰_ 452
447,아웃닭 건대점,4.44/5,방문자 리뷰_ 442,블로그 리뷰_ 234
448,강경수참치,4.62/5,방문자 리뷰_ 128,블로그 리뷰_ 72
449,온달집 건대점,4.29/5,방문자 리뷰_ 236,블로그 리뷰_ 77
450,조선주막,4.42/5,방문자 리뷰_ 346,블로그 리뷰_ 304
451,갈비집 본,5/5,방문자 리뷰_ 53,블로그 리뷰_ 64
452,푸오커스,5/5,방문자 리뷰_ 104,블로그 리뷰_ 53
453,오감만족,4.37/5,방문자 리뷰_ 187,블로그 리뷰_ 79
454,통큰감자탕,4.51/5,방문자 리뷰_ 192,블로그 리뷰_ 106
455,트리안 건대점,4.45/5,방문자 리뷰_ 328,블로그 리뷰_ 134
456,롤링파스타 건대지점,4.42/5,방문자 리뷰_ 934,블로그 리뷰_ 332
457,대동집 건대점,4.42/5,방문자 리뷰_ 80,블로그 리뷰_ 22
458,난바다스시,4.42/5,방문자 리뷰_ 669,블로그 리뷰_ 69
459,칸틴,4.17/5,방문자 리뷰_ 27,블로그 리뷰_ 42
460,대찬갈비,4.58/5,방문자 리뷰_ 152,블로그 리뷰_ 65
461,알촌 건국대점,4.42/5,방문자 리뷰_ 284,블로그 리뷰_ 66
462,해남닭집,4.53/5,방문자 리뷰_ 257,블로그 리뷰_ 113
463,대곱창 건대점,4.85/5,방문자 리뷰_ 108,블로그 리뷰_ 217
464,블랙아웃커피,4.85/5,방문자 리뷰_ 23,블로그 리뷰_ 20
465,명륜진사갈비 자양점,4.31/5,방문자 리뷰_ 484,블로그 리뷰_ 44
466,연탄불꿀곱창,4.34/5,방문자 리뷰_ 222,블로그 리뷰_ 70
467,털보타코,5/5,방문자 리뷰_ 28,블로그 리뷰_ 65
468,프랭크버거 건대점,4.45/5,방문자 리뷰_ 616,블로그 리뷰_ 168
469,홍대돈부리 건대점,4.5/5,방문자 리뷰_ 246,블로그 리뷰_ 476
470,동해해물,4.38/5,방문자 리뷰_ 120,블로그 리뷰_ 197
471,샐러디 건대역점,4.56/5,"방문자 리뷰_ 1,137",블로그 리뷰_ 90
472,화양식당,4.17/5,방문자 리뷰_ 217,블로그 리뷰_ 94
473,사거리식당 건대직영점,4.17/5,방문자 리뷰_ 292,블로그 리뷰_ 185
474,노네임드키친,4.79/5,방문자 리뷰_ 89,블로그 리뷰_ 54
475,몽몽공장 아뜰리에 드로잉카페,4.9/5,방문자 리뷰_ 233,블로그 리뷰_ 91
476,복만루,4.46/5,방문자 리뷰_ 151,블로그 리뷰_ 248
477,김부삼 건대점,4.26/5,방문자 리뷰_ 325,블로그 리뷰_ 312
478,이름없는파스타 건대점,4.32/5,방문자 리뷰_ 458,블로그 리뷰_ 136
479,금하,4.24/5,방문자 리뷰_ 285,블로그 리뷰_ 94
480,꼽사리떡볶이,4.15/5,방문자 리뷰_ 226,블로그 리뷰_ 104
481,무지개맥주 건대점,4.64/5,방문자 리뷰_ 139,블로그 리뷰_ 62
482,궤도에오르다,4.58/5,방문자 리뷰_ 207,블로그 리뷰_ 161
483,123막창 서울건대점,4.4/5,방문자 리뷰_ 250,블로그 리뷰_ 70
484,아메리칸트레이 건대입구점,4.4/5,방문자 리뷰_ 62,블로그 리뷰_ 89
485,만원수산 건대점,4.66/5,방문자 리뷰_ 210,블로그 리뷰_ 171
486,당산오돌 구의역점,4.66/5,방문자 리뷰_ 339,블로그 리뷰_ 452
487,아웃닭 건대점,4.44/5,방문자 리뷰_ 442,블로그 리뷰_ 234
488,강경수참치,4.62/5,방문자 리뷰_ 128,블로그 리뷰_ 72
489,온달집 건대점,4.29/5,방문자 리뷰_ 236,블로그 리뷰_ 77
490,조선주막,4.42/5,방문자 리뷰_ 346,블로그 리뷰_ 304
491,갈비집 본,5/5,방문자 리뷰_ 53,블로그 리뷰_ 64
492,푸오커스,5/5,방문자 리뷰_ 104,블로그 리뷰_ 53
493,오감만족,4.37/5,방문자 리뷰_ 187,블로그 리뷰_ 79
494,통큰감자탕,4.51/5,방문자 리뷰_ 192,블로그 리뷰_ 106
495,트리안 건대점,4.45/5,방문자 리뷰_ 328,블로그 리뷰_ 134
496,롤링파스타 건대지점,4.42/5,방문자 리뷰_ 934,블로그 리뷰_ 332
497,대동집 건대점,4.42/5,방문자 리뷰_ 80,블로그 리뷰_ 22
498,난바다스시,4.42/5,방문자 리뷰_ 669,블로그 리뷰_ 69
499,칸틴,4.17/5,방문자 리뷰_ 27,블로그 리뷰_ 42
500,대찬갈비,4.58/5,방문자 리뷰_ 152,블로그 리뷰_ 65
501,알촌 건국대점,4.42/5,방문자 리뷰_ 284,블로그 리뷰_ 66
502,해남닭집,4.53/5,방문자 리뷰_ 257,블로그 리뷰_ 113
503,대곱창 건대점,4.85/5,방문자 리뷰_ 108,블로그 리뷰_ 217
504,블랙아웃커피,4.85/5,방문자 리뷰_ 23,블로그 리뷰_ 20
505,명륜진사갈비 자양점,4.31/5,방문자 리뷰_ 484,블로그 리뷰_ 44
506,연탄불꿀곱창,4.34/5,방문자 리뷰_ 222,블로그 리뷰_ 70
507,털보타코,5/5,방문자 리뷰_ 28,블로그 리뷰_ 65
508,프랭크버거 건대점,4.45/5,방문자 리뷰_ 616,블로그 리뷰_ 168
509,홍대돈부리 건대점,4.5/5,방문자 리뷰_ 246,블로그 리뷰_ 476
510,동해해물,4.38/5,방문자 리뷰_ 120,블로그 리뷰_ 197
511,샐러디 건대역점,4.56/5,"방문자 리뷰_ 1,137",블로그 리뷰_ 90
512,화양식당,4.17/5,방문자 리뷰_ 217,블로그 리뷰_ 94
513,사거리식당 건대직영점,4.17/5,방문자 리뷰_ 292,블로그 리뷰_ 185
514,노네임드키친,4.79/5,방문자 리뷰_ 89,블로그 리뷰_ 54
515,몽몽공장 아뜰리에 드로잉카페,4.9/5,방문자 리뷰_ 233,블로그 리뷰_ 91
516,복만루,4.46/5,방문자 리뷰_ 151,블로그 리뷰_ 248
517,김부삼 건대점,4.26/5,방문자 리뷰_ 325,블로그 리뷰_ 312
518,이름없는파스타 건대점,4.32/5,방문자 리뷰_ 458,블로그 리뷰_ 136
519,금하,4.24/5,방문자 리뷰_ 285,블로그 리뷰_ 94
520,꼽사리떡볶이,4.15/5,방문자 리뷰_ 226,블로그 리뷰_ 104
521,무지개맥주 건대점,4.64/5,방문자 리뷰_ 139,블로그 리뷰_ 62
522,궤도에오르다,4.58/5,방문자 리뷰_ 207,블로그 리뷰_ 161
523,123막창 서울건대점,4.4/5,방문자 리뷰_ 250,블로그 리뷰_ 70
524,아메리칸트레이 건대입구점,4.4/5,방문자 리뷰_ 62,블로그 리뷰_ 89
525,만원수산 건대점,4.66/5,방문자 리뷰_ 210,블로그 리뷰_ 171
526,당산오돌 구의역점,4.66/5,방문자 리뷰_ 339,블로그 리뷰_ 452
527,아웃닭 건대점,4.44/5,방문자 리뷰_ 442,블로그 리뷰_ 234
528,강경수참치,4.62/5,방문자 리뷰_ 128,블로그 리뷰_ 72
529,온달집 건대점,4.29/5,방문자 리뷰_ 236,블로그 리뷰_ 77
530,조선주막,4.42/5,방문자 리뷰_ 346,블로그 리뷰_ 304
531,갈비집 본,5/5,방문자 리뷰_ 53,블로그 리뷰_ 64
532,푸오커스,5/5,방문자 리뷰_ 104,블로그 리뷰_ 53
533,오감만족,4.37/5,방문자 리뷰_ 187,블로그 리뷰_ 79
534,통큰감자탕,4.51/5,방문자 리뷰_ 192,블로그 리뷰_ 106
535,트리안 건대점,4.45/5,방문자 리뷰_ 328,블로그 리뷰_ 134
536,롤링파스타 건대지점,4.42/5,방문자 리뷰_ 934,블로그 리뷰_ 332
537,대동집 건대점,4.42/5,방문자 리뷰_ 80,블로그 리뷰_ 22
538,난바다스시,4.42/5,방문자 리뷰_ 669,블로그 리뷰_ 69
539,칸틴,4.17/5,방문자 리뷰_ 27,블로그 리뷰_ 42
540,대찬갈비,4.58/5,방문자 리뷰_ 152,블로그 리뷰_ 65
541,알촌 건국대점,4.42/5,방문자 리뷰_ 284,블로그 리뷰_ 66
542,해남닭집,4.53/5,방문자 리뷰_ 257,블로그 리뷰_ 113
543,대곱창 건대점,4.85/5,방문자 리뷰_ 108,블로그 리뷰_ 217
544,블랙아웃커피,4.85/5,방문자 리뷰_ 23,블로그 리뷰_ 20
545,명륜진사갈비 자양점,4.31/5,방문자 리뷰_ 484,블로그 리뷰_ 44
546,연탄불꿀곱창,4.34/5,방문자 리뷰_ 222,블로그 리뷰_ 70
547,털보타코,5/5,방문자 리뷰_ 28,블로그 리뷰_ 65
548,프랭크버거 건대점,4.45/5,방문자 리뷰_ 616,블로그 리뷰_ 168
549,홍대돈부리 건대점,4.5/5,방문자 리뷰_ 246,블로그 리뷰_ 476
550,동해해물,4.38/5,방문자 리뷰_ 120,블로그 리뷰_ 197
551,샐러디 건대역점,4.56/5,"방문자 리뷰_ 1,137",블로그 리뷰_ 90
552,화양식당,4.17/5,방문자 리뷰_ 217,블로그 리뷰_ 94
553,사거리식당 건대직영점,4.17/5,방문자 리뷰_ 292,블로그 리뷰_ 185
554,노네임드키친,4.79/5,방문자 리뷰_ 89,블로그 리뷰_ 54
555,몽몽공장 아뜰리에 드로잉카페,4.9/5,방문자 리뷰_ 233,블로그 리뷰_ 91
556,복만루,4.46/5,방문자 리뷰_ 151,블로그 리뷰_ 248
557,김부삼 건대점,4.26/5,방문자 리뷰_ 325,블로그 리뷰_ 312
558,이름없는파스타 건대점,4.32/5,방문자 리뷰_ 458,블로그 리뷰_ 136
559,금하,4.24/5,방문자 리뷰_ 285,블로그 리뷰_ 94
560,꼽사리떡볶이,4.15/5,방문자 리뷰_ 226,블로그 리뷰_ 104
561,무지개맥주 건대점,4.64/5,방문자 리뷰_ 139,블로그 리뷰_ 62
562,궤도에오르다,4.58/5,방문자 리뷰_ 207,블로그 리뷰_ 161
563,123막창 서울건대점,4.4/5,방문자 리뷰_ 250,블로그 리뷰_ 70
564,아메리칸트레이 건대입구점,4.4/5,방문자 리뷰_ 62,블로그 리뷰_ 89
565,만원수산 건대점,4.66/5,방문자 리뷰_ 210,블로그 리뷰_ 171
566,당산오돌 구의역점,4.66/5,방문자 리뷰_ 339,블로그 리뷰_ 452
567,아웃닭 건대점,4.44/5,방문자 리뷰_ 442,블로그 리뷰_ 234
568,강경수참치,4.62/5,방문자 리뷰_ 128,블로그 리뷰_ 72
569,온달집 건대점,4.29/5,방문자 리뷰_ 236,블로그 리뷰_ 77
570,조선주막,4.42/5,방문자 리뷰_ 346,블로그 리뷰_ 304
571,갈비집 본,5/5,방문자 리뷰_ 53,블로그 리뷰_ 64
572,푸오커스,5/5,방문자 리뷰_ 104,블로그 리뷰_ 53
573,오감만족,4.37/5,방문자 리뷰_ 187,블로그 리뷰_ 79
574,통큰감자탕,4.51/5,방문자 리뷰_ 192,블로그 리뷰_ 106
575,트리안 건대점,4.45/5,방문자 리뷰_ 328,블로그 리뷰_ 134
576,롤링파스타 건대지점,4.42/5,방문자 리뷰_ 934,블로그 리뷰_ 332
577,대동집 건대점,4.42/5,방문자 리뷰_ 80,블로그 리뷰_ 22
578,난바다스시,4.42/5,방문자 리뷰_ 669,블로그 리뷰_ 69
579,칸틴,4.17/5,방문자 리뷰_ 27,블로그 리뷰_ 42
580,대찬갈비,4.58/5,방문자 리뷰_ 152,블로그 리뷰_ 65
581,알촌 건국대점,4.42/5,방문자 리뷰_ 284,블로그 리뷰_ 66
582,해남닭집,4.53/5,방문자 리뷰_ 257,블로그 리뷰_ 113
583,대곱창 건대점,4.85/5,방문자 리뷰_ 108,블로그 리뷰_ 217
584,블랙아웃커피,4.85/5,방문자 리뷰_ 23,블로그 리뷰_ 20
585,명륜진사갈비 자양점,4.31/5,방문자 리뷰_ 484,블로그 리뷰_ 44
586,연탄불꿀곱창,4.34/5,방문자 리뷰_ 222,블로그 리뷰_ 70
587,털보타코,5/5,방문자 리뷰_ 28,블로그 리뷰_ 65
588,프랭크버거 건대점,4.45/5,방문자 리뷰_ 616,블로그 리뷰_ 168
589,홍대돈부리 건대점,4.5/5,방문자 리뷰_ 246,블로그 리뷰_ 476
590,동해해물,4.38/5,방문자 리뷰_ 120,블로그 리뷰_ 197
591,샐러디 건대역점,4.56/5,"방문자 리뷰_ 1,137",블로그 리뷰_ 90
592,화양식당,4.17/5,방문자 리뷰_ 217,블로그 리뷰_ 94
593,사거리식당 건대직영점,4.17/5,방문자 리뷰_ 292,블로그 리뷰_ 185
594,노네임드키친,4.79/5,방문자 리뷰_ 89,블로그 리뷰_ 54
595,몽몽공장 아뜰리에 드로잉카페,4.9/5,방문자 리뷰_ 233,블로그 리뷰_ 91
596,복만루,4.46/5,방문자 리뷰_ 151,블로그 리뷰_ 248
597,김부삼 건대점,4.26/5,방문자 리뷰_ 325,블로그 리뷰_ 312
598,이름없는파스타 건대점,4.32/5,방문자 리뷰_ 458,블로그 리뷰_ 136
599,금하,4.24/5,방문자 리뷰_ 285,블로그 리뷰_ 94
600,꼽사리떡볶이,4.15/5,방문자 리뷰_ 226,블로그 리뷰_ 104
601,무지개맥주 건대점,4.64/5,방문자 리뷰_ 139,블로그 리뷰_ 62
602,궤도에오르다,4.58/5,방문자 리뷰_ 207,블로그 리뷰_ 161
603,123막창 서울건대점,4.4/5,방문자 리뷰_ 250,블로그 리뷰_ 70
604,아메리칸트레이 건대입구점,4.4/5,방문자 리뷰_ 62,블로그 리뷰_ 89
605,만원수산 건대점,4.66/5,방문자 리뷰_ 210,블로그 리뷰_ 171
606,당산오돌 구의역점,4.66/5,방문자 리뷰_ 339,블로그 리뷰_ 452
607,아웃닭 건대점,4.44/5,방문자 리뷰_ 442,블로그 리뷰_ 234
608,강경수참치,4.62/5,방문자 리뷰_ 128,블로그 리뷰_ 72
609,온달집 건대점,4.29/5,방문자 리뷰_ 236,블로그 리뷰_ 77
610,조선주막,4.42/5,방문자 리뷰_ 346,블로그 리뷰_ 304
611,갈비집 본,5/5,방문자 리뷰_ 53,블로그 리뷰_ 64
612,푸오커스,5/5,방문자 리뷰_ 104,블로그 리뷰_ 53
613,오감만족,4.37/5,방문자 리뷰_ 187,블로그 리뷰_ 79
614,통큰감자탕,4.51/5,방문자 리뷰_ 192,블로그 리뷰_ 106
615,트리안 건대점,4.45/5,방문자 리뷰_ 328,블로그 리뷰_ 134
616,롤링파스타 건대지점,4.42/5,방문자 리뷰_ 934,블로그 리뷰_ 332
617,대동집 건대점,4.42/5,방문자 리뷰_ 80,블로그 리뷰_ 22
618,난바다스시,4.42/5,방문자 리뷰_ 669,블로그 리뷰_ 69
619,칸틴,4.17/5,방문자 리뷰_ 27,블로그 리뷰_ 42
620,대찬갈비,4.58/5,방문자 리뷰_ 152,블로그 리뷰_ 65
621,알촌 건국대점,4.42/5,방문자 리뷰_ 284,블로그 리뷰_ 66
622,해남닭집,4.53/5,방문자 리뷰_ 257,블로그 리뷰_ 113
623,대곱창 건대점,4.85/5,방문자 리뷰_ 108,블로그 리뷰_ 217
624,블랙아웃커피,4.85/5,방문자 리뷰_ 23,블로그 리뷰_ 20
625,명륜진사갈비 자양점,4.31/5,방문자 리뷰_ 484,블로그 리뷰_ 44
626,연탄불꿀곱창,4.34/5,방문자 리뷰_ 222,블로그 리뷰_ 70
627,털보타코,5/5,방문자 리뷰_ 28,블로그 리뷰_ 65
628,프랭크버거 건대점,4.45/5,방문자 리뷰_ 616,블로그 리뷰_ 168
629,홍대돈부리 건대점,4.5/5,방문자 리뷰_ 246,블로그 리뷰_ 476
630,동해해물,4.38/5,방문자 리뷰_ 120,블로그 리뷰_ 197
631,샐러디 건대역점,4.56/5,"방문자 리뷰_ 1,137",블로그 리뷰_ 90
632,화양식당,4.17/5,방문자 리뷰_ 217,블로그 리뷰_ 94
633,사거리식당 건대직영점,4.17/5,방문자 리뷰_ 292,블로그 리뷰_ 185
634,노네임드키친,4.79/5,방문자 리뷰_ 89,블로그 리뷰_ 54
635,몽몽공장 아뜰리에 드로잉카페,4.9/5,방문자 리뷰_ 233,블로그 리뷰_ 91
636,복만루,4.46/5,방문자 리뷰_ 151,블로그 리뷰_ 248
637,김부삼 건대점,4.26/5,방문자 리뷰_ 325,블로그 리뷰_ 312
638,이름없는파스타 건대점,4.32/5,방문자 리뷰_ 458,블로그 리뷰_ 136
639,금하,4.24/5,방문자 리뷰_ 285,블로그 리뷰_ 94
640,꼽사리떡볶이,4.15/5,방문자 리뷰_ 226,블로그 리뷰_ 104
641,무지개맥주 건대점,4.64/5,방문자 리뷰_ 139,블로그 리뷰_ 62
642,궤도에오르다,4.58/5,방문자 리뷰_ 207,블로그 리뷰_ 161
643,123막창 서울건대점,4.4/5,방문자 리뷰_ 250,블로그 리뷰_ 70
644,아메리칸트레이 건대입구점,4.4/5,방문자 리뷰_ 62,블로그 리뷰_ 89
645,만원수산 건대점,4.66/5,방문자 리뷰_ 210,블로그 리뷰_ 171
646,당산오돌 구의역점,4.66/5,방문자 리뷰_ 339,블로그 리뷰_ 452
647,아웃닭 건대점,4.44/5,방문자 리뷰_ 442,블로그 리뷰_ 234
648,강경수참치,4.62/5,방문자 리뷰_ 128,블로그 리뷰_ 72
649,온달집 건대점,4.29/5,방문자 리뷰_ 236,블로그 리뷰_ 77
650,조선주막,4.42/5,방문자 리뷰_ 346,블로그 리뷰_ 304
651,갈비집 본,5/5,방문자 리뷰_ 53,블로그 리뷰_ 64
652,푸오커스,5/5,방문자 리뷰_ 104,블로그 리뷰_ 53
653,오감만족,4.37/5,방문자 리뷰_ 187,블로그 리뷰_ 79
654,통큰감자탕,4.51/5,방문자 리뷰_ 192,블로그 리뷰_ 106
655,트리안 건대점,4.45/5,방문자 리뷰_ 328,블로그 리뷰_ 134
656,롤링파스타 건대지점,4.42/5,방문자 리뷰_ 934,블로그 리뷰_ 332
657,대동집 건대점,4.42/5,방문자 리뷰_ 80,블로그 리뷰_ 22
658,난바다스시,4.42/5,방문자 리뷰_ 669,블로그 리뷰_ 69
659,칸틴,4.17/5,방문자 리뷰_ 27,블로그 리뷰_ 42
660,대찬갈비,4.58/5,방문자 리뷰_ 152,블로그 리뷰_ 65
661,알촌 건국대점,4.42/5,방문자 리뷰_ 284,블로그 리뷰_ 66
662,해남닭집,4.53/5,방문자 리뷰_ 257,블로그 리뷰_ 113
663,대곱창 건대점,4.85/5,방문자 리뷰_ 108,블로그 리뷰_ 217
664,블랙아웃커피,4.85/5,방문자 리뷰_ 23,블로그 리뷰_ 20
665,명륜진사갈비 자양점,4.31/5,방문자 리뷰_ 484,블로그 리뷰_ 44
666,연탄불꿀곱창,4.34/5,방문자 리뷰_ 222,블로그 리뷰_ 70
667,털보타코,5/5,방문자 리뷰_ 28,블로그 리뷰_ 65
668,프랭크버거 건대점,4.45/5,방문자 리뷰_ 616,블로그 리뷰_ 168
669,홍대돈부리 건대점,4.5/5,방문자 리뷰_ 246,블로그 리뷰_ 476
670,동해해물,4.38/5,방문자 리뷰_ 120,블로그 리뷰_ 197
671,샐러디 건대역점,4.56/5,"방문자 리뷰_ 1,137",블로그 리뷰_ 90
672,화양식당,4.17/5,방문자 리뷰_ 217,블로그 리뷰_ 94
673,사거리식당 건대직영점,4.17/5,방문자 리뷰_ 292,블로그 리뷰_ 185
674,노네임드키친,4.79/5,방문자 리뷰_ 89,블로그 리뷰_ 54
675,몽몽공장 아뜰리에 드로잉카페,4.9/5,방문자 리뷰_ 233,블로그 리뷰_ 91
676,복만루,4.46/5,방문자 리뷰_ 151,블로그 리뷰_ 248
677,김부삼 건대점,4.26/5,방문자 리뷰_ 325,블로그 리뷰_ 312
678,이름없는파스타 건대점,4.32/5,방문자 리뷰_ 458,블로그 리뷰_ 136
679,금하,4.24/5,방문자 리뷰_ 285,블로그 리뷰_ 94
680,꼽사리떡볶이,4.15/5,방문자 리뷰_ 226,블로그 리뷰_ 104
681,무지개맥주 건대점,4.64/5,방문자 리뷰_ 139,블로그 리뷰_ 62
682,궤도에오르다,4.58/5,방문자 리뷰_ 207,블로그 리뷰_ 161
683,123막창 서울건대점,4.4/5,방문자 리뷰_ 250,블로그 리뷰_ 70
684,아메리칸트레이 건대입구점,4.4/5,방문자 리뷰_ 62,블로그 리뷰_ 89
685,만원수산 건대점,4.66/5,방문자 리뷰_ 210,블로그 리뷰_ 171
686,당산오돌 구의역점,4.66/5,방문자 리뷰_ 339,블로그 리뷰_ 452
687,아웃닭 건대점,4.44/5,방문자 리뷰_ 442,블로그 리뷰_ 234
688,강경수참치,4.62/5,방문자 리뷰_ 128,블로그 리뷰_ 72
689,온달집 건대점,4.29/5,방문자 리뷰_ 236,블로그 리뷰_ 77
690,조선주막,4.42/5,방문자 리뷰_ 346,블로그 리뷰_ 304
691,갈비집 본,5/5,방문자 리뷰_ 53,블로그 리뷰_ 64
692,푸오커스,5/5,방문자 리뷰_ 104,블로그 리뷰_ 53
693,오감만족,4.37/5,방문자 리뷰_ 187,블로그 리뷰_ 79
694,통큰감자탕,4.51/5,방문자 리뷰_ 192,블로그 리뷰_ 106
695,트리안 건대점,4.45/5,방문자 리뷰_ 328,블로그 리뷰_ 134
696,롤링파스타 건대지점,4.42/5,방문자 리뷰_ 934,블로그 리뷰_ 332
697,대동집 건대점,4.42/5,방문자 리뷰_ 80,블로그 리뷰_ 22
698,난바다스시,4.42/5,방문자 리뷰_ 669,블로그 리뷰_ 69
699,칸틴,4.17/5,방문자 리뷰_ 27,블로그 리뷰_ 42
700,대찬갈비,4.58/5,방문자 리뷰_ 152,블로그 리뷰_ 65
701,알촌 건국대점,4.42/5,방문자 리뷰_ 284,블로그 리뷰_ 66
702,해남닭집,4.53/5,방문자 리뷰_ 257,블로그 리뷰_ 113
703,대곱창 건대점,4.85/5,방문자 리뷰_ 108,블로그 리뷰_ 217
704,블랙아웃커피,4.85/5,방문자 리뷰_ 23,블로그 리뷰_ 20
705,명륜진사갈비 자양점,4.31/5,방문자 리뷰_ 484,블로그 리뷰_ 44
706,연탄불꿀곱창,4.34/5,방문자 리뷰_ 222,블로그 리뷰_ 70
707,털보타코,5/5,방문자 리뷰_ 28,블로그 리뷰_ 65
708,프랭크버거 건대점,4.45/5,방문자 리뷰_ 616,블로그 리뷰_ 168
709,홍대돈부리 건대점,4.5/5,방문자 리뷰_ 246,블로그 리뷰_ 476
710,동해해물,4.38/5,방문자 리뷰_ 120,블로그 리뷰_ 197
711,샐러디 건대역점,4.56/5,"방문자 리뷰_ 1,137",블로그 리뷰_ 90
712,화양식당,4.17/5,방문자 리뷰_ 217,블로그 리뷰_ 94
713,사거리식당 건대직영점,4.17/5,방문자 리뷰_ 292,블로그 리뷰_ 185
714,노네임드키친,4.79/5,방문자 리뷰_ 89,블로그 리뷰_ 54
715,몽몽공장 아뜰리에 드로잉카페,4.9/5,방문자 리뷰_ 233,블로그 리뷰_ 91
716,복만루,4.46/5,방문자 리뷰_ 151,블로그 리뷰_ 248
717,김부삼 건대점,4.26/5,방문자 리뷰_ 325,블로그 리뷰_ 312
718,이름없는파스타 건대점,4.32/5,방문자 리뷰_ 458,블로그 리뷰_ 136
719,금하,4.24/5,방문자 리뷰_ 285,블로그 리뷰_ 94
720,꼽사리떡볶이,4.15/5,방문자 리뷰_ 226,블로그 리뷰_ 104
721,무지개맥주 건대점,4.64/5,방문자 리뷰_ 139,블로그 리뷰_ 62
722,궤도에오르다,4.58/5,방문자 리뷰_ 207,블로그 리뷰_ 161
723,123막창 서울건대점,4.4/5,방문자 리뷰_ 250,블로그 리뷰_ 70
724,아메리칸트레이 건대입구점,4.4/5,방문자 리뷰_ 62,블로그 리뷰_ 89
725,만원수산 건대점,4.66/5,방문자 리뷰_ 210,블로그 리뷰_ 171
726,당산오돌 구의역점,4.66/5,방문자 리뷰_ 339,블로그 리뷰_ 452
727,아웃닭 건대점,4.44/5,방문자 리뷰_ 442,블로그 리뷰_ 234
728,강경수참치,4.62/5,방문자 리뷰_ 128,블로그 리뷰_ 72
729,온달집 건대점,4.29/5,방문자 리뷰_ 236,블로그 리뷰_ 77
730,조선주막,4.42/5,방문자 리뷰_ 347,블로그 리뷰_ 304
731,갈비집 본,5/5,방문자 리뷰_ 53,블로그 리뷰_ 64
732,푸오커스,5/5,방문자 리뷰_ 104,블로그 리뷰_ 53
733,오감만족,4.37/5,방문자 리뷰_ 187,블로그 리뷰_ 79
734,통큰감자탕,4.51/5,방문자 리뷰_ 192,블로그 리뷰_ 106
735,트리안 건대점,4.45/5,방문자 리뷰_ 328,블로그 리뷰_ 134
736,롤링파스타 건대지점,4.42/5,방문자 리뷰_ 934,블로그 리뷰_ 332
737,대동집 건대점,4.42/5,방문자 리뷰_ 80,블로그 리뷰_ 22
738,난바다스시,4.42/5,방문자 리뷰_ 669,블로그 리뷰_ 69
739,칸틴,4.17/5,방문자 리뷰_ 27,블로그 리뷰_ 42
740,대찬갈비,4.58/5,방문자 리뷰_ 152,블로그 리뷰_ 65
741,알촌 건국대점,4.42/5,방문자 리뷰_ 284,블로그 리뷰_ 66
742,해남닭집,4.53/5,방문자 리뷰_ 257,블로그 리뷰_ 113
743,대곱창 건대점,4.85/5,방문자 리뷰_ 108,블로그 리뷰_ 217
744,블랙아웃커피,4.85/5,방문자 리뷰_ 23,블로그 리뷰_ 20
745,명륜진사갈비 자양점,4.31/5,방문자 리뷰_ 484,블로그 리뷰_ 44
746,연탄불꿀곱창,4.34/5,방문자 리뷰_ 222,블로그 리뷰_ 70
747,털보타코,5/5,방문자 리뷰_ 28,블로그 리뷰_ 65
748,프랭크버거 건대점,4.45/5,방문자 리뷰_ 616,블로그 리뷰_ 168
749,홍대돈부리 건대점,4.5/5,방문자 리뷰_ 246,블로그 리뷰_ 476
750,동해해물,4.38/5,방문자 리뷰_ 120,블로그 리뷰_ 197
751,샐러디 건대역점,4.56/5,"방문자 리뷰_ 1,137",블로그 리뷰_ 90
752,화양식당,4.17/5,방문자 리뷰_ 217,블로그 리뷰_ 94
753,사거리식당 건대직영점,4.17/5,방문자 리뷰_ 292,블로그 리뷰_ 185
754,노네임드키친,4.79/5,방문자 리뷰_ 89,블로그 리뷰_ 54
755,몽몽공장 아뜰리에 드로잉카페,4.9/5,방문자 리뷰_ 233,블로그 리뷰_ 91
756,복만루,4.46/5,방문자 리뷰_ 151,블로그 리뷰_ 248
757,김부삼 건대점,4.26/5,방문자 리뷰_ 325,블로그 리뷰_ 312
758,이름없는파스타 건대점,4.32/5,방문자 리뷰_ 458,블로그 리뷰_ 136
759,금하,4.24/5,방문자 리뷰_ 285,블로그 리뷰_ 94
760,꼽사리떡볶이,4.15/5,방문자 리뷰_ 226,블로그 리뷰_ 104
761,무지개맥주 건대점,4.64/5,방문자 리뷰_ 139,블로그 리뷰_ 62
762,궤도에오르다,4.58/5,방문자 리뷰_ 207,블로그 리뷰_ 161
763,123막창 서울건대점,4.4/5,방문자 리뷰_ 250,블로그 리뷰_ 70
764,아메리칸트레이 건대입구점,4.4/5,방문자 리뷰_ 62,블로그 리뷰_ 89
765,만원수산 건대점,4.66/5,방문자 리뷰_ 210,블로그 리뷰_ 171
766,당산오돌 구의역점,4.66/5,방문자 리뷰_ 339,블로그 리뷰_ 452
767,아웃닭 건대점,4.44/5,방문자 리뷰_ 442,블로그 리뷰_ 234
768,강경수참치,4.62/5,방문자 리뷰_ 128,블로그 리뷰_ 72
769,온달집 건대점,4.29/5,방문자 리뷰_ 236,블로그 리뷰_ 77
770,조선주막,4.42/5,방문자 리뷰_ 347,블로그 리뷰_ 304
771,갈비집 본,5/5,방문자 리뷰_ 53,블로그 리뷰_ 64
772,푸오커스,5/5,방문자 리뷰_ 104,블로그 리뷰_ 53
773,오감만족,4.37/5,방문자 리뷰_ 187,블로그 리뷰_ 79
774,통큰감자탕,4.51/5,방문자 리뷰_ 192,블로그 리뷰_ 106
775,트리안 건대점,4.45/5,방문자 리뷰_ 328,블로그 리뷰_ 134
776,롤링파스타 건대지점,4.42/5,방문자 리뷰_ 934,블로그 리뷰_ 332
777,대동집 건대점,4.42/5,방문자 리뷰_ 80,블로그 리뷰_ 22
778,난바다스시,4.42/5,방문자 리뷰_ 669,블로그 리뷰_ 69
779,칸틴,4.17/5,방문자 리뷰_ 27,블로그 리뷰_ 42
780,대찬갈비,4.58/5,방문자 리뷰_ 152,블로그 리뷰_ 65
781,알촌 건국대점,4.42/5,방문자 리뷰_ 284,블로그 리뷰_ 66
782,해남닭집,4.53/5,방문자 리뷰_ 257,블로그 리뷰_ 113
783,대곱창 건대점,4.85/5,방문자 리뷰_ 108,블로그 리뷰_ 217
784,블랙아웃커피,4.85/5,방문자 리뷰_ 23,블로그 리뷰_ 20
785,명륜진사갈비 자양점,4.31/5,방문자 리뷰_ 484,블로그 리뷰_ 44
786,연탄불꿀곱창,4.34/5,방문자 리뷰_ 222,블로그 리뷰_ 70
787,털보타코,5/5,방문자 리뷰_ 28,블로그 리뷰_ 65
788,프랭크버거 건대점,4.45/5,방문자 리뷰_ 616,블로그 리뷰_ 168
789,홍대돈부리 건대점,4.5/5,방문자 리뷰_ 246,블로그 리뷰_ 476
790,동해해물,4.38/5,방문자 리뷰_ 120,블로그 리뷰_ 197
791,샐러디 건대역점,4.56/5,"방문자 리뷰_ 1,137",블로그 리뷰_ 90
792,화양식당,4.17/5,방문자 리뷰_ 217,블로그 리뷰_ 94
793,사거리식당 건대직영점,4.17/5,방문자 리뷰_ 292,블로그 리뷰_ 185
794,노네임드키친,4.79/5,방문자 리뷰_ 89,블로그 리뷰_ 54
795,몽몽공장 아뜰리에 드로잉카페,4.9/5,방문자 리뷰_ 233,블로그 리뷰_ 91
796,복만루,4.46/5,방문자 리뷰_ 151,블로그 리뷰_ 248
797,김부삼 건대점,4.26/5,방문자 리뷰_ 325,블로그 리뷰_ 312
798,이름없는파스타 건대점,4.32/5,방문자 리뷰_ 458,블로그 리뷰_ 136
799,금하,4.24/5,방문자 리뷰_ 285,블로그 리뷰_ 94
800,꼽사리떡볶이,4.15/5,방문자 리뷰_ 226,블로그 리뷰_ 104
801,무지개맥주 건대점,4.64/5,방문자 리뷰_ 139,블로그 리뷰_ 62
802,궤도에오르다,4.58/5,방문자 리뷰_ 207,블로그 리뷰_ 161
803,123막창 서울건대점,4.4/5,방문자 리뷰_ 250,블로그 리뷰_ 70
804,아메리칸트레이 건대입구점,4.4/5,방문자 리뷰_ 62,블로그 리뷰_ 89
805,만원수산 건대점,4.66/5,방문자 리뷰_ 210,블로그 리뷰_ 171
806,당산오돌 구의역점,4.66/5,방문자 리뷰_ 339,블로그 리뷰_ 452
807,아웃닭 건대점,4.44/5,방문자 리뷰_ 442,블로그 리뷰_ 234
808,강경수참치,4.62/5,방문자 리뷰_ 128,블로그 리뷰_ 72
809,온달집 건대점,4.29/5,방문자 리뷰_ 236,블로그 리뷰_ 77
810,조선주막,4.42/5,방문자 리뷰_ 347,블로그 리뷰_ 304
811,갈비집 본,5/5,방문자 리뷰_ 53,블로그 리뷰_ 64
812,푸오커스,5/5,방문자 리뷰_ 104,블로그 리뷰_ 53
813,오감만족,4.37/5,방문자 리뷰_ 187,블로그 리뷰_ 79
814,통큰감자탕,4.51/5,방문자 리뷰_ 192,블로그 리뷰_ 106
815,트리안 건대점,4.45/5,방문자 리뷰_ 328,블로그 리뷰_ 134
816,롤링파스타 건대지점,4.42/5,방문자 리뷰_ 934,블로그 리뷰_ 332
817,대동집 건대점,4.42/5,방문자 리뷰_ 80,블로그 리뷰_ 22
818,난바다스시,4.42/5,방문자 리뷰_ 669,블로그 리뷰_ 69
819,칸틴,4.17/5,방문자 리뷰_ 27,블로그 리뷰_ 42
820,대찬갈비,4.58/5,방문자 리뷰_ 152,블로그 리뷰_ 65
821,알촌 건국대점,4.42/5,방문자 리뷰_ 284,블로그 리뷰_ 66
822,해남닭집,4.53/5,방문자 리뷰_ 257,블로그 리뷰_ 113
823,대곱창 건대점,4.85/5,방문자 리뷰_ 108,블로그 리뷰_ 217
824,블랙아웃커피,4.85/5,방문자 리뷰_ 23,블로그 리뷰_ 20
825,명륜진사갈비 자양점,4.31/5,방문자 리뷰_ 484,블로그 리뷰_ 44
826,연탄불꿀곱창,4.34/5,방문자 리뷰_ 222,블로그 리뷰_ 70
827,털보타코,5/5,방문자 리뷰_ 28,블로그 리뷰_ 65
828,프랭크버거 건대점,4.45/5,방문자 리뷰_ 616,블로그 리뷰_ 168
829,홍대돈부리 건대점,4.5/5,방문자 리뷰_ 246,블로그 리뷰_ 476
830,동해해물,4.38/5,방문자 리뷰_ 120,블로그 리뷰_ 197
831,샐러디 건대역점,4.56/5,"방문자 리뷰_ 1,137",블로그 리뷰_ 90
832,화양식당,4.17/5,방문자 리뷰_ 217,블로그 리뷰_ 94
833,사거리식당 건대직영점,4.17/5,방문자 리뷰_ 292,블로그 리뷰_ 185
834,노네임드키친,4.79/5,방문자 리뷰_ 89,블로그 리뷰_ 54
835,몽몽공장 아뜰리에 드로잉카페,4.9/5,방문자 리뷰_ 233,블로그 리뷰_ 91
836,복만루,4.46/5,방문자 리뷰_ 151,블로그 리뷰_ 248
837,김부삼 건대점,4.26/5,방문자 리뷰_ 325,블로그 리뷰_ 312
838,이름없는파스타 건대점,4.32/5,방문자 리뷰_ 458,블로그 리뷰_ 136
839,금하,4.24/5,방문자 리뷰_ 285,블로그 리뷰_ 94
840,꼽사리떡볶이,4.15/5,방문자 리뷰_ 226,블로그 리뷰_ 104
841,무지개맥주 건대점,4.64/5,방문자 리뷰_ 139,블로그 리뷰_ 62
842,궤도에오르다,4.58/5,방문자 리뷰_ 207,블로그 리뷰_ 161
843,123막창 서울건대점,4.4/5,방문자 리뷰_ 250,블로그 리뷰_ 70
844,아메리칸트레이 건대입구점,4.4/5,방문자 리뷰_ 62,블로그 리뷰_ 89
845,만원수산 건대점,4.66/5,방문자 리뷰_ 210,블로그 리뷰_ 171
846,당산오돌 구의역점,4.66/5,방문자 리뷰_ 339,블로그 리뷰_ 452
847,아웃닭 건대점,4.44/5,방문자 리뷰_ 442,블로그 리뷰_ 234
848,강경수참치,4.62/5,방문자 리뷰_ 128,블로그 리뷰_ 72
849,온달집 건대점,4.29/5,방문자 리뷰_ 236,블로그 리뷰_ 77
850,조선주막,4.42/5,방문자 리뷰_ 347,블로그 리뷰_ 304
851,갈비집 본,5/5,방문자 리뷰_ 53,블로그 리뷰_ 64
852,푸오커스,5/5,방문자 리뷰_ 104,블로그 리뷰_ 53
853,오감만족,4.37/5,방문자 리뷰_ 187,블로그 리뷰_ 79
854,통큰감자탕,4.51/5,방문자 리뷰_ 192,블로그 리뷰_ 106
855,트리안 건대점,4.45/5,방문자 리뷰_ 328,블로그 리뷰_ 134
856,롤링파스타 건대지점,4.42/5,방문자 리뷰_ 934,블로그 리뷰_ 332
857,대동집 건대점,4.42/5,방문자 리뷰_ 80,블로그 리뷰_ 22
858,난바다스시,4.42/5,방문자 리뷰_ 669,블로그 리뷰_ 69
859,칸틴,4.17/5,방문자 리뷰_ 27,블로그 리뷰_ 42
860,대찬갈비,4.58/5,방문자 리뷰_ 152,블로그 리뷰_ 65
861,알촌 건국대점,4.42/5,방문자 리뷰_ 284,블로그 리뷰_ 66
862,해남닭집,4.53/5,방문자 리뷰_ 257,블로그 리뷰_ 113
863,대곱창 건대점,4.85/5,방문자 리뷰_ 108,블로그 리뷰_ 217
864,블랙아웃커피,4.85/5,방문자 리뷰_ 23,블로그 리뷰_ 20
865,명륜진사갈비 자양점,4.31/5,방문자 리뷰_ 484,블로그 리뷰_ 44
866,연탄불꿀곱창,4.34/5,방문자 리뷰_ 222,블로그 리뷰_ 70
867,털보타코,5/5,방문자 리뷰_ 28,블로그 리뷰_ 65
868,프랭크버거 건대점,4.45/5,방문자 리뷰_ 616,블로그 리뷰_ 168
869,홍대돈부리 건대점,4.5/5,방문자 리뷰_ 246,블로그 리뷰_ 476
870,동해해물,4.38/5,방문자 리뷰_ 120,블로그 리뷰_ 197
871,샐러디 건대역점,4.56/5,"방문자 리뷰_ 1,137",블로그 리뷰_ 90
872,화양식당,4.17/5,방문자 리뷰_ 217,블로그 리뷰_ 94
873,사거리식당 건대직영점,4.17/5,방문자 리뷰_ 292,블로그 리뷰_ 185
874,노네임드키친,4.79/5,방문자 리뷰_ 89,블로그 리뷰_ 54
875,몽몽공장 아뜰리에 드로잉카페,4.9/5,방문자 리뷰_ 233,블로그 리뷰_ 91
876,복만루,4.46/5,방문자 리뷰_ 151,블로그 리뷰_ 248
877,김부삼 건대점,4.26/5,방문자 리뷰_ 325,블로그 리뷰_ 312
878,이름없는파스타 건대점,4.32/5,방문자 리뷰_ 458,블로그 리뷰_ 136
879,금하,4.24/5,방문자 리뷰_ 285,블로그 리뷰_ 94
880,꼽사리떡볶이,4.15/5,방문자 리뷰_ 226,블로그 리뷰_ 104
881,무지개맥주 건대점,4.64/5,방문자 리뷰_ 139,블로그 리뷰_ 62
882,궤도에오르다,4.58/5,방문자 리뷰_ 207,블로그 리뷰_ 161
883,123막창 서울건대점,4.4/5,방문자 리뷰_ 250,블로그 리뷰_ 70
884,아메리칸트레이 건대입구점,4.4/5,방문자 리뷰_ 62,블로그 리뷰_ 89
885,만원수산 건대점,4.66/5,방문자 리뷰_ 210,블로그 리뷰_ 171
886,당산오돌 구의역점,4.66/5,방문자 리뷰_ 339,블로그 리뷰_ 452
887,아웃닭 건대점,4.44/5,방문자 리뷰_ 442,블로그 리뷰_ 234
888,강경수참치,4.62/5,방문자 리뷰_ 128,블로그 리뷰_ 72
889,온달집 건대점,4.29/5,방문자 리뷰_ 236,블로그 리뷰_ 77
890,조선주막,4.42/5,방문자 리뷰_ 347,블로그 리뷰_ 304
891,갈비집 본,5/5,방문자 리뷰_ 53,블로그 리뷰_ 64
892,푸오커스,5/5,방문자 리뷰_ 104,블로그 리뷰_ 53
893,오감만족,4.37/5,방문자 리뷰_ 187,블로그 리뷰_ 79
894,통큰감자탕,4.51/5,방문자 리뷰_ 192,블로그 리뷰_ 106
895,트리안 건대점,4.45/5,방문자 리뷰_ 328,블로그 리뷰_ 134
896,롤링파스타 건대지점,4.42/5,방문자 리뷰_ 934,블로그 리뷰_ 332
897,대동집 건대점,4.42/5,방문자 리뷰_ 80,블로그 리뷰_ 22
898,난바다스시,4.42/5,방문자 리뷰_ 669,블로그 리뷰_ 69
899,칸틴,4.17/5,방문자 리뷰_ 27,블로그 리뷰_ 42
900,대찬갈비,4.58/5,방문자 리뷰_ 152,블로그 리뷰_ 65
901,알촌 건국대점,4.42/5,방문자 리뷰_ 284,블로그 리뷰_ 66
902,해남닭집,4.53/5,방문자 리뷰_ 257,블로그 리뷰_ 113
903,대곱창 건대점,4.85/5,방문자 리뷰_ 108,블로그 리뷰_ 217
904,블랙아웃커피,4.85/5,방문자 리뷰_ 23,블로그 리뷰_ 20
905,명륜진사갈비 자양점,4.31/5,방문자 리뷰_ 484,블로그 리뷰_ 44
906,연탄불꿀곱창,4.34/5,방문자 리뷰_ 222,블로그 리뷰_ 70
907,털보타코,5/5,방문자 리뷰_ 28,블로그 리뷰_ 65
908,프랭크버거 건대점,4.45/5,방문자 리뷰_ 616,블로그 리뷰_ 168
909,홍대돈부리 건대점,4.5/5,방문자 리뷰_ 246,블로그 리뷰_ 476
910,동해해물,4.38/5,방문자 리뷰_ 120,블로그 리뷰_ 197
911,샐러디 건대역점,4.56/5,"방문자 리뷰_ 1,137",블로그 리뷰_ 90
912,화양식당,4.17/5,방문자 리뷰_ 217,블로그 리뷰_ 94
913,사거리식당 건대직영점,4.17/5,방문자 리뷰_ 292,블로그 리뷰_ 185
914,노네임드키친,4.79/5,방문자 리뷰_ 89,블로그 리뷰_ 54
915,몽몽공장 아뜰리에 드로잉카페,4.9/5,방문자 리뷰_ 233,블로그 리뷰_ 91
916,복만루,4.46/5,방문자 리뷰_ 151,블로그 리뷰_ 248
917,김부삼 건대점,4.26/5,방문자 리뷰_ 325,블로그 리뷰_ 312
918,이름없는파스타 건대점,4.32/5,방문자 리뷰_ 458,블로그 리뷰_ 136
919,금하,4.24/5,방문자 리뷰_ 285,블로그 리뷰_ 94
920,꼽사리떡볶이,4.15/5,방문자 리뷰_ 226,블로그 리뷰_ 104
921,무지개맥주 건대점,4.64/5,방문자 리뷰_ 139,블로그 리뷰_ 62
922,궤도에오르다,4.58/5,방문자 리뷰_ 207,블로그 리뷰_ 161
923,123막창 서울건대점,4.4/5,방문자 리뷰_ 250,블로그 리뷰_ 70
924,아메리칸트레이 건대입구점,4.4/5,방문자 리뷰_ 62,블로그 리뷰_ 89
925,만원수산 건대점,4.66/5,방문자 리뷰_ 210,블로그 리뷰_ 171
926,당산오돌 구의역점,4.66/5,방문자 리뷰_ 339,블로그 리뷰_ 452
927,아웃닭 건대점,4.44/5,방문자 리뷰_ 442,블로그 리뷰_ 234
928,강경수참치,4.62/5,방문자 리뷰_ 128,블로그 리뷰_ 72
929,온달집 건대점,4.29/5,방문자 리뷰_ 236,블로그 리뷰_ 77
930,조선주막,4.42/5,방문자 리뷰_ 347,블로그 리뷰_ 304
931,갈비집 본,5/5,방문자 리뷰_ 53,블로그 리뷰_ 64
932,푸오커스,5/5,방문자 리뷰_ 104,블로그 리뷰_ 53
933,오감만족,4.37/5,방문자 리뷰_ 187,블로그 리뷰_ 79
934,통큰감자탕,4.51/5,방문자 리뷰_ 192,블로그 리뷰_ 106
935,트리안 건대점,4.45/5,방문자 리뷰_ 328,블로그 리뷰_ 134
936,롤링파스타 건대지점,4.42/5,방문자 리뷰_ 934,블로그 리뷰_ 332
937,대동집 건대점,4.42/5,방문자 리뷰_ 80,블로그 리뷰_ 22
938,난바다스시,4.42/5,방문자 리뷰_ 669,블로그 리뷰_ 69
939,칸틴,4.17/5,방문자 리뷰_ 27,블로그 리뷰_ 42
940,대찬갈비,4.58/5,방문자 리뷰_ 152,블로그 리뷰_ 65
941,알촌 건국대점,4.42/5,방문자 리뷰_ 284,블로그 리뷰_ 66
942,해남닭집,4.53/5,방문자 리뷰_ 257,블로그 리뷰_ 113
943,대곱창 건대점,4.85/5,방문자 리뷰_ 108,블로그 리뷰_ 217
944,블랙아웃커피,4.85/5,방문자 리뷰_ 23,블로그 리뷰_ 20
945,명륜진사갈비 자양점,4.31/5,방문자 리뷰_ 484,블로그 리뷰_ 44
946,연탄불꿀곱창,4.34/5,방문자 리뷰_ 222,블로그 리뷰_ 70
947,털보타코,5/5,방문자 리뷰_ 28,블로그 리뷰_ 65
948,프랭크버거 건대점,4.45/5,방문자 리뷰_ 616,블로그 리뷰_ 168
949,홍대돈부리 건대점,4.5/5,방문자 리뷰_ 246,블로그 리뷰_ 476
950,동해해물,4.38/5,방문자 리뷰_ 120,블로그 리뷰_ 197
951,샐러디 건대역점,4.56/5,"방문자 리뷰_ 1,137",블로그 리뷰_ 90
952,화양식당,4.17/5,방문자 리뷰_ 217,블로그 리뷰_ 94
953,사거리식당 건대직영점,4.17/5,방문자 리뷰_ 292,블로그 리뷰_ 185
954,노네임드키친,4.79/5,방문자 리뷰_ 89,블로그 리뷰_ 54
955,몽몽공장 아뜰리에 드로잉카페,4.9/5,방문자 리뷰_ 233,블로그 리뷰_ 91
956,복만루,4.46/5,방문자 리뷰_ 151,블로그 리뷰_ 248
957,김부삼 건대점,4.26/5,방문자 리뷰_ 325,블로그 리뷰_ 312
958,이름없는파스타 건대점,4.32/5,방문자 리뷰_ 458,블로그 리뷰_ 136
959,금하,4.24/5,방문자 리뷰_ 285,블로그 리뷰_ 94
960,꼽사리떡볶이,4.15/5,방문자 리뷰_ 226,블로그 리뷰_ 104
961,무지개맥주 건대점,4.64/5,방문자 리뷰_ 139,블로그 리뷰_ 62
962,궤도에오르다,4.58/5,방문자 리뷰_ 207,블로그 리뷰_ 161
963,123막창 서울건대점,4.4/5,방문자 리뷰_ 250,블로그 리뷰_ 70
964,아메리칸트레이 건대입구점,4.4/5,방문자 리뷰_ 62,블로그 리뷰_ 89
965,만원수산 건대점,4.66/5,방문자 리뷰_ 210,블로그 리뷰_ 171
966,당산오돌 구의역점,4.66/5,방문자 리뷰_ 339,블로그 리뷰_ 452
967,아웃닭 건대점,4.44/5,방문자 리뷰_ 442,블로그 리뷰_ 234
968,강경수참치,4.62/5,방문자 리뷰_ 128,블로그 리뷰_ 72
969,온달집 건대점,4.29/5,방문자 리뷰_ 236,블로그 리뷰_ 77
970,조선주막,4.42/5,방문자 리뷰_ 347,블로그 리뷰_ 304
971,갈비집 본,5/5,방문자 리뷰_ 53,블로그 리뷰_ 64
972,푸오커스,5/5,방문자 리뷰_ 104,블로그 리뷰_ 53
973,오감만족,4.37/5,방문자 리뷰_ 187,블로그 리뷰_ 79
974,통큰감자탕,4.51/5,방문자 리뷰_ 192,블로그 리뷰_ 106
975,트리안 건대점,4.45/5,방문자 리뷰_ 328,블로그 리뷰_ 134
976,롤링파스타 건대지점,4.42/5,방문자 리뷰_ 934,블로그 리뷰_ 332
977,대동집 건대점,4.42/5,방문자 리뷰_ 80,블로그 리뷰_ 22
978,난바다스시,4.42/5,방문자 리뷰_ 669,블로그 리뷰_ 69
979,칸틴,4.17/5,방문자 리뷰_ 27,블로그 리뷰_ 42
980,대찬갈비,4.58/5,방문자 리뷰_ 152,블로그 리뷰_ 65
981,알촌 건국대점,4.42/5,방문자 리뷰_ 284,블로그 리뷰_ 66
982,해남닭집,4.53/5,방문자 리뷰_ 257,블로그 리뷰_ 113
983,대곱창 건대점,4.85/5,방문자 리뷰_ 108,블로그 리뷰_ 217
984,블랙아웃커피,4.85/5,방문자 리뷰_ 23,블로그 리뷰_ 20
985,명륜진사갈비 자양점,4.31/5,방문자 리뷰_ 484,블로그 리뷰_ 44
986,연탄불꿀곱창,4.34/5,방문자 리뷰_ 222,블로그 리뷰_ 70
987,털보타코,5/5,방문자 리뷰_ 28,블로그 리뷰_ 65
988,프랭크버거 건대점,4.45/5,방문자 리뷰_ 616,블로그 리뷰_ 168
989,홍대돈부리 건대점,4.5/5,방문자 리뷰_ 246,블로그 리뷰_ 476
990,동해해물,4.38/5,방문자 리뷰_ 120,블로그 리뷰_ 197
991,샐러디 건대역점,4.56/5,"방문자 리뷰_ 1,137",블로그 리뷰_ 90
992,화양식당,4.17/5,방문자 리뷰_ 217,블로그 리뷰_ 94
993,사거리식당 건대직영점,4.17/5,방문자 리뷰_ 292,블로그 리뷰_ 185
994,노네임드키친,4.79/5,방문자 리뷰_ 89,블로그 리뷰_ 54
995,몽몽공장 아뜰리에 드로잉카페,4.9/5,방문자 리뷰_ 233,블로그 리뷰_ 91
996,복만루,4.46/5,방문자 리뷰_ 151,블로그 리뷰_ 248
997,김부삼 건대점,4.26/5,방문자 리뷰_ 325,블로그 리뷰_ 312
998,이름없는파스타 건대점,4.32/5,방문자 리뷰_ 458,블로그 리뷰_ 136
999,금하,4.24/5,방문자 리뷰_ 285,블로그 리뷰_ 94
1000,꼽사리떡볶이,4.15/5,방문자 리뷰_ 226,블로그 리뷰_ 104
1001,무지개맥주 건대점,4.64/5,방문자 리뷰_ 139,블로그 리뷰_ 62
1002,궤도에오르다,4.58/5,방문자 리뷰_ 207,블로그 리뷰_ 161
1003,123막창 서울건대점,4.4/5,방문자 리뷰_ 250,블로그 리뷰_ 70
1004,아메리칸트레이 건대입구점,4.4/5,방문자 리뷰_ 62,블로그 리뷰_ 89
1005,만원수산 건대점,4.66/5,방문자 리뷰_ 210,블로그 리뷰_ 171
1006,당산오돌 구의역점,4.66/5,방문자 리뷰_ 339,블로그 리뷰_ 452
1007,아웃닭 건대점,4.44/5,방문자 리뷰_ 442,블로그 리뷰_ 234
1008,강경수참치,4.62/5,방문자 리뷰_ 128,블로그 리뷰_ 72
1009,온달집 건대점,4.29/5,방문자 리뷰_ 236,블로그 리뷰_ 77
1010,조선주막,4.42/5,방문자 리뷰_ 347,블로그 리뷰_ 304
1011,갈비집 본,5/5,방문자 리뷰_ 53,블로그 리뷰_ 64
1012,푸오커스,5/5,방문자 리뷰_ 104,블로그 리뷰_ 53
1013,오감만족,4.37/5,방문자 리뷰_ 187,블로그 리뷰_ 79
1014,통큰감자탕,4.51/5,방문자 리뷰_ 192,블로그 리뷰_ 106
1015,트리안 건대점,4.45/5,방문자 리뷰_ 328,블로그 리뷰_ 134
1016,롤링파스타 건대지점,4.42/5,방문자 리뷰_ 934,블로그 리뷰_ 332
1017,대동집 건대점,4.42/5,방문자 리뷰_ 80,블로그 리뷰_ 22
1018,난바다스시,4.42/5,방문자 리뷰_ 669,블로그 리뷰_ 69
1019,칸틴,4.17/5,방문자 리뷰_ 27,블로그 리뷰_ 42
1020,대찬갈비,4.58/5,방문자 리뷰_ 152,블로그 리뷰_ 65
1021,알촌 건국대점,4.42/5,방문자 리뷰_ 284,블로그 리뷰_ 66
1022,해남닭집,4.53/5,방문자 리뷰_ 257,블로그 리뷰_ 113
1023,대곱창 건대점,4.85/5,방문자 리뷰_ 108,블로그 리뷰_ 217
1024,블랙아웃커피,4.85/5,방문자 리뷰_ 23,블로그 리뷰_ 20
1025,명륜진사갈비 자양점,4.31/5,방문자 리뷰_ 484,블로그 리뷰_ 44
1026,연탄불꿀곱창,4.34/5,방문자 리뷰_ 222,블로그 리뷰_ 70
1027,털보타코,5/5,방문자 리뷰_ 28,블로그 리뷰_ 65
1028,프랭크버거 건대점,4.45/5,방문자 리뷰_ 616,블로그 리뷰_ 168
1029,홍대돈부리 건대점,4.5/5,방문자 리뷰_ 246,블로그 리뷰_ 476
1030,동해해물,4.38/5,방문자 리뷰_ 120,블로그 리뷰_ 197
1031,샐러디 건대역점,4.56/5,"방문자 리뷰_ 1,137",블로그 리뷰_ 90
1032,화양식당,4.17/5,방문자 리뷰_ 217,블로그 리뷰_ 94
1033,사거리식당 건대직영점,4.17/5,방문자 리뷰_ 292,블로그 리뷰_ 185
1034,노네임드키친,4.79/5,방문자 리뷰_ 89,블로그 리뷰_ 54
1035,몽몽공장 아뜰리에 드로잉카페,4.9/5,방문자 리뷰_ 233,블로그 리뷰_ 91
1036,복만루,4.46/5,방문자 리뷰_ 151,블로그 리뷰_ 248
1037,김부삼 건대점,4.26/5,방문자 리뷰_ 325,블로그 리뷰_ 312
1038,이름없는파스타 건대점,4.32/5,방문자 리뷰_ 458,블로그 리뷰_ 136
1039,금하,4.24/5,방문자 리뷰_ 285,블로그 리뷰_ 94
1040,꼽사리떡볶이,4.15/5,방문자 리뷰_ 226,블로그 리뷰_ 104
1041,무지개맥주 건대점,4.64/5,방문자 리뷰_ 139,블로그 리뷰_ 62
1042,궤도에오르다,4.58/5,방문자 리뷰_ 207,블로그 리뷰_ 161
1043,123막창 서울건대점,4.4/5,방문자 리뷰_ 250,블로그 리뷰_ 70
1044,아메리칸트레이 건대입구점,4.4/5,방문자 리뷰_ 62,블로그 리뷰_ 89
1045,만원수산 건대점,4.66/5,방문자 리뷰_ 210,블로그 리뷰_ 171
1046,당산오돌 구의역점,4.66/5,방문자 리뷰_ 340,블로그 리뷰_ 452
1047,아웃닭 건대점,4.44/5,방문자 리뷰_ 442,블로그 리뷰_ 234
1048,강경수참치,4.62/5,방문자 리뷰_ 128,블로그 리뷰_ 72
1049,온달집 건대점,4.29/5,방문자 리뷰_ 236,블로그 리뷰_ 77
1050,조선주막,4.42/5,방문자 리뷰_ 347,블로그 리뷰_ 304
1051,갈비집 본,5/5,방문자 리뷰_ 53,블로그 리뷰_ 64
1052,푸오커스,5/5,방문자 리뷰_ 104,블로그 리뷰_ 53
1053,오감만족,4.37/5,방문자 리뷰_ 187,블로그 리뷰_ 79
1054,통큰감자탕,4.51/5,방문자 리뷰_ 192,블로그 리뷰_ 106
1055,트리안 건대점,4.45/5,방문자 리뷰_ 328,블로그 리뷰_ 134
1056,롤링파스타 건대지점,4.42/5,방문자 리뷰_ 934,블로그 리뷰_ 332
1057,대동집 건대점,4.42/5,방문자 리뷰_ 80,블로그 리뷰_ 22
1058,난바다스시,4.42/5,방문자 리뷰_ 669,블로그 리뷰_ 69
1059,칸틴,4.17/5,방문자 리뷰_ 27,블로그 리뷰_ 42
1060,대찬갈비,4.58/5,방문자 리뷰_ 152,블로그 리뷰_ 65
1061,알촌 건국대점,4.42/5,방문자 리뷰_ 284,블로그 리뷰_ 66
1062,해남닭집,4.53/5,방문자 리뷰_ 257,블로그 리뷰_ 113
1063,대곱창 건대점,4.85/5,방문자 리뷰_ 108,블로그 리뷰_ 217
1064,블랙아웃커피,4.85/5,방문자 리뷰_ 23,블로그 리뷰_ 20
1065,명륜진사갈비 자양점,4.31/5,방문자 리뷰_ 484,블로그 리뷰_ 44
1066,연탄불꿀곱창,4.34/5,방문자 리뷰_ 222,블로그 리뷰_ 70
1067,털보타코,5/5,방문자 리뷰_ 28,블로그 리뷰_ 65
1068,프랭크버거 건대점,4.45/5,방문자 리뷰_ 616,블로그 리뷰_ 168
1069,홍대돈부리 건대점,4.5/5,방문자 리뷰_ 246,블로그 리뷰_ 476
1070,동해해물,4.38/5,방문자 리뷰_ 120,블로그 리뷰_ 197
1071,샐러디 건대역점,4.56/5,"방문자 리뷰_ 1,137",블로그 리뷰_ 90
1072,화양식당,4.17/5,방문자 리뷰_ 217,블로그 리뷰_ 94
1073,사거리식당 건대직영점,4.17/5,방문자 리뷰_ 292,블로그 리뷰_ 185
1074,노네임드키친,4.79/5,방문자 리뷰_ 89,블로그 리뷰_ 54
1075,몽몽공장 아뜰리에 드로잉카페,4.9/5,방문자 리뷰_ 233,블로그 리뷰_ 91
1076,복만루,4.46/5,방문자 리뷰_ 151,블로그 리뷰_ 248
1077,김부삼 건대점,4.26/5,방문자 리뷰_ 325,블로그 리뷰_ 312
1078,이름없는파스타 건대점,4.32/5,방문자 리뷰_ 458,블로그 리뷰_ 136
1079,금하,4.24/5,방문자 리뷰_ 285,블로그 리뷰_ 94
1080,꼽사리떡볶이,4.15/5,방문자 리뷰_ 226,블로그 리뷰_ 104
1081,무지개맥주 건대점,4.64/5,방문자 리뷰_ 139,블로그 리뷰_ 62
1082,궤도에오르다,4.58/5,방문자 리뷰_ 207,블로그 리뷰_ 161
1083,123막창 서울건대점,4.4/5,방문자 리뷰_ 250,블로그 리뷰_ 70
1084,아메리칸트레이 건대입구점,4.4/5,방문자 리뷰_ 62,블로그 리뷰_ 89
1085,만원수산 건대점,4.66/5,방문자 리뷰_ 210,블로그 리뷰_ 171
1086,당산오돌 구의역점,4.66/5,방문자 리뷰_ 340,블로그 리뷰_ 452
1087,아웃닭 건대점,4.44/5,방문자 리뷰_ 442,블로그 리뷰_ 234
1088,강경수참치,4.62/5,방문자 리뷰_ 128,블로그 리뷰_ 72
1089,온달집 건대점,4.29/5,방문자 리뷰_ 236,블로그 리뷰_ 77
1090,조선주막,4.42/5,방문자 리뷰_ 347,블로그 리뷰_ 304
1091,갈비집 본,5/5,방문자 리뷰_ 53,블로그 리뷰_ 64
1092,푸오커스,5/5,방문자 리뷰_ 104,블로그 리뷰_ 53
1093,오감만족,4.37/5,방문자 리뷰_ 187,블로그 리뷰_ 79
1094,통큰감자탕,4.51/5,방문자 리뷰_ 192,블로그 리뷰_ 106
1095,트리안 건대점,4.45/5,방문자 리뷰_ 328,블로그 리뷰_ 134
1096,롤링파스타 건대지점,4.42/5,방문자 리뷰_ 934,블로그 리뷰_ 332
1097,대동집 건대점,4.42/5,방문자 리뷰_ 80,블로그 리뷰_ 22
1098,난바다스시,4.42/5,방문자 리뷰_ 669,블로그 리뷰_ 69
1099,칸틴,4.17/5,방문자 리뷰_ 27,블로그 리뷰_ 42
1100,대찬갈비,4.58/5,방문자 리뷰_ 152,블로그 리뷰_ 65
1101,알촌 건국대점,4.42/5,방문자 리뷰_ 284,블로그 리뷰_ 66
1102,해남닭집,4.53/5,방문자 리뷰_ 257,블로그 리뷰_ 113
1103,대곱창 건대점,4.85/5,방문자 리뷰_ 108,블로그 리뷰_ 217
1104,블랙아웃커피,4.85/5,방문자 리뷰_ 23,블로그 리뷰_ 20
1105,명륜진사갈비 자양점,4.31/5,방문자 리뷰_ 484,블로그 리뷰_ 44
1106,연탄불꿀곱창,4.34/5,방문자 리뷰_ 222,블로그 리뷰_ 70
1107,털보타코,5/5,방문자 리뷰_ 28,블로그 리뷰_ 65
1108,프랭크버거 건대점,4.46/5,방문자 리뷰_ 615,블로그 리뷰_ 168
1109,홍대돈부리 건대점,4.5/5,방문자 리뷰_ 246,블로그 리뷰_ 476
1110,동해해물,4.38/5,방문자 리뷰_ 120,블로그 리뷰_ 197
1111,샐러디 건대역점,4.56/5,"방문자 리뷰_ 1,137",블로그 리뷰_ 90
1112,화양식당,4.17/5,방문자 리뷰_ 217,블로그 리뷰_ 94
1113,사거리식당 건대직영점,4.17/5,방문자 리뷰_ 292,블로그 리뷰_ 185
1114,노네임드키친,4.79/5,방문자 리뷰_ 89,블로그 리뷰_ 54
1115,몽몽공장 아뜰리에 드로잉카페,4.9/5,방문자 리뷰_ 233,블로그 리뷰_ 91
1116,복만루,4.46/5,방문자 리뷰_ 151,블로그 리뷰_ 248
1117,김부삼 건대점,4.26/5,방문자 리뷰_ 325,블로그 리뷰_ 312
1118,이름없는파스타 건대점,4.32/5,방문자 리뷰_ 458,블로그 리뷰_ 136
1119,금하,4.24/5,방문자 리뷰_ 285,블로그 리뷰_ 94
1120,꼽사리떡볶이,4.15/5,방문자 리뷰_ 226,블로그 리뷰_ 104
1121,무지개맥주 건대점,4.64/5,방문자 리뷰_ 139,블로그 리뷰_ 62
1122,궤도에오르다,4.58/5,방문자 리뷰_ 207,블로그 리뷰_ 161
1123,123막창 서울건대점,4.4/5,방문자 리뷰_ 250,블로그 리뷰_ 70
1124,아메리칸트레이 건대입구점,4.4/5,방문자 리뷰_ 62,블로그 리뷰_ 89
1125,만원수산 건대점,4.66/5,방문자 리뷰_ 210,블로그 리뷰_ 171
1126,당산오돌 구의역점,4.66/5,방문자 리뷰_ 340,블로그 리뷰_ 452
1127,아웃닭 건대점,4.44/5,방문자 리뷰_ 442,블로그 리뷰_ 234
1128,강경수참치,4.62/5,방문자 리뷰_ 128,블로그 리뷰_ 72
1129,온달집 건대점,4.29/5,방문자 리뷰_ 236,블로그 리뷰_ 77
1130,조선주막,4.42/5,방문자 리뷰_ 347,블로그 리뷰_ 304
1131,갈비집 본,5/5,방문자 리뷰_ 53,블로그 리뷰_ 64
1132,푸오커스,5/5,방문자 리뷰_ 104,블로그 리뷰_ 53
1133,오감만족,4.37/5,방문자 리뷰_ 187,블로그 리뷰_ 79
1134,통큰감자탕,4.51/5,방문자 리뷰_ 192,블로그 리뷰_ 106
1135,트리안 건대점,4.45/5,방문자 리뷰_ 328,블로그 리뷰_ 134
1136,롤링파스타 건대지점,4.42/5,방문자 리뷰_ 934,블로그 리뷰_ 332
1137,대동집 건대점,4.42/5,방문자 리뷰_ 80,블로그 리뷰_ 22
1138,난바다스시,4.42/5,방문자 리뷰_ 669,블로그 리뷰_ 69
1139,칸틴,4.17/5,방문자 리뷰_ 27,블로그 리뷰_ 42
1140,대찬갈비,4.58/5,방문자 리뷰_ 152,블로그 리뷰_ 65
1141,알촌 건국대점,4.42/5,방문자 리뷰_ 284,블로그 리뷰_ 66
1142,해남닭집,4.53/5,방문자 리뷰_ 257,블로그 리뷰_ 113
1143,대곱창 건대점,4.85/5,방문자 리뷰_ 108,블로그 리뷰_ 217
1144,블랙아웃커피,4.85/5,방문자 리뷰_ 23,블로그 리뷰_ 20
1145,명륜진사갈비 자양점,4.31/5,방문자 리뷰_ 484,블로그 리뷰_ 44
1146,연탄불꿀곱창,4.34/5,방문자 리뷰_ 222,블로그 리뷰_ 70
1147,털보타코,5/5,방문자 리뷰_ 28,블로그 리뷰_ 65
1148,프랭크버거 건대점,4.46/5,방문자 리뷰_ 615,블로그 리뷰_ 168
1149,홍대돈부리 건대점,4.5/5,방문자 리뷰_ 246,블로그 리뷰_ 476
1150,동해해물,4.38/5,방문자 리뷰_ 120,블로그 리뷰_ 197
1151,샐러디 건대역점,4.56/5,"방문자 리뷰_ 1,137",블로그 리뷰_ 90
1152,화양식당,4.17/5,방문자 리뷰_ 217,블로그 리뷰_ 94
1153,사거리식당 건대직영점,4.17/5,방문자 리뷰_ 292,블로그 리뷰_ 185
1154,노네임드키친,4.79/5,방문자 리뷰_ 89,블로그 리뷰_ 54
1155,몽몽공장 아뜰리에 드로잉카페,4.9/5,방문자 리뷰_ 233,블로그 리뷰_ 91
1156,복만루,4.46/5,방문자 리뷰_ 151,블로그 리뷰_ 248
1157,김부삼 건대점,4.26/5,방문자 리뷰_ 325,블로그 리뷰_ 312
1158,이름없는파스타 건대점,4.32/5,방문자 리뷰_ 458,블로그 리뷰_ 136
1159,금하,4.24/5,방문자 리뷰_ 285,블로그 리뷰_ 94
1160,꼽사리떡볶이,4.15/5,방문자 리뷰_ 226,블로그 리뷰_ 104
1161,무지개맥주 건대점,4.64/5,방문자 리뷰_ 139,블로그 리뷰_ 62
1162,궤도에오르다,4.58/5,방문자 리뷰_ 207,블로그 리뷰_ 161
1163,123막창 서울건대점,4.4/5,방문자 리뷰_ 250,블로그 리뷰_ 70
1164,아메리칸트레이 건대입구점,4.4/5,방문자 리뷰_ 62,블로그 리뷰_ 89
1165,만원수산 건대점,4.66/5,방문자 리뷰_ 210,블로그 리뷰_ 171
1166,당산오돌 구의역점,4.66/5,방문자 리뷰_ 340,블로그 리뷰_ 452
1167,아웃닭 건대점,4.44/5,방문자 리뷰_ 442,블로그 리뷰_ 234
1168,강경수참치,4.62/5,방문자 리뷰_ 128,블로그 리뷰_ 72
1169,온달집 건대점,4.29/5,방문자 리뷰_ 236,블로그 리뷰_ 77
1170,조선주막,4.42/5,방문자 리뷰_ 347,블로그 리뷰_ 304
1171,갈비집 본,5/5,방문자 리뷰_ 53,블로그 리뷰_ 64
1172,푸오커스,5/5,방문자 리뷰_ 104,블로그 리뷰_ 53
1173,오감만족,4.37/5,방문자 리뷰_ 187,블로그 리뷰_ 79
1174,통큰감자탕,4.51/5,방문자 리뷰_ 192,블로그 리뷰_ 106
1175,트리안 건대점,4.45/5,방문자 리뷰_ 328,블로그 리뷰_ 134
1176,롤링파스타 건대지점,4.42/5,방문자 리뷰_ 934,블로그 리뷰_ 332
1177,대동집 건대점,4.42/5,방문자 리뷰_ 80,블로그 리뷰_ 22
1178,난바다스시,4.42/5,방문자 리뷰_ 669,블로그 리뷰_ 69
1179,칸틴,4.17/5,방문자 리뷰_ 27,블로그 리뷰_ 42
1180,대찬갈비,4.58/5,방문자 리뷰_ 152,블로그 리뷰_ 65
1181,알촌 건국대점,4.42/5,방문자 리뷰_ 284,블로그 리뷰_ 66
1182,해남닭집,4.53/5,방문자 리뷰_ 257,블로그 리뷰_ 113
1183,대곱창 건대점,4.85/5,방문자 리뷰_ 108,블로그 리뷰_ 217
1184,블랙아웃커피,4.85/5,방문자 리뷰_ 23,블로그 리뷰_ 20
1185,명륜진사갈비 자양점,4.31/5,방문자 리뷰_ 484,블로그 리뷰_ 44
1186,연탄불꿀곱창,4.34/5,방문자 리뷰_ 222,블로그 리뷰_ 70
1187,털보타코,5/5,방문자 리뷰_ 28,블로그 리뷰_ 65
1188,프랭크버거 건대점,4.46/5,방문자 리뷰_ 615,블로그 리뷰_ 168
1189,홍대돈부리 건대점,4.5/5,방문자 리뷰_ 246,블로그 리뷰_ 476
1190,동해해물,4.38/5,방문자 리뷰_ 120,블로그 리뷰_ 197
1191,샐러디 건대역점,4.56/5,"방문자 리뷰_ 1,137",블로그 리뷰_ 90
