name|gubun|score|blogCount|visitCount
송쉐프|중식당|4.38/5|방문자 리뷰_ 534|블로그 리뷰_ 586
마담타이 신사점|아시아음식|4.38/5|방문자 리뷰_ 132|블로그 리뷰_ 52
지구당 신사점|덮밥|4.27/5|방문자 리뷰_ 190|블로그 리뷰_ 597
도레도레 신사점|케이크전문|4.43/5|방문자 리뷰_ 601|블로그 리뷰_ 989
휴고 도산|양식|4.66/5|방문자 리뷰_ 299|블로그 리뷰_ 174
마치래빗 샐러드 신사동가로수길본점|다이어트,샐러드|4.66/5|방문자 리뷰_ 593|블로그 리뷰_ 559
우모크|한식|4.66/5|방문자 리뷰_ 72|블로그 리뷰_ 102
ebt|양식|4.57/5|방문자 리뷰_ 577|블로그 리뷰_ 189
소나|카페|4.33/5|방문자 리뷰_ 231|블로그 리뷰_ 618
스구식탁 가로수길점|샤브샤브|4.62/5|방문자 리뷰_ 291|블로그 리뷰_ 191
스미비부타동 압구정점|덮밥|4.62/5|방문자 리뷰_ 79|블로그 리뷰_ 31
변두리비스트로|와인|4.76/5|방문자 리뷰_ 186|블로그 리뷰_ 481
카페 키츠네 서울|카페,디저트|4.26/5|방문자 리뷰_ 391|블로그 리뷰_ 314
르 사이트|카페|4.24/5|방문자 리뷰_ 574|블로그 리뷰_ 309
호화반점|중식당|4.31/5|방문자 리뷰_ 887|블로그 리뷰_ 322
금별맥주 강남신사점|맥주,호프|4.64/5|방문자 리뷰_ 803|블로그 리뷰_ 170
0000 seoul|양식|4.64/5|방문자 리뷰_ 7|블로그 리뷰_ 18
678치킨앤버거 압구정점|햄버거|4.64/5|방문자 리뷰_ 32|블로그 리뷰_ 19
카페드로우지|브런치|4.91/5|방문자 리뷰_ 453|블로그 리뷰_ 135
샤오당쟈마라탕 신사본점|중식당|4.56/5|방문자 리뷰_ 1,328|블로그 리뷰_ 124
매덕스피자 신사점|피자|4.5/5|방문자 리뷰_ 770|블로그 리뷰_ 338
잇샐러드 압구정점|다이어트,샐러드|4.6/5|방문자 리뷰_ 144|블로그 리뷰_ 90
봄의정원 가로수길점|양식|4.6/5|방문자 리뷰_ 207|블로그 리뷰_ 89
추풍령칼삼겹살 압구정점|돼지고기구이|4.53/5|방문자 리뷰_ 388|블로그 리뷰_ 350
네기스키야키 압구정점|일식당|4.35/5|방문자 리뷰_ 198|블로그 리뷰_ 327
타라 시가바|바(BAR)|4.71/5|방문자 리뷰_ 38|블로그 리뷰_ 309
마제스티 타바론 티 라운지|양식|4.37/5|방문자 리뷰_ 186|블로그 리뷰_ 520
세컨디포레스트 가로수길점|스파게티,파스타전문|4.37/5|방문자 리뷰_ 915|블로그 리뷰_ 250
블루보틀 압구정 카페|블루보틀|4.37/5|방문자 리뷰_ 655|블로그 리뷰_ 1,050
카페캠프통|카페,디저트|4.52/5|방문자 리뷰_ 588|블로그 리뷰_ 561
37.5 시그니처 가로수길|브런치|4.52/5|방문자 리뷰_ 76|블로그 리뷰_ 115
배스킨라빈스 BROWN청담점|아이스크림|4.49/5|방문자 리뷰_ 2,421|블로그 리뷰_ 932
압구정면옥|한식|4.26/5|방문자 리뷰_ 553|블로그 리뷰_ 272
세인트그릴|햄버거|4.55/5|방문자 리뷰_ 735|블로그 리뷰_ 287
꿍탈레|태국음식|4.4/5|방문자 리뷰_ 277|블로그 리뷰_ 268
야키토리 요이사|이자카야|4.62/5|방문자 리뷰_ 235|블로그 리뷰_ 73
상석|일식당|4.82/5|방문자 리뷰_ 67|블로그 리뷰_ 143
스시유키|초밥,롤|4.49/5|방문자 리뷰_ 326|블로그 리뷰_ 454
한일관 압구정점|한정식|4.27/5|방문자 리뷰_ 1,074|블로그 리뷰_ 493
막이오름 가로수길점|요리주점|4.35/5|방문자 리뷰_ 364|블로그 리뷰_ 193
가디록|이탈리아음식|4.62/5|방문자 리뷰_ 129|블로그 리뷰_ 333
조우|소고기구이|4.61/5|방문자 리뷰_ 204|블로그 리뷰_ 106
있을 재|양식|4.61/5|방문자 리뷰_ 162|블로그 리뷰_ 422
대가방 압구정동점|중식당|4.28/5|방문자 리뷰_ 303|블로그 리뷰_ 307
도슬박|한식|4.5/5|방문자 리뷰_ 102|블로그 리뷰_ 274
포티데이즈|양식|4.69/5|방문자 리뷰_ 149|블로그 리뷰_ 169
달맞이 신사점|생선회|4.36/5|방문자 리뷰_ 129|블로그 리뷰_ 153
커스텀잇|양식|4.36/5|방문자 리뷰_ 18|블로그 리뷰_ 39
이코복스커피 가로수길점|카페|4.31/5|방문자 리뷰_ 377|블로그 리뷰_ 259
갓포준 x 에스테반|일식당|4.66/5|방문자 리뷰_ 180|블로그 리뷰_ 186
