Name,Score,Review,Link,Addr
카페노티드 청담,3.7,1881,https://place.map.kakao.com/348276052,"
서울 강남구 도산대로53길 15 1층
(지번) 신사동 654-9
"
꽁티드툴레아 도산점,3.2,841,https://place.map.kakao.com/179244712,"
서울 강남구 도산대로49길 39 1층
(지번) 신사동 646-21
"
호족반 청담,3.6,654,https://place.map.kakao.com/856589054,"
서울 강남구 언주로164길 39
(지번) 신사동 646-23
"
압구정공주떡,3.9,354,https://place.map.kakao.com/8746906,"
서울 강남구 논현로161길 10 1층
(지번) 신사동 569-31
"
리틀넥 청담,3.9,911,https://place.map.kakao.com/41523202,"
서울 강남구 도산대로51길 17 1층
(지번) 신사동 653-7
"
다운타우너 청담,4.2,575,https://place.map.kakao.com/1458885971,"
서울 강남구 도산대로53길 14 1층
(지번) 신사동 666-25
"
까폼 본점,4.3,293,https://place.map.kakao.com/558503389,"
서울 강남구 선릉로153길 18 지하1층
(지번) 신사동 655-15
"
카츠바이콘반,4.3,496,https://place.map.kakao.com/1480354584,"
서울 강남구 선릉로153길 36 1층
(지번) 신사동 647-22
"
카페캠프통,3.7,779,https://place.map.kakao.com/858715549,"
서울 강남구 압구정로42길 27
(지번) 신사동 643-22
"
뱃고동,3.4,324,https://place.map.kakao.com/25046575,"
서울 강남구 언주로172길 54 지하 1층
(지번) 신사동 663
"
쮸즈,3.7,426,https://place.map.kakao.com/24371711,"
서울 강남구 도산대로17길 13
(지번) 신사동 540-4
"
한일관 압구정점,3.4,60,https://place.map.kakao.com/8475048,"
서울 강남구 압구정로38길 14
(지번) 신사동 619-4
"
맘마미아,3.1,1009,https://place.map.kakao.com/1168471307,"
서울 강남구 압구정로42길 45
(지번) 신사동 645-26
"
마일스톤커피,4.3,332,https://place.map.kakao.com/22549791,"
서울 강남구 논현로159길 49 1층
(지번) 신사동 554-4
"
은행골 신사점,4,378,https://place.map.kakao.com/18948155,"
서울 강남구 강남대로152길 42 2층
(지번) 신사동 537-2
"
일일향 1호점,2.9,114,https://place.map.kakao.com/66544493,"
서울 강남구 논현로168길 30
(지번) 신사동 595
"
텍사스데브라질 압구정점,3.7,205,https://place.map.kakao.com/1248615345,"
서울 강남구 논현로 854 지하 1층
(지번) 신사동 603-1
"
오리지널 팬케이크하우스 가로수길점,3.5,148,https://place.map.kakao.com/19808159,"
서울 강남구 강남대로162길 41 동원빌딩
(지번) 신사동 523-20
"
오복수산 도산점,3.6,322,https://place.map.kakao.com/652287285,"
서울 강남구 도산대로53길 14 2층
(지번) 신사동 666-25
"
아우어베이커리 가로수길점,4,589,https://place.map.kakao.com/935826913,"
서울 강남구 강남대로162길 39
(지번) 신사동 523-19
"
최가네 버섯샤브매운탕칼국수,4.6,218,https://place.map.kakao.com/8098721,"
서울 강남구 도산대로51길 36 2층
(지번) 신사동 655
"
묵전,3.8,145,https://place.map.kakao.com/14532428,"
서울 강남구 언주로168길 22
(지번) 신사동 645-11
"
뉴만두집,3.7,170,https://place.map.kakao.com/13092552,"
서울 강남구 압구정로 338
(지번) 신사동 661-1
"
온달집 본점,3.7,246,https://place.map.kakao.com/251456396,"
서울 강남구 강남대로152길 28 1층
(지번) 신사동 514-4
"
도산분식 압구정점,3,327,https://place.map.kakao.com/429895682,"
서울 강남구 도산대로49길 10-6 젤로빌딩 1층
(지번) 신사동 652-7
"
블루보틀 압구정 카페,3.3,176,https://place.map.kakao.com/1720885570,"
서울 강남구 논현로 854 안다즈호텔 101호
(지번) 신사동 610-6
"
C27 가로수길본점,3.3,286,https://place.map.kakao.com/27220692,"
서울 강남구 도산대로15길 39
(지번) 신사동 545-12
"
더페이머스버거 신사점,3.7,253,https://place.map.kakao.com/2133130811,"
서울 강남구 도산대로 113
(지번) 신사동 513-4
"
브루클린더버거조인트 가로수길점,3.9,470,https://place.map.kakao.com/26856753,"
서울 강남구 도산대로15길 12 YG빌딩 1층
(지번) 신사동 540-11
"
삼원가든,,56,https://place.map.kakao.com/19351143,"
서울 강남구 신사동 623-8

"
칙피스 가로수길점,4,327,https://place.map.kakao.com/714223410,"
서울 강남구 강남대로152길 69 1층
(지번) 신사동 540-18
"
아우어베이커리 도산본점,3.4,272,https://place.map.kakao.com/833400817,"
서울 강남구 도산대로45길 10-11 1층
(지번) 신사동 648-14
"
잠수교집 5호점,3.3,154,https://place.map.kakao.com/1508981188,"
서울 강남구 언주로153길 14 1층
(지번) 신사동 626-71
"
도수향,3.2,102,https://place.map.kakao.com/11426596,"
서울 강남구 선릉로161길 21-4 1층
(지번) 신사동 662-7
"
도쿄등심 압구정점,3.6,406,https://place.map.kakao.com/1413701364,"
서울 강남구 도산대로49길 9 스타크빌딩 3층
(지번) 신사동 651-19
"
강남면옥 신사점,3.3,79,https://place.map.kakao.com/8163082,"
서울 강남구 논현로152길 34 1층
(지번) 신사동 588-9
"
청초수물회섭국 강남점,3.8,81,https://place.map.kakao.com/699742929,"
서울 강남구 압구정로28길 24
(지번) 신사동 576-6
"
테일러커피 신사점,4.4,234,https://place.map.kakao.com/530432745,"
서울 강남구 강남대로160길 31 1층
(지번) 신사동 521-17
"
압구정곱창,4,138,https://place.map.kakao.com/27402317,"
서울 강남구 압구정로42길 25-8
(지번) 신사동 643-21
"
송쉐프,3.6,138,https://place.map.kakao.com/1262079557,"
서울 강남구 도산대로1길 40
(지번) 신사동 507-11
"
미미면가 본점,3.6,407,https://place.map.kakao.com/18324313,"
서울 강남구 강남대로160길 29 1층
(지번) 신사동 521-16
"
신사모소리,4.6,172,https://place.map.kakao.com/2073285111,"
서울 강남구 도산대로1길 24
(지번) 신사동 510
"
한잔의추억,3,291,https://place.map.kakao.com/12250697,"
서울 강남구 논현로175길 68
(지번) 신사동 549-9
"
소진담 신사점,4,377,https://place.map.kakao.com/2120434164,"
서울 강남구 논현로161길 51 지하1층, 1층
(지번) 신사동 551-23
"
청담돈,,504,https://place.map.kakao.com/1534951720,"
서울 강남구 도산대로49길 11 2층
(지번) 신사동 648-13
"
어썸로즈,3.9,368,https://place.map.kakao.com/868486733,"
서울 강남구 압구정로10길 40 지하1층
(지번) 신사동 520-7
"
오스테리아 꼬또 압구정점,3.2,214,https://place.map.kakao.com/24949293,"
서울 강남구 언주로165길 7-12
(지번) 신사동 624-20
"
콴안다오,4.3,343,https://place.map.kakao.com/1083471895,"
서울 강남구 강남대로156길 28-2 1층
(지번) 신사동 516-2
"
압구정하루,4.1,203,https://place.map.kakao.com/10867025,"
서울 강남구 언주로172길 56 1층
(지번) 신사동 663-9
"
정돈프리미엄,3.9,215,https://place.map.kakao.com/1402068738,"
서울 강남구 강남대로160길 28
(지번) 신사동 519-4
"
루위,3.3,248,https://place.map.kakao.com/850712723,"
서울 강남구 도산대로 211
(지번) 신사동 587-14
"
신미식당,3.7,52,https://place.map.kakao.com/11892123,"
서울 강남구 압구정로 214 1층
(지번) 신사동 615
"
금수복국 압구정점,3.5,44,https://place.map.kakao.com/8203089,"
서울 강남구 언주로 821 금수빌딩 2,3층
(지번) 신사동 627-13
"
온기정,3.2,356,https://place.map.kakao.com/476435584,"
서울 강남구 압구정로4길 13-9 1층
(지번) 신사동 525-15
"
버터풀&크리멀러스,4.3,193,https://place.map.kakao.com/305164716,"
서울 강남구 언주로172길 59 삼두빌딩 1층
(지번) 신사동 662-11
"
어성,4.1,152,https://place.map.kakao.com/1062520073,"
서울 강남구 언주로 843 2층
(지번) 신사동 623-1
"
에뚜왈,4.2,392,https://place.map.kakao.com/431521088,"
서울 강남구 압구정로10길 35 지하1층
(지번) 신사동 534-8
"
백곰막걸리,3.4,125,https://place.map.kakao.com/1151874015,"
서울 강남구 압구정로48길 39
(지번) 신사동 657-7
"
이치에,3.7,132,https://place.map.kakao.com/18835270,"
서울 강남구 선릉로155길 23-3 2층
(지번) 신사동 656-7
"
세시셀라 도산공원점,3.7,230,https://place.map.kakao.com/7948829,"
서울 강남구 도산대로45길 10-4 삼경빌딩 1층
(지번) 신사동 651-4
"
명인등심 압구정직영점,4.3,41,https://place.map.kakao.com/21401237,"
서울 강남구 도산대로 211
(지번) 신사동 587-15
"
감성타코 가로수길점,2.8,139,https://place.map.kakao.com/290249009,"
서울 강남구 가로수길 26 3층
(지번) 신사동 542-6
"
비파티세리 신사점,4.2,218,https://place.map.kakao.com/1619459483,"
서울 강남구 압구정로14길 36 1~4층
(지번) 신사동 546-17
"
오엔 카페앤레스토랑,2.6,200,https://place.map.kakao.com/1348877274,"
서울 강남구 압구정로11길 37-30 한강공원 잠원지구
(지번) 압구정동 380-2
"
뻐꾸기,3.7,46,https://place.map.kakao.com/7913187,"
서울 강남구 도산대로17길 4
(지번) 신사동 561-17
"
펠트커피 도산공원점,3.8,125,https://place.map.kakao.com/1996014742,"
서울 강남구 언주로164길 23
(지번) 신사동 645-21
"
천미미,3.9,63,https://place.map.kakao.com/791775664,"
서울 강남구 강남대로152길 11 1층
(지번) 신사동 512-19
"
새들러하우스,2.3,55,https://place.map.kakao.com/1730645952,"
서울 강남구 도산대로17길 10 지하 1층
(지번) 신사동 561-8
"
두레국수 신사점,3.2,51,https://place.map.kakao.com/7851144,"
서울 강남구 도산대로37길 28
(지번) 신사동 626-79
"
클랩피자,3.9,273,https://place.map.kakao.com/630957832,"
서울 강남구 압구정로46길 71 1층
(지번) 신사동 648-24
"
타르틴베이커리 도산점,3.4,349,https://place.map.kakao.com/1550956442,"
서울 강남구 언주로168길 24 1,2층
(지번) 신사동 645-18
"
벽돌해피푸드 압구정점,3.5,202,https://place.map.kakao.com/7894375,"
서울 강남구 도산대로51길 36 1층
(지번) 신사동 655
"
코다차야,2.3,25,https://place.map.kakao.com/15104085,"
서울 강남구 압구정로14길 6 지하1층
(지번) 신사동 548-4
"
파씨오네,4.4,173,https://place.map.kakao.com/18074322,"
서울 강남구 언주로164길 39 2층
(지번) 신사동 646-23
"
길버트버거앤프라이즈 가로수점,4.3,98,https://place.map.kakao.com/24856468,"
서울 강남구 도산대로15길 47
(지번) 신사동 545-3
"
엘피노323,4.2,63,https://place.map.kakao.com/1290897759,"
서울 강남구 강남대로 652 신사스퀘어 2층 205호
(지번) 신사동 504-11
"
파넬카페,3.5,108,https://place.map.kakao.com/1169822758,"
서울 강남구 언주로164길 14
(지번) 신사동 649-2
"
고급오복수산,4.4,222,https://place.map.kakao.com/665905539,"
서울 강남구 논현로 854 지하 1층
(지번) 신사동 603-1
"
잭슨피자 압구정점,4.2,143,https://place.map.kakao.com/2415009,"
서울 강남구 압구정로 144 1층 107호, 108호
(지번) 신사동 574
"
대막,3.7,552,https://place.map.kakao.com/1415112461,"
서울 강남구 압구정로46길 75 1층
(지번) 신사동 648-19
"
카페그라쎄,4.3,79,https://place.map.kakao.com/1568720995,"
서울 강남구 도산대로17길 19 온암빌딩 1층
(지번) 신사동 543-11
"
논탄토,3.8,163,https://place.map.kakao.com/1863764320,"
서울 강남구 도산대로17길 35
(지번) 신사동 544-23
"
파시0914,3.5,58,https://place.map.kakao.com/27196653,"
서울 강남구 도산대로45길 15 지하 1층
(지번) 신사동 631-35
"
마법갈비요술꼬치,3.4,51,https://place.map.kakao.com/1586875098,"
서울 강남구 선릉로157길 26 1,2층
(지번) 신사동 663-28
"
롸카두들 핫치킨 압구정점,4.5,237,https://place.map.kakao.com/83108266,"
서울 강남구 언주로164길 35-3 1층
(지번) 신사동 646-8
"
스시선수,4.5,92,https://place.map.kakao.com/15270381,"
서울 강남구 도산대로45길 6 호림아트센터 지하M층
(지번) 신사동 651-16
"
네기다이닝라운지,4.6,117,https://place.map.kakao.com/544200314,"
서울 강남구 도산대로15길 18 4층
(지번) 신사동 540
"
우가,4.1,46,https://place.map.kakao.com/1523827641,"
서울 강남구 도산대로49길 22 지하1층
(지번) 신사동 653-20
"
가담,3.8,91,https://place.map.kakao.com/10954377,"
서울 강남구 언주로167길 35
(지번) 신사동 608-8
"
듀자미,3,236,https://place.map.kakao.com/12983903,"
서울 강남구 도산대로11길 28 1층
(지번) 신사동 535-9
"
JS가든 압구정점,4,52,https://place.map.kakao.com/21357386,"
서울 강남구 언주로174길 13 미소빌딩 2층
(지번) 신사동 638-9
"
샤블리,3.8,297,https://place.map.kakao.com/7781842,"
서울 강남구 강남대로152길 35 2층
(지번) 신사동 515-9
"
신사소곱창,3.2,124,https://place.map.kakao.com/13571132,"
서울 강남구 압구정로2길 62
(지번) 신사동 512-10
"
노아베이커리 압구정본점,3.8,120,https://place.map.kakao.com/19561065,"
서울 강남구 압구정로30길 9 노아빌딩 4층
(지번) 신사동 612
"
홍미닭발 신사본점,3.2,117,https://place.map.kakao.com/8621048,"
서울 강남구 도산대로1길 6
(지번) 신사동 513
"
교대이층집 신사점,3.6,69,https://place.map.kakao.com/1712324675,"
서울 강남구 강남대로152길 17 1, 2층
(지번) 신사동 512-16
"
골뱅이신사,2.9,166,https://place.map.kakao.com/1874065715,"
서울 강남구 강남대로156길 32 지하1층
(지번) 신사동 516-6
"
웨이크&베이크,3.8,206,https://place.map.kakao.com/390949389,"
서울 강남구 압구정로42길 47 1층
(지번) 신사동 645-27
"
심양 청담본점,3.1,76,https://place.map.kakao.com/1068851079,"
서울 강남구 선릉로161길 21 영빌딩 1층
(지번) 신사동 662-8
"
치즈룸,3.9,423,https://place.map.kakao.com/2007335630,"
서울 강남구 논현로 854 안다즈호텔 지하1층 112,113호
(지번) 신사동 603-1
"
당옥,3.5,92,https://place.map.kakao.com/280071417,"
서울 강남구 강남대로162길 22 1층 101호
(지번) 신사동 521-5
"
볼피노,3.8,209,https://place.map.kakao.com/1617813108,"
서울 강남구 도산대로45길 10-7 삼희2빌딩 1층
(지번) 신사동 650-12
"
강서면옥 압구정점,3.6,74,https://place.map.kakao.com/8177726,"
서울 강남구 언주로164길 19 1,2층
(지번) 신사동 645-30
"
지아니스나폴리 가로수길점,4,76,https://place.map.kakao.com/19292399,"
서울 강남구 도산대로15길 15 2층
(지번) 신사동 541-6
"
우와 가로수길점,3.7,49,https://place.map.kakao.com/2136148310,"
서울 강남구 강남대로158길 17 1층
(지번) 신사동 508-8
"
카페키츠네 서울,3.8,207,https://place.map.kakao.com/1104225959,"
서울 강남구 가로수길 23
(지번) 신사동 535-13
"
옛향기가득한 동인동,3.9,28,https://place.map.kakao.com/7847225,"
서울 강남구 강남대로156길 14 정금빌딩 1층
(지번) 신사동 511-4
"
빵어니스타 압구정점,3.6,82,https://place.map.kakao.com/403091279,"
서울 강남구 도산대로25길 43 1층
(지번) 신사동 553-25
"
닭으로가 압구정본점,3.3,126,https://place.map.kakao.com/12445208,"
서울 강남구 언주로172길 55
(지번) 신사동 662-6
"
목포집 본점,3.4,154,https://place.map.kakao.com/26314261,"
서울 강남구 강남대로152길 24
(지번) 신사동 514-3
"
리틀사이공 압구정본점,3.8,59,https://place.map.kakao.com/13064473,"
서울 강남구 언주로174길 26
(지번) 신사동 640-1
"
몽고네,3.5,69,https://place.map.kakao.com/436651553,"
서울 강남구 선릉로155길 5 승승장구빌딩 1층
(지번) 신사동 665-11
"
감성타코앤그릴 신사점,3.5,13,https://place.map.kakao.com/26811268,"
서울 강남구 강남대로162길 31
(지번) 신사동 523-16
"
바빌리안테이블,4.4,181,https://place.map.kakao.com/25702460,"
서울 강남구 압구정로46길 5-2 원일빌딩 2층
(지번) 신사동 660-18
"
춘식당,3.4,136,https://place.map.kakao.com/137451961,"
서울 강남구 도산대로23길 17
(지번) 신사동 559-10
"
골드피쉬딤섬퀴진,3.8,129,https://place.map.kakao.com/24010315,"
서울 강남구 압구정로48길 35 2층
(지번) 신사동 657-5
"
갓포아키 도산공원점,4.2,57,https://place.map.kakao.com/19381618,"
서울 강남구 도산대로45길 8-3 2층
(지번) 신사동 651-5
"
압구정면옥,4.1,99,https://place.map.kakao.com/1224432398,"
서울 강남구 압구정로30길 16 1층
(지번) 신사동 610-3
"
웻커피 신사점,3.4,187,https://place.map.kakao.com/1194636005,"
서울 강남구 강남대로162길 18
(지번) 신사동 507-3
"
노모어피자,3.9,528,https://place.map.kakao.com/1748189002,"
서울 강남구 언주로164길 34-2 1층
(지번) 신사동 647-2
"
리커테이션,4.3,171,https://place.map.kakao.com/1768655445,"
서울 강남구 압구정로10길 13 지하1층
(지번) 신사동 532-4
"
르알래스카 가로수길점,3.8,100,https://place.map.kakao.com/17884613,"
서울 강남구 압구정로14길 15
(지번) 신사동 550-22
"
우미학,3.7,94,https://place.map.kakao.com/26821640,"
서울 강남구 압구정로30길 51 I.S.A빌딩 2층
(지번) 신사동 600-1
"
대봉집 신사본점,4.3,91,https://place.map.kakao.com/1853910181,"
서울 강남구 압구정로2길 57
(지번) 신사동 516-18
"
키친마이야르,4.4,99,https://place.map.kakao.com/234127678,"
서울 강남구 언주로170길 22 지하 1층
(지번) 신사동 644-6
"
식물학,3.6,183,https://place.map.kakao.com/2119458323,"
서울 강남구 강남대로154길 33
(지번) 신사동 516-16
"
스시이토,3.7,115,https://place.map.kakao.com/1753279987,"
서울 강남구 선릉로153길 22 4층
(지번) 신사동 656-15
"
양식당더램키친,4.2,45,https://place.map.kakao.com/19716587,"
서울 강남구 압구정로8길 5 2층
(지번) 신사동 529-6
"
하모,3.6,34,https://place.map.kakao.com/17806264,"
서울 강남구 언주로 819 HB빌딩 2층
(지번) 신사동 627-17
"
호화반점,3.2,60,https://place.map.kakao.com/9597852,"
서울 강남구 선릉로161길 5 1,2층
(지번) 신사동 664-25
"
신사전,3.9,136,https://place.map.kakao.com/478360598,"
서울 강남구 도산대로11길 18 1층 1호
(지번) 신사동 536-3
"
장다리,4.4,152,https://place.map.kakao.com/1321722203,"
서울 강남구 압구정로46길 5-14 1층
(지번) 신사동 660-13
"
세인트그릴,4.1,142,https://place.map.kakao.com/402310476,"
서울 강남구 논현로175길 63 1층
(지번) 신사동 550-8
"
가온,1.8,37,https://place.map.kakao.com/26796590,"
서울 강남구 도산대로 317 호림아트센터 M층
(지번) 신사동 651-27
"
마사타코,3.9,85,https://place.map.kakao.com/2137508291,"
서울 강남구 압구정로10길 30-8 1층
(지번) 신사동 524-29
"
대가방 압구정점,4,27,https://place.map.kakao.com/12387446,"
서울 강남구 논현로175길 64
(지번) 신사동 549-8
"
스킬렛 스테이크하우스,3.4,244,https://place.map.kakao.com/26473203,"
서울 강남구 논현로161길 57 머시주스빌딩 2층
(지번) 신사동 551-11
"
누데이크 하우스도산,3.4,374,https://place.map.kakao.com/507311553,"
서울 강남구 압구정로46길 50 지하1층
(지번) 신사동 649-8
"
제이앤제이슨X,3.4,83,https://place.map.kakao.com/737109232,"
서울 강남구 도산대로49길 31 아뜨레빌딩 지하 1층
(지번) 신사동 647-14
"
쉐이크쉑 청담점,3.6,262,https://place.map.kakao.com/819346791,"
서울 강남구 도산대로 327 SGF청담타워 1층
(지번) 신사동 652-16
"
인딕슬로우,4.4,156,https://place.map.kakao.com/1104467407,"
서울 강남구 압구정로4길 13 1층
(지번) 신사동 525-4
"
로로,3.4,456,https://place.map.kakao.com/205641442,"
서울 강남구 언주로164길 35 1,2층
(지번) 신사동 646-7
"
랜디스도넛 신사가로수길점,3.7,197,https://place.map.kakao.com/1197924993,"
서울 강남구 도산대로15길 16
(지번) 신사동 540-9
"
고반식당 가로수길점,3.7,160,https://place.map.kakao.com/1229874963,"
서울 강남구 강남대로156길 34 1층
(지번) 신사동 516-7
"
경복궁불고기 압구정점,3.7,17,https://place.map.kakao.com/14529630,"
서울 강남구 압구정로30길 51 I.S.A빌딩 지하1층
(지번) 신사동 600
"
르브런쉭,3.6,41,https://place.map.kakao.com/12684201,"
서울 강남구 강남대로162길 41-22 1층 102호
(지번) 신사동 524
"
무탄,,488,https://place.map.kakao.com/1696571508,"
서울 강남구 논현로176길 22 1층
(지번) 신사동 613-2
"
더앨리 가로수길점,3.3,65,https://place.map.kakao.com/527142044,"
서울 강남구 가로수길 75 1,2층
(지번) 신사동 532-10
"
루비떡볶이,3.2,175,https://place.map.kakao.com/20125427,"
서울 강남구 선릉로153길 21
(지번) 신사동 653-2
"
우시야,4.2,70,https://place.map.kakao.com/27150396,"
서울 강남구 논현로159길 11 1층
(지번) 신사동 566-29
"
가디록,3.7,53,https://place.map.kakao.com/617483759,"
서울 강남구 도산대로45길 18-4 2층
(지번) 신사동 650-5
"
와라야끼 쿠이신보,3.7,50,https://place.map.kakao.com/27415522,"
서울 강남구 도산대로15길 6
(지번) 신사동 539
"
쇼토,4.3,111,https://place.map.kakao.com/1745920539,"
서울 강남구 압구정로18길 14-6 1층
(지번) 신사동 550-14
"
커피라이터,4.5,25,https://place.map.kakao.com/884437781,"
서울 강남구 논현로161길 15 1층
(지번) 신사동 567-17
"
고디바 가로수길플래그쉽,3.8,55,https://place.map.kakao.com/19160580,"
서울 강남구 가로수길 46 1,2층
(지번) 신사동 545-6
"
딩딤1968,3.3,102,https://place.map.kakao.com/1332784474,"
서울 강남구 강남대로160길 27
(지번) 신사동 521-10
"
막이오름 가로수길점,3.7,106,https://place.map.kakao.com/90994097,"
서울 강남구 가로수길 10 2층
(지번) 신사동 541-17
"
우텐더,3.7,53,https://place.map.kakao.com/616148679,"
서울 강남구 압구정로42길 25-10
(지번) 신사동 643-20
"
빠레뜨한남 가로수길,3,482,https://place.map.kakao.com/1628436434,"
서울 강남구 논현로153길 61 2층
(지번) 신사동 542-1
"
안동국시,3.4,19,https://place.map.kakao.com/10583440,"
서울 강남구 언주로167길 46 제일빌딩 2층
(지번) 신사동 612-2
"
신사연어,3.5,78,https://place.map.kakao.com/26324314,"
서울 강남구 압구정로2길 60 MG타워 2층
(지번) 신사동 512-9
"
삼화식당1972,4.9,116,https://place.map.kakao.com/919194809,"
서울 강남구 강남대로152길 15
(지번) 신사동 512-17
"
타코벨 압구정점,2.6,9,https://place.map.kakao.com/1983387531,"
서울 강남구 압구정로28길 22 1층
(지번) 신사동 577-7
"
보울룸,3.9,262,https://place.map.kakao.com/1562438951,"
서울 강남구 압구정로42길 36 금광아크존1 1층 103호
(지번) 신사동 635-14
"
마구로젠 신사점,4.3,61,https://place.map.kakao.com/13096872,"
서울 강남구 논현로151길 20 태화빌딩 1층
(지번) 신사동 562-14
"
금성스테이크부대찌개,3.2,40,https://place.map.kakao.com/10215748,"
서울 강남구 언주로174길 26 1층 2호
(지번) 신사동 640-1
"
카페노티드 신사 옐로우바스켓 팝업,4.4,94,https://place.map.kakao.com/183425375,"
서울 강남구 압구정로10길 30-1 지하1층
(지번) 신사동 524-18
"
장스테이크하우스,4.3,28,https://place.map.kakao.com/14723734,"
서울 강남구 압구정로 314 5층
(지번) 신사동 639
"
스페인클럽 가로수길점,,32,https://place.map.kakao.com/10337547,"
서울 강남구 압구정로10길 26
(지번) 신사동 524-30
"
세광양대창 신사역가로수길점,3.4,103,https://place.map.kakao.com/1106494282,"
서울 강남구 도산대로1길 24 1층 102호
(지번) 신사동 510
"
달마시안,2.9,240,https://place.map.kakao.com/95300197,"
서울 강남구 압구정로42길 42
(지번) 신사동 634-17
"
저스트스테이크,3.2,29,https://place.map.kakao.com/8079815,"
서울 강남구 언주로152길 11-7
(지번) 신사동 631-16
"
행복추풍령칼삼겹살 압구정점,4.5,16,https://place.map.kakao.com/9474243,"
서울 강남구 도산대로51길 41
(지번) 신사동 657-21
"
소나,3.9,72,https://place.map.kakao.com/19834035,"
서울 강남구 강남대로162길 40 201호
(지번) 신사동 520-1
"
오레노유메 가로수길점,3.4,16,https://place.map.kakao.com/1309217753,"
서울 강남구 압구정로2길 59 1,2층
(지번) 신사동 515
"
미라이,3.8,74,https://place.map.kakao.com/255156070,"
서울 강남구 논현로153길 24 끌레르빌1 1층
(지번) 신사동 557-25
"
룽청,4.1,87,https://place.map.kakao.com/382166298,"
서울 강남구 논현로152길 23 알파빌딩 1층
(지번) 신사동 589-9
"
삼창교자,3.7,243,https://place.map.kakao.com/1728788067,"
서울 강남구 강남대로156길 33 1층
(지번) 신사동 517-34
"
스시인,3.6,84,https://place.map.kakao.com/2134471711,"
서울 강남구 압구정로42길 49 3층
(지번) 신사동 645-28
"
ING포차,3.3,32,https://place.map.kakao.com/12731848,"
서울 강남구 언주로170길 34
(지번) 신사동 642-13
"
갓포마코토,3.8,74,https://place.map.kakao.com/1246015370,"
서울 강남구 언주로168길 5 지미안빌딩 2층
(지번) 신사동 635-4
"
스시카이세이,3.6,68,https://place.map.kakao.com/2131412849,"
서울 강남구 언주로170길 8 1층
(지번) 신사동 635-8
"
크라운돼지,3.9,64,https://place.map.kakao.com/2057523686,"
서울 강남구 강남대로156길 17-1
(지번) 신사동 510-9
"
겟썸커피 신사점,3.7,41,https://place.map.kakao.com/102480277,"
서울 강남구 논현로159길 46-6 지하1층
(지번) 신사동 551-32
"
무니 압구정본점,3.4,70,https://place.map.kakao.com/762772674,"
서울 강남구 압구정로56길 16 1~4층
(지번) 신사동 664-22
"
e청우참치,4.5,25,https://place.map.kakao.com/8105143,"
서울 강남구 강남대로156길 18 1층
(지번) 신사동 511-6
"
수퍼판,3.9,49,https://place.map.kakao.com/26457126,"
서울 강남구 논현로167길 15 휴에프빌딩 2층
(지번) 신사동 570-3
"
그랑씨엘,3.4,64,https://place.map.kakao.com/8211704,"
서울 강남구 도산대로45길 16-6 1층
(지번) 신사동 650-22
"
김북순큰남비집 신사본점,3.7,77,https://place.map.kakao.com/23203958,"
서울 강남구 압구정로2길 15 신사아이빌 1층
(지번) 신사동 522
"
라그릴리아 청담점,3.1,37,https://place.map.kakao.com/1697931614,"
서울 강남구 도산대로 327 SGF 청담타워 2층
(지번) 신사동 652-16
"
가로수길공감,3.4,63,https://place.map.kakao.com/1503171998,"
서울 강남구 강남대로154길 41 1, 2층
(지번) 신사동 516-12
"
청담미역,4.1,5,https://place.map.kakao.com/1514808377,"
서울 강남구 압구정로20길 15 1층
(지번) 신사동 572-2
"
뱅가,4.3,46,https://place.map.kakao.com/7887337,"
서울 강남구 언주로168길 6 현담원빌딩 지하 1층
(지번) 신사동 634-1
"
라공방 가로수길본점,2.5,218,https://place.map.kakao.com/814557849,"
서울 강남구 도산대로11길 29 SM빌딩 1층
(지번) 신사동 517-27
"
사이,4.1,44,https://place.map.kakao.com/1128592910,"
서울 강남구 압구정로2길 35 고황빌딩 1층
(지번) 신사동 519-1
"
가로수길생칼국수 신사점,4.1,31,https://place.map.kakao.com/15647559,"
서울 강남구 압구정로2길 46 강남상가 1층 19호
(지번) 신사동 510-11
"
스시사카우,4.5,94,https://place.map.kakao.com/330386453,"
서울 강남구 언주로153길 10-6 지하1층
(지번) 신사동 627-27
"
어게인리프레쉬 가로수길점,4,62,https://place.map.kakao.com/2014632878,"
서울 강남구 논현로153길 57 2층
(지번) 신사동 542-3
"
형훈텐동 도산본점,3.3,59,https://place.map.kakao.com/1114166927,"
서울 강남구 압구정로46길 75
(지번) 신사동 648-19
"
코레아노스키친 압구정점,3.2,39,https://place.map.kakao.com/20805720,"
서울 강남구 선릉로157길 25 지하1층
(지번) 신사동 657-11
"
우오하나,4.4,155,https://place.map.kakao.com/479540433,"
서울 강남구 압구정로2길 29 1층
(지번) 신사동 521-1
"
해남집,3.4,30,https://place.map.kakao.com/10917492,"
서울 강남구 강남대로160길 16 1층
(지번) 신사동 508-3
"
카페뮬라 가로수길점,2.6,113,https://place.map.kakao.com/935029515,"
서울 강남구 압구정로4길 13-12
(지번) 신사동 524-22
"
삿뽀로 압구정점,4,18,https://place.map.kakao.com/15674159,"
서울 강남구 압구정로30길 51 I.S.A 빌딩 지하 101호
(지번) 신사동 600
"
연탄공장,2.6,40,https://place.map.kakao.com/7997364,"
서울 강남구 압구정로48길 36-4
(지번) 신사동 642-19
"
채운,3.8,33,https://place.map.kakao.com/8083443,"
서울 강남구 논현로175길 107 큐빅디자인빌딩 1층
(지번) 신사동 525-10
"
롤링파스타 가로수길점,4.1,98,https://place.map.kakao.com/1218443086,"
서울 강남구 가로수길 16 2층
(지번) 신사동 541-9
"
도쿄수플레 가로수길점,2.5,31,https://place.map.kakao.com/526962350,"
서울 강남구 압구정로10길 35 1층
(지번) 신사동 534-8
"
지노스피자 압구정로데오점,4,47,https://place.map.kakao.com/854487489,"
서울 강남구 선릉로155길 15 1층
(지번) 신사동 655-3
"
엘이베리코 압구정점,3.6,35,https://place.map.kakao.com/988796424,"
서울 강남구 압구정로28길 22-7 1층
(지번) 신사동 576-4
"
패티앤베지스,4.4,204,https://place.map.kakao.com/119258632,"
서울 강남구 압구정로4길 11 1층
(지번) 신사동 525-2
"
맥주덕후 피자덕후 압구정점,4.7,169,https://place.map.kakao.com/1095405558,"
서울 강남구 선릉로157길 23 2층
(지번) 신사동 657-19
"
베이징덕,2.5,82,https://place.map.kakao.com/7904069,"
서울 강남구 논현로 874
(지번) 신사동 610-1
"
안식,4.7,53,https://place.map.kakao.com/858887885,"
서울 강남구 도산대로53길 13 1층
(지번) 신사동 654-10
"
바랗,3.6,26,https://place.map.kakao.com/14841339,"
서울 강남구 도산대로 309
(지번) 신사동 630-23
"
고향역,4,41,https://place.map.kakao.com/21597533,"
서울 강남구 강남대로152길 34
(지번) 신사동 514-8
"
르사이트,3.5,66,https://place.map.kakao.com/1012984730,"
서울 강남구 도산대로11길 22
(지번) 신사동 536-1
"
포레스트 청담,3.5,191,https://place.map.kakao.com/1966163449,"
서울 강남구 선릉로 803 1~3층
(지번) 신사동 666-10
"
온리고,4.7,177,https://place.map.kakao.com/888384402,"
서울 강남구 언주로151길 20
(지번) 신사동 628-39
"
마크레인커피,3.4,66,https://place.map.kakao.com/27115174,"
서울 강남구 선릉로157길 23-5
(지번) 신사동 657-24
"
선셋스위밍샌드위치,3.2,186,https://place.map.kakao.com/1603323745,"
서울 강남구 언주로170길 23
(지번) 신사동 643-28
"
개미집,3.6,22,https://place.map.kakao.com/13143669,"
서울 강남구 압구정로 110 화인빌딩 1층
(지번) 신사동 528-4
"
로바타탄요 압구정,3.9,86,https://place.map.kakao.com/922349717,"
서울 강남구 압구정로28길 49
(지번) 신사동 584-1
"
꿍탈레,3.7,59,https://place.map.kakao.com/107739384,"
서울 강남구 압구정로10길 14
(지번) 신사동 531-1
"
있을재,3.8,151,https://place.map.kakao.com/134691297,"
서울 강남구 언주로168길 19 1층
(지번) 신사동 644-7
"
배스킨라빈스 BROWN청담점,4.2,263,https://place.map.kakao.com/1245628048,"
서울 강남구 도산대로 327 SGF청담타워 3층
(지번) 신사동 652-16
"
마제스티타바론티라운지,4.2,117,https://place.map.kakao.com/1205439482,"
서울 강남구 도산대로 327 16층
(지번) 신사동 652-16
"
오복수산시장 도산공원점,2.8,45,https://place.map.kakao.com/292601726,"
서울 강남구 언주로168길 37 2층
(지번) 신사동 642-27
"
라무진 신사가로수점,4.6,46,https://place.map.kakao.com/376080576,"
서울 강남구 논현로175길 59-4 1층
(지번) 신사동 550-12
"
함흥면옥 압구정점,3.7,40,https://place.map.kakao.com/16617268,"
서울 강남구 논현로 826
(지번) 신사동 592-4
"
사주카페 재미난조각가 압구정로데오점,2.3,35,https://place.map.kakao.com/11908344,"
서울 강남구 선릉로155길 13-2
(지번) 신사동 655-2
"
카멜커피 도산공원점,3.3,22,https://place.map.kakao.com/1818342272,"
서울 강남구 도산대로45길 16-8
(지번) 신사동 650-15
"
에르바,3.9,91,https://place.map.kakao.com/1667053969,"
서울 강남구 논현로155길 11 동란빌딩 1층
(지번) 신사동 564-3
"
갓덴스시 신사점,2.8,43,https://place.map.kakao.com/18770926,"
서울 강남구 강남대로152길 40
(지번) 신사동 537
"
르포트13,3.5,82,https://place.map.kakao.com/1850423175,"
서울 강남구 압구정로4길 13-13 1층 101,102호
(지번) 신사동 525-13
"
모던오뎅,3.3,89,https://place.map.kakao.com/592350650,"
서울 강남구 도산대로17길 10
(지번) 신사동 561-8
"
미분당 신사점,4.4,112,https://place.map.kakao.com/2145719101,"
서울 강남구 도산대로1길 18 1층 101호
(지번) 신사동 511-20
"
오미가,2.6,17,https://place.map.kakao.com/10637815,"
서울 강남구 논현로 833
(지번) 신사동 585-14
"
스시유끼,3.3,27,https://place.map.kakao.com/27526156,"
서울 강남구 논현로164길 25
(지번) 신사동 600-16
"
아베크청담,3,155,https://place.map.kakao.com/1635894407,"
서울 강남구 선릉로 823
(지번) 신사동 665-1
"
야사이마끼쿠이신보,4.1,134,https://place.map.kakao.com/709249948,"
서울 강남구 강남대로152길 62 1층
(지번) 신사동 539-1
"
청담순두부 본점,2,43,https://place.map.kakao.com/8109345,"
서울 강남구 도산대로53길 19 1층
(지번) 신사동 654-7
"
자매의부엌,3.5,18,https://place.map.kakao.com/626794006,"
서울 강남구 압구정로10길 40 우송빌딩 1층
(지번) 신사동 520-7
"
파티오42 압구정점,,40,https://place.map.kakao.com/14105905,"
서울 강남구 논현로159길 10 1층 102호
(지번) 신사동 567-23
"
온천집스키야키,3.7,70,https://place.map.kakao.com/2029325721,"
서울 강남구 압구정로42길 43
(지번) 신사동 645-25
"
피자네버슬립스 가로수길점,3.9,198,https://place.map.kakao.com/1273008691,"
서울 강남구 도산대로19길 50 2층
(지번) 신사동 554-3
"
료하나,4,176,https://place.map.kakao.com/175301146,"
서울 강남구 가로수길 55-4 지하1층
(지번) 신사동 533-14
"
경성팔일삼 본점,4.5,56,https://place.map.kakao.com/828563835,"
서울 강남구 도산대로11길 5 1층
(지번) 신사동 514-9
"
파지티브호텔 뷰티그로서리,3.3,81,https://place.map.kakao.com/1251838491,"
서울 강남구 압구정로46길 77 1층
(지번) 신사동 648-16
"
이끼롤까스 가로수길본점,3.2,184,https://place.map.kakao.com/24009554,"
서울 강남구 강남대로156길 35
(지번) 신사동 517-33
"
식부관,3.6,49,https://place.map.kakao.com/243281321,"
서울 강남구 도산대로49길 36
(지번) 신사동 656-24
"
구스테이크528,4.5,7,https://place.map.kakao.com/8669196,"
서울 강남구 압구정로 108
(지번) 신사동 528-3
"
나따오비까 신사점,3.6,118,https://place.map.kakao.com/1785536960,"
서울 강남구 압구정로2길 37 1층
(지번) 신사동 519-28
"
변두리비스트로,4.5,98,https://place.map.kakao.com/27595522,"
서울 강남구 도산대로1길 36
(지번) 신사동 508
"
금산제면소 압구정점,1.6,51,https://place.map.kakao.com/68270293,"
서울 강남구 압구정로46길 5-6 101호
(지번) 신사동 660-17
"
선데이버거클럽,4.3,198,https://place.map.kakao.com/1490628784,"
서울 강남구 언주로170길 37
(지번) 신사동 642-8
"
병철이네쪽갈비,3.6,50,https://place.map.kakao.com/23824736,"
서울 강남구 논현로152길 28
(지번) 신사동 588-5
"
야키니쿠규,4.5,120,https://place.map.kakao.com/1059348837,"
서울 강남구 강남대로 640
(지번) 신사동 503-1
"
소이연남마오,4,117,https://place.map.kakao.com/1643428708,"
서울 강남구 도산대로53길 30 1,2층
(지번) 신사동 665-9
"
창화당 신사점,4.4,65,https://place.map.kakao.com/410757147,"
서울 강남구 도산대로1길 16 1층
(지번) 신사동 511-19
"
마치래빗 본점,3.3,12,https://place.map.kakao.com/21552876,"
서울 강남구 논현로153길 45 2층
(지번) 신사동 560
"
OMG 게판5분전,1.9,4,https://place.map.kakao.com/394098698,"
서울 강남구 도산대로51길 39 1층
(지번) 신사동 657-23
"
맥도날드 신사역점,3,17,https://place.map.kakao.com/24999700,"
서울 강남구 도산대로 123 2층
(지번) 신사동 514-15
"
콘유,3.6,88,https://place.map.kakao.com/1967158657,"
서울 강남구 도산대로11길 31-7
(지번) 신사동 517-25
"
최우영스시 압구정점,3.7,27,https://place.map.kakao.com/27219602,"
서울 강남구 언주로151길 17
(지번) 신사동 629-7
"
연타발 압구정본점,4.3,20,https://place.map.kakao.com/8000567,"
서울 강남구 도산대로 231 2, 3층
(지번) 신사동 629-33
"
스시킨,4.5,5,https://place.map.kakao.com/24924219,"
서울 강남구 선릉로161길 6
(지번) 신사동 664-3
"
제일양 압구정로데오점,4.4,19,https://place.map.kakao.com/184411184,"
서울 강남구 압구정로46길 25 1층
(지번) 신사동 642-3
"
수린,4.2,32,https://place.map.kakao.com/745334070,"
서울 강남구 언주로164길 24 3층
(지번) 신사동 649-7
"
커피오카,4.6,22,https://place.map.kakao.com/9483453,"
서울 강남구 선릉로161길 31 1층
(지번) 신사동 659-9
"
로지,3.4,36,https://place.map.kakao.com/11598105,"
서울 강남구 도산대로49길 10-3 1층
(지번) 신사동 653-12
"
꼬끄더그릴,4.3,57,https://place.map.kakao.com/705044236,"
서울 강남구 강남대로154길 10 금호빌딩 1층
(지번) 신사동 512
"
갓잇 도산공원점,3.8,173,https://place.map.kakao.com/1550964033,"
서울 강남구 언주로164길 24 아크로스빌딩 1층
(지번) 신사동 649-7
"
산호,3.2,39,https://place.map.kakao.com/14091104,"
서울 강남구 논현로175길 111
(지번) 신사동 525-7
"
루307,4.7,43,https://place.map.kakao.com/1169321500,"
서울 강남구 압구정로10길 30-7 1층
(지번) 신사동 524-21
"
족황상제 압구정로데오점,4.3,99,https://place.map.kakao.com/406311529,"
서울 강남구 도산대로51길 40 1층 105~107호
(지번) 신사동 657-33
"
핫쵸,3,123,https://place.map.kakao.com/1018957619,"
서울 강남구 도산대로15길 32-10
(지번) 신사동 544-5
"
창고43 압구정점,3.2,29,https://place.map.kakao.com/198296761,"
서울 강남구 논현로 839 규명빌딩 지하1층
(지번) 신사동 584
"
장사랑,3.8,34,https://place.map.kakao.com/8071541,"
서울 강남구 언주로165길 7-4
(지번) 신사동 624-47
"
히바치참치,3.5,73,https://place.map.kakao.com/1759691397,"
서울 강남구 강남대로152길 67 2층
(지번) 신사동 540-19
"
웍셔너리,3.8,205,https://place.map.kakao.com/1486279958,"
서울 강남구 도산대로53길 12 1층
(지번) 신사동 666-22
"
불공장,2.9,46,https://place.map.kakao.com/520279934,"
서울 강남구 강남대로156길 31-9 1층
(지번) 신사동 517-15
"
키쏘커피 도산점,3.1,15,https://place.map.kakao.com/1211236218,"
서울 강남구 언주로164길 35-6
(지번) 신사동 646-15
"
매덕스피자,4.2,14,https://place.map.kakao.com/1527538187,"
서울 강남구 도산대로15길 11 1층
(지번) 신사동 541-11
"
유노추보,3.1,152,https://place.map.kakao.com/8468838,"
서울 강남구 압구정로10길 36 영진빌딩 1층
(지번) 신사동 524-14
"
회춘,3.5,140,https://place.map.kakao.com/515885777,"
서울 강남구 도산대로51길 22
(지번) 신사동 654-18
"
스시시미즈,3.4,74,https://place.map.kakao.com/1464800718,"
서울 강남구 언주로152길 11-3 지하1층
(지번) 신사동 631-18
"
군자대한곱창 신사점,2.3,64,https://place.map.kakao.com/594985398,"
서울 강남구 강남대로152길 33
(지번) 신사동 515-10
"
우림황소양곱창 본점,2.8,131,https://place.map.kakao.com/15708930,"
서울 강남구 강남대로156길 28 1층
(지번) 신사동 516-1
"
육갑식당 압구정신사직영점,5,4,https://place.map.kakao.com/1142363840,"
서울 강남구 압구정로18길 32 1층
(지번) 신사동 552-7
"
브리오슈도레 압구정역점,3.2,15,https://place.map.kakao.com/1894503599,"
서울 강남구 압구정로30길 51 I.S.A빌딩 1층 101호
(지번) 신사동 600
"
카시나카페,3.6,58,https://place.map.kakao.com/658168462,"
서울 강남구 압구정로46길 42 2층
(지번) 신사동 645-24
"
어퍼웨스트,3.4,14,https://place.map.kakao.com/25756554,"
서울 강남구 도산대로15길 25 1층
(지번) 신사동 542-4
"
무교동유정낙지 압구정직영점,1.6,21,https://place.map.kakao.com/18750998,"
서울 강남구 논현로163길 10 베드로빌딩 1층
(지번) 신사동 570-6
"
아우어베이커리 압구정소망점,4.4,54,https://place.map.kakao.com/1337089766,"
서울 강남구 언주로167길 21 1층
(지번) 신사동 607-5
"
비비드,3.8,87,https://place.map.kakao.com/1767749671,"
서울 강남구 도산대로17길 44 1층 104호
(지번) 신사동 554-13
"
아임뮤트,4.4,76,https://place.map.kakao.com/380231335,"
서울 강남구 논현로157길 36 1층
(지번) 신사동 553-20
"
플라워베이커리 가로수길점,4.1,142,https://place.map.kakao.com/815154481,"
서울 강남구 압구정로2길 45 1층
(지번) 신사동 517-5
"
두사라,4.4,4,https://place.map.kakao.com/20752071,"
서울 강남구 강남대로154길 13 1층
(지번) 신사동 511-17
"
카페파이브바,4.4,29,https://place.map.kakao.com/27226422,"
서울 강남구 언주로172길 65
(지번) 신사동 662-17
"
카페마당,4.1,178,https://place.map.kakao.com/21442160,"
서울 강남구 도산대로45길 7 메종에르메스 지하 1층
(지번) 신사동 630-26
"
시골밥상 압구정점,2.1,41,https://place.map.kakao.com/16054592,"
서울 강남구 논현로175길 68
(지번) 신사동 549-9
"
담미온 압구정점,3.3,25,https://place.map.kakao.com/612729539,"
서울 강남구 압구정로28길 42 1층
(지번) 신사동 569-30
"
폴스타,4.2,44,https://place.map.kakao.com/2099707812,"
서울 강남구 도산대로45길 10-11 지하1층
(지번) 신사동 648-14
"
온다,3.9,113,https://place.map.kakao.com/1899306211,"
서울 강남구 강남대로156길 39 1,2층
(지번) 신사동 517-31
"
에이블,3.2,44,https://place.map.kakao.com/18039445,"
서울 강남구 압구정로14길 12
(지번) 신사동 547-6
"
시추안하우스 압구정점,3.4,84,https://place.map.kakao.com/46433934,"
서울 강남구 논현로 854 안다즈 서울 강남 지하1층
(지번) 신사동 603-1
"
슈퍼커피 압구정로데오점,5,16,https://place.map.kakao.com/968019130,"
서울 강남구 선릉로157길 23
(지번) 신사동 657-19
"
인사동촌,2,26,https://place.map.kakao.com/10834771,"
서울 강남구 강남대로152길 29
(지번) 신사동 515-12
"
아카시아,3.3,50,https://place.map.kakao.com/27187677,"
서울 강남구 가로수길 31-1 1층
(지번) 신사동 535-17
"
을지다락 도산공원,4.1,264,https://place.map.kakao.com/1751005775,"
서울 강남구 언주로168길 25 2층
(지번) 신사동 644-18
"
오븟,3.7,44,https://place.map.kakao.com/1698582218,"
서울 강남구 언주로152길 11-5 상복빌딩 2층
(지번) 신사동 631-17
"
스쿠로,4.1,32,https://place.map.kakao.com/1633078906,"
서울 강남구 도산대로17길 31
(지번) 신사동 544-21
"
애월식당,4.4,14,https://place.map.kakao.com/1151218737,"
서울 강남구 도산대로51길 33 1층
(지번) 신사동 656-6
"
컬렉션라운지,2.9,56,https://place.map.kakao.com/27291233,"
서울 강남구 압구정로10길 33
(지번) 신사동 534
"
계식당,2.3,35,https://place.map.kakao.com/279813761,"
서울 강남구 언주로170길 37
(지번) 신사동 642-8
"
사가라멘 가로수길점,3,128,https://place.map.kakao.com/13075834,"
서울 강남구 강남대로156길 32 1층
(지번) 신사동 516-6
"
메이드,3.8,137,https://place.map.kakao.com/26426072,"
서울 강남구 논현로175길 39 1층
(지번) 신사동 572-1
"
이즈미 압구정본점,4,4,https://place.map.kakao.com/10752275,"
서울 강남구 언주로 857
(지번) 신사동 621-3
"
슈바빙,4.2,44,https://place.map.kakao.com/1561155087,"
서울 강남구 압구정로48길 34
(지번) 신사동 642-15
"
마이쏭,2.6,53,https://place.map.kakao.com/7863609,"
서울 강남구 도산대로45길 16-4 1층
(지번) 신사동 650-17
"
얌타이,,24,https://place.map.kakao.com/827524737,"
서울 강남구 압구정로54길 26 1층
(지번) 신사동 663-25
"
붓처스컷 도산,,37,https://place.map.kakao.com/1802574770,"
서울 강남구 신사동 623-4 1,2층

"
원조신사양곱창,4.8,88,https://place.map.kakao.com/951407119,"
서울 강남구 압구정로2길 46 강남상가아파트 1층 13호
(지번) 신사동 510-11
"
RPM,3.1,61,https://place.map.kakao.com/1511210426,"
서울 강남구 언주로172길 64 1층
(지번) 신사동 663-20
"
스타벅스 신사가로수점,4.1,16,https://place.map.kakao.com/882114256,"
서울 강남구 가로수길 59
(지번) 신사동 533-11
"
밀떡팩토리 본점,4,80,https://place.map.kakao.com/490070779,"
서울 강남구 도산대로11길 21 1층
(지번) 신사동 516-9
"
소나무,5,28,https://place.map.kakao.com/27322848,"
서울 강남구 압구정로28길 22-9
(지번) 신사동 576-3
"
지유가오카핫쵸메 압구정로데오점,4.8,21,https://place.map.kakao.com/24710463,"
서울 강남구 압구정로50길 7 정동상가 102호
(지번) 신사동 661-18
"
더팔당 본점,2.6,35,https://place.map.kakao.com/280722846,"
서울 강남구 선릉로157길 33
(지번) 신사동 657
"
일무레또,4.2,21,https://place.map.kakao.com/1625196556,"
서울 강남구 논현로157길 33 1층
(지번) 신사동 556-12
"
영양센타,3.4,7,https://place.map.kakao.com/8501640,"
서울 강남구 압구정로 344
(지번) 신사동 664
"
더페이머스버거 압구정점,4.2,66,https://place.map.kakao.com/746732173,"
서울 강남구 압구정로48길 35 1층 101호
(지번) 신사동 657-5
"
모퉁이흑미김밥,5,5,https://place.map.kakao.com/990830077,"
서울 강남구 도산대로27길 25 101호
(지번) 신사동 564-6
"
롱타임노씨 신사점,4,124,https://place.map.kakao.com/1866857586,"
서울 강남구 강남대로152길 15 2층
(지번) 신사동 512-17
"
보물선 신사본점,2.6,14,https://place.map.kakao.com/26891230,"
서울 강남구 강남대로152길 20
(지번) 신사동 514-1
"
이코복스커피 압구정점,2.6,26,https://place.map.kakao.com/2134373374,"
서울 강남구 논현로175길 6
(지번) 신사동 580-5
"
김이순장춘,4.9,7,https://place.map.kakao.com/1887534916,"
서울 강남구 압구정로2길 53 2층
(지번) 신사동 516
"
소적두 압구정점,3.9,35,https://place.map.kakao.com/19950206,"
서울 강남구 압구정로46길 5-2
(지번) 신사동 660-18
"
몽리,3.7,39,https://place.map.kakao.com/813709197,"
서울 강남구 가로수길 14-3 지상1층
(지번) 신사동 541-10
"
무아,4.8,90,https://place.map.kakao.com/1336798749,"
서울 강남구 논현로151길 33 2층
(지번) 신사동 561-21
"
가드너아드리아,3.4,60,https://place.map.kakao.com/2113933760,"
서울 강남구 압구정로46길 73 1층
(지번) 신사동 648-20
"
카페바잇미 신사점,4.7,35,https://place.map.kakao.com/960187073,"
서울 강남구 논현로175길 101-3 1층
(지번) 신사동 525-22
"
마르셀 도산공원점,4.1,99,https://place.map.kakao.com/1299870383,"
서울 강남구 언주로152길 15-6
(지번) 신사동 631-32
"
스시류코,4.3,41,https://place.map.kakao.com/1691386272,"
서울 강남구 도산대로49길 6-10 1층
(지번) 신사동 652-11
"
부머스 도산점,2.3,73,https://place.map.kakao.com/704177185,"
서울 강남구 압구정로46길 34
(지번) 신사동 644-21
"
비엔나커피하우스 압구정극동타워점,4.4,13,https://place.map.kakao.com/1134660166,"
서울 강남구 압구정로 152
(지번) 신사동 575
"
팻보이샌드위치,3.8,12,https://place.map.kakao.com/533046298,"
서울 강남구 논현로163길 9-4
(지번) 신사동 569-23
"
삼백집 가로수길직영점,3.4,17,https://place.map.kakao.com/20262536,"
서울 강남구 도산대로17길 6
(지번) 신사동 561-11
"
도마야끼덕아웃,3.3,16,https://place.map.kakao.com/12659896,"
서울 강남구 도산대로51길 34
(지번) 신사동 655-1
"
레이브릭스,3.3,36,https://place.map.kakao.com/14600986,"
서울 강남구 논현로153길 46 1층
(지번) 신사동 555-13
"
기세끼 신사점,3.9,56,https://place.map.kakao.com/13956212,"
서울 강남구 강남대로152길 42 홍인빌딩 지하 1층
(지번) 신사동 537-2
"
우찌노카레 압구정점,3.8,4,https://place.map.kakao.com/12332233,"
서울 강남구 선릉로161길 15-3
(지번) 신사동 662-16
"
근식당,3.5,27,https://place.map.kakao.com/1436371923,"
서울 강남구 압구정로28길 22-6 1층
(지번) 신사동 577-8
"
네기스키야키,4,100,https://place.map.kakao.com/1612273141,"
서울 강남구 논현로 854 지하 1층 B110, 111호
(지번) 신사동 603
"
스튜부대,4,197,https://place.map.kakao.com/1013626101,"
서울 강남구 선릉로155길 16 1층
(지번) 신사동 657-34
"
오라방,4.2,20,https://place.map.kakao.com/2075387362,"
서울 강남구 도산대로17길 39 1층
(지번) 신사동 544-26
"
살롱드애일리,4.5,64,https://place.map.kakao.com/977130573,"
서울 강남구 압구정로11길 37-53 애일리하우스 2층
(지번) 압구정동 379
"
마망갸또 신사가로수길점,3,30,https://place.map.kakao.com/21409998,"
서울 강남구 압구정로10길 30-12
(지번) 신사동 524-27
"
다이칸야마키친,2.8,175,https://place.map.kakao.com/27315740,"
서울 강남구 압구정로10길 30-3
(지번) 신사동 524-19
"
쿠라우니,3.2,249,https://place.map.kakao.com/1336193965,"
서울 강남구 강남대로156길 39
(지번) 신사동 517-31
"
포도식당 압구정본점,2.3,13,https://place.map.kakao.com/11892417,"
서울 강남구 논현로167길 13
(지번) 신사동 570-4
"
신사동가자,4.1,154,https://place.map.kakao.com/1839543241,"
서울 강남구 압구정로10길 30-5 지층
(지번) 신사동 524-20
"
두부공작소 신사직영점,3.5,16,https://place.map.kakao.com/21550514,"
서울 강남구 강남대로160길 21
(지번) 신사동 521-2
"
송옥 강남본점 가로수길,3.3,9,https://place.map.kakao.com/24167310,"
서울 강남구 강남대로154길 43 2층
(지번) 신사동 516-11
"
마르르,3.3,64,https://place.map.kakao.com/261977761,"
서울 강남구 도산대로53길 29 1층
(지번) 신사동 655-6
"
이속우화 천공,3.8,147,https://place.map.kakao.com/1171975534,"
서울 강남구 논현로 857 A857 6층
(지번) 신사동 582-12
"
딸부자네불백 신사본점,3.6,46,https://place.map.kakao.com/12637514,"
서울 강남구 강남대로158길 21 홍인빌딩 1층
(지번) 신사동 508-6
"
지구당 가로수길점,3.4,31,https://place.map.kakao.com/27345296,"
서울 강남구 압구정로14길 32
(지번) 신사동 546-20
"
나미나미,3.7,18,https://place.map.kakao.com/955868397,"
서울 강남구 압구정로48길 38 1층
(지번) 신사동 642-28
"
달래해장,2.2,58,https://place.map.kakao.com/1524676291,"
서울 강남구 압구정로2길 46 1층
(지번) 신사동 510-11
"
우유니,3.5,16,https://place.map.kakao.com/350534505,"
서울 강남구 압구정로8길 5 1층
(지번) 신사동 529-6
"
피쉬스토리 압구정본점,4.1,36,https://place.map.kakao.com/21556932,"
서울 강남구 압구정로50길 7
(지번) 신사동 661-18
"
딸부자네불백 가로수길점,3.6,23,https://place.map.kakao.com/1237681120,"
서울 강남구 압구정로10길 37
(지번) 신사동 534-10
"
미드타운,3.5,53,https://place.map.kakao.com/1620741204,"
서울 강남구 도산대로11길 40 1층
(지번) 신사동 535-3
"
R카페,3.3,58,https://place.map.kakao.com/2141804835,"
서울 강남구 압구정로56길 26
(지번) 신사동 664-17
"
스시코마츠,2.9,32,https://place.map.kakao.com/26926368,"
서울 강남구 언주로165길 7-10
(지번) 신사동 624-19
"
오늘잡은안동갈비 신사점,2.3,33,https://place.map.kakao.com/17100607,"
서울 강남구 도산대로25길 47
(지번) 신사동 553-10
"
맥도날드 압구정CGV점,2.2,13,https://place.map.kakao.com/12119337,"
서울 강남구 논현로 848 지하1층, 1층
(지번) 신사동 603-2
"
에이커스,2.9,78,https://place.map.kakao.com/663984228,"
서울 강남구 도산대로17길 30 1층
(지번) 신사동 555-39
"
헬로우,4.5,39,https://place.map.kakao.com/8152575,"
서울 강남구 논현로151길 55 호경빌딩 지하1층
(지번) 신사동 541-2
"
하이볼가든,4.4,33,https://place.map.kakao.com/26550205,"
서울 강남구 논현로161길 39
(지번) 신사동 552-3
"
보타르가,4.1,56,https://place.map.kakao.com/1191476590,"
서울 강남구 언주로170길 16
(지번) 신사동 644
"
앙스모멍,3.7,5,https://place.map.kakao.com/27507866,"
서울 강남구 언주로153길 12 태경빌딩 1층
(지번) 신사동 626-70
"
서울러,4.5,65,https://place.map.kakao.com/387525674,"
서울 강남구 강남대로152길 69 지하 1층
(지번) 신사동 540-18
"
배스킨라빈스 세로수길점,5,27,https://place.map.kakao.com/1158061502,"
서울 강남구 도산대로11길 15 1층
(지번) 신사동 515-6
"
W가나,3.7,39,https://place.map.kakao.com/672992354,"
서울 강남구 도산대로49길 20 2층
(지번) 신사동 653-19
"
스시우찌 압구정직영점,4.2,19,https://place.map.kakao.com/1406076570,"
서울 강남구 압구정로46길 5-6 압구정로데오스타 1층 106호
(지번) 신사동 660-17
"
삼정하누 도산공원점,4.2,17,https://place.map.kakao.com/1043606568,"
서울 강남구 언주로170길 20 1층
(지번) 신사동 644-5
"
코드이스케이프 가로수길점,5,43,https://place.map.kakao.com/522639283,"
서울 강남구 가로수길 14 5층
(지번) 신사동 541-15
"
리틀인디아,4.6,35,https://place.map.kakao.com/26505483,"
서울 강남구 압구정로10길 43 3층
(지번) 신사동 534-17
"
고트델리 압구정,4.1,148,https://place.map.kakao.com/1836199142,"
서울 강남구 선릉로161길 17 1층
(지번) 신사동 662-14
"
호호식당 도산공원,4.3,131,https://place.map.kakao.com/1410368607,"
서울 강남구 도산대로49길 29-6 1,2층
(지번) 신사동 647-16
"
사케리아잇콘,4.4,43,https://place.map.kakao.com/510759647,"
서울 강남구 언주로170길 28 2층
(지번) 신사동 644-15
"
정성담 압구정점,4.7,34,https://place.map.kakao.com/22988001,"
서울 강남구 언주로173길 8 1층
(지번) 신사동 617-11
"
비스트로스파크,4.1,25,https://place.map.kakao.com/1631655543,"
서울 강남구 압구정로 330 1층
(지번) 신사동 660-6
"
설매네,3.6,23,https://place.map.kakao.com/7943815,"
서울 강남구 압구정로30길 23 지하1층
(지번) 신사동 609-1
"
부쉬윅,5,113,https://place.map.kakao.com/1443636128,"
서울 강남구 선릉로153길 34 지하 1층
(지번) 신사동 647-23
"
보바베어,3.4,8,https://place.map.kakao.com/423725935,"
서울 강남구 가로수길 78 2층
(지번) 신사동 547-2
"
송옥 압구정분점,3.2,25,https://place.map.kakao.com/1441213106,"
서울 강남구 언주로172길 62 한수빌딩 1층
(지번) 신사동 663-18
"
리김밥 압구정본점,3.2,25,https://place.map.kakao.com/21444589,"
서울 강남구 압구정로30길 12 서원빌딩 1층
(지번) 신사동 610
"
가로수브루잉컴퍼니,3.3,28,https://place.map.kakao.com/25810535,"
서울 강남구 도산대로11길 31-4
(지번) 신사동 518-12
"
유쾌한접시 신사본점,4.4,21,https://place.map.kakao.com/18609334,"
서울 강남구 강남대로152길 70 1층
(지번) 신사동 539-5
"
양철지붕 본점,3.8,17,https://place.map.kakao.com/8467246,"
서울 강남구 도산대로17길 4
(지번) 신사동 561-17
"
로바다야끼최군,1.6,37,https://place.map.kakao.com/1178508620,"
서울 강남구 선릉로155길 29 신우빌딩 1층 102호
(지번) 신사동 656
"
신사쭈꾸미,2.9,37,https://place.map.kakao.com/13289272,"
서울 강남구 도산대로37길 12
(지번) 신사동 628-41
"
스폰티니,3.3,3,https://place.map.kakao.com/1137603838,"
서울 강남구 가로수길 83
(지번) 신사동 530-4
"
노이에아트멍,4.4,19,https://place.map.kakao.com/508057200,"
서울 강남구 도산대로23길 19
(지번) 신사동 559-9
"
순정족발 신사본점,4.4,6,https://place.map.kakao.com/27252553,"
서울 강남구 강남대로154길 25 1층
(지번) 신사동 511-11
"
이비티,3.9,2,https://place.map.kakao.com/1503451742,"
서울 강남구 논현로157길 55 지하1층
(지번) 신사동 555
"
스타벅스 압구정R점,4.6,20,https://place.map.kakao.com/788025983,"
서울 강남구 언주로 861
(지번) 신사동 621-1
"
그레이그리스트밀,3.9,93,https://place.map.kakao.com/1848228515,"
서울 강남구 압구정로2길 15 신사아이빌 지하1층 103호
(지번) 신사동 522
"
압구정제주집 본점,4.3,62,https://place.map.kakao.com/2058169302,"
서울 강남구 논현로152길 36
(지번) 신사동 588-12
"
탐앤탐스 압구정본점,2.3,22,https://place.map.kakao.com/8564250,"
서울 강남구 논현로163길 10 1층
(지번) 신사동 570-6
"
임프레션,4.5,77,https://place.map.kakao.com/1148384436,"
서울 강남구 언주로164길 24 5층
(지번) 신사동 649-7
"
스타벅스 압구정,3.7,10,https://place.map.kakao.com/1624256715,"
서울 강남구 압구정로30길 17
(지번) 신사동 609
"
스타벅스 압구정역점,3.9,17,https://place.map.kakao.com/7961953,"
서울 강남구 압구정로 170 관영빌딩 지하1층, 1층
(지번) 신사동 580-2
"
카페 아뮈제 (by 알렉스뮐러),4.2,37,https://place.map.kakao.com/128604844,"
서울 강남구 압구정로46길 55 1층
(지번) 신사동 647-19
"
피치,1.7,6,https://place.map.kakao.com/965916366,"
서울 강남구 언주로168길 32 1층
(지번) 신사동 646-1
"
까사밀 레스토랑,4,18,https://place.map.kakao.com/17266666,"
서울 강남구 도산대로1길 83 1층 까사밀레스토랑
(지번) 신사동 527-2
"
헤이미,3.7,10,https://place.map.kakao.com/1091312120,"
서울 강남구 논현로172길 21 101호
(지번) 신사동 608-17
"
본태,3.3,128,https://place.map.kakao.com/1827553268,"
서울 강남구 도산대로45길 14 1층
(지번) 신사동 650-16
"
신사양꼬치 가로수길본점,3.9,18,https://place.map.kakao.com/26983140,"
서울 강남구 강남대로152길 33 2층
(지번) 신사동 515-10
"
금별맥주,4.4,8,https://place.map.kakao.com/646890643,"
서울 강남구 압구정로2길 49
(지번) 신사동 517-6
"
일도씨곱창 신사점,3.3,35,https://place.map.kakao.com/15296355,"
서울 강남구 도산대로17길 8 1층
(지번) 신사동 561-9
"
구전동화,3.1,72,https://place.map.kakao.com/537712220,"
서울 강남구 압구정로46길 26 2층
(지번) 신사동 643-26
"
모로미 도산공원점,4.2,57,https://place.map.kakao.com/17348570,"
서울 강남구 언주로172길 30 신화빌딩 1층
(지번) 신사동 643-11
"
스타벅스 가로수길점,2.8,16,https://place.map.kakao.com/21748238,"
서울 강남구 논현로175길 94 임도빌딩 1층
(지번) 신사동 529-10
"
미방 압구정점,2.8,5,https://place.map.kakao.com/613018916,"
서울 강남구 논현로159길 9 동성빌딩 1층
(지번) 신사동 566-30
"
와인주막차차 압구정점,4.4,28,https://place.map.kakao.com/25701453,"
서울 강남구 압구정로50길 22 2층
(지번) 신사동 658-1
"
마고,3.5,28,https://place.map.kakao.com/2069234654,"
서울 강남구 선릉로161길 7 103호
(지번) 신사동 664-24
"
카멜커피 도산2호점,3.2,56,https://place.map.kakao.com/561290999,"
서울 강남구 언주로164길 14-1 1층
(지번) 신사동 649-3
"
페인팅룸,3.5,41,https://place.map.kakao.com/1455369982,"
서울 강남구 언주로170길 24 은미르빌딩 지하 1층
(지번) 신사동 644-13
"
주몽,2.4,4,https://place.map.kakao.com/8523627,"
서울 강남구 도산대로53길 20
(지번) 신사동 666-2
"
청담정스시 가로수길점,2.6,34,https://place.map.kakao.com/1589439581,"
서울 강남구 강남대로156길 36
(지번) 신사동 516-8
"
카페뮤제,3.7,102,https://place.map.kakao.com/2058873421,"
서울 강남구 압구정로4길 14-12
(지번) 신사동 526-12
"
미켈러바,3.7,9,https://place.map.kakao.com/26870097,"
서울 강남구 도산대로17길 33
(지번) 신사동 544-22
"
왕자장어,3.9,17,https://place.map.kakao.com/25081702,"
서울 강남구 언주로164길 35-4
(지번) 신사동 646-16
"
79파운야드 도산공원점,2.9,154,https://place.map.kakao.com/2000638045,"
서울 강남구 선릉로153길 32 1층
(지번) 신사동 647-24
"
춘이네닭도리탕 로데오직영점,3.3,97,https://place.map.kakao.com/795944714,"
서울 강남구 선릉로157길 29 1층
(지번) 신사동 657-3
"
투썸플레이스 강남신사점,1.9,3,https://place.map.kakao.com/26508465,"
서울 강남구 강남대로152길 22
(지번) 신사동 514-22
"
압구정곱창 2호점,4,27,https://place.map.kakao.com/318464818,"
서울 강남구 도산대로51길 33
(지번) 신사동 656-6
"
도산사카바카와세미,3.5,45,https://place.map.kakao.com/116581247,"
서울 강남구 도산대로45길 10-8 1층
(지번) 신사동 651-8
"
우돈청,3.5,58,https://place.map.kakao.com/17731989,"
서울 강남구 언주로170길 37
(지번) 신사동 642-8
"
청담반점,2.6,6,https://place.map.kakao.com/1845414320,"
서울 강남구 압구정로42길 21
(지번) 신사동 643
"
레더라 압구정점,4,24,https://place.map.kakao.com/21416925,"
서울 강남구 논현로 865 1층
(지번) 신사동 581-3
"
뮤즈온,4.6,52,https://place.map.kakao.com/19175443,"
서울 강남구 도산대로15길 32 2층
(지번) 신사동 544-16
"
솔빈덕,3.2,13,https://place.map.kakao.com/27491382,"
서울 강남구 도산대로51길 40
(지번) 신사동 657-32
"
마리모,3.5,5,https://place.map.kakao.com/8970423,"
서울 강남구 도산대로49길 10-1
(지번) 신사동 653-14
"
이마스시,,12,https://place.map.kakao.com/8041145,"
서울 강남구 논현로168길 22 계진빌딩 1층
(지번) 신사동 600-4
"
미미갈비,3,77,https://place.map.kakao.com/2003108591,"
서울 강남구 강남대로158길 19 삼우빌딩 1층
(지번) 신사동 508-7
"
호남식당,3.5,16,https://place.map.kakao.com/16036391,"
서울 강남구 논현로164길 30
(지번) 신사동 594-28
"
이코복스커피 신사점,3.2,23,https://place.map.kakao.com/18643113,"
서울 강남구 압구정로10길 37
(지번) 신사동 534-10
"
강남돌곱창,4.5,15,https://place.map.kakao.com/8149785,"
서울 강남구 압구정로18길 17
(지번) 신사동 568-4
"
포케올데이 신사점,4.8,34,https://place.map.kakao.com/1450978661,"
서울 강남구 도산대로17길 11 1층
(지번) 신사동 540-5
"
써브웨이 압구정역점,2.7,11,https://place.map.kakao.com/351774218,"
서울 강남구 압구정로28길 13
(지번) 신사동 581-8
"
김작가의이중생활 신사가로수길점,2.3,21,https://place.map.kakao.com/664988429,"
서울 강남구 강남대로152길 21
(지번) 신사동 512-12
"
스시에비스,3.6,48,https://place.map.kakao.com/1735147080,"
서울 강남구 압구정로28길 22 1층 103호
(지번) 신사동 577-7
"
커피빈 압구정로데오점,5,4,https://place.map.kakao.com/8112721,"
서울 강남구 선릉로157길 12 석전빌딩 1~4층
(지번) 신사동 663-24
"
끌림이탈리아,4.8,29,https://place.map.kakao.com/650232137,"
서울 강남구 논현로151길 17 건훈빌딩 1층
(지번) 신사동 563-18
"
도레도레 신사점,2.8,184,https://place.map.kakao.com/23735393,"
서울 강남구 도산대로15길 40
(지번) 신사동 544-4
"
프레즈드로이,3.7,152,https://place.map.kakao.com/138056648,"
서울 강남구 강남대로156길 41 1,2층
(지번) 신사동 517-30
"
레드클라우드,4.2,8,https://place.map.kakao.com/21214588,"
서울 강남구 압구정로10길 30-11
(지번) 신사동 524-25
"
심퍼티쿠시 가로수길점,4.8,107,https://place.map.kakao.com/1487092810,"
서울 강남구 강남대로154길 16 1층 101호
(지번) 신사동 512-3
"
마산옥,2.9,18,https://place.map.kakao.com/10360096,"
서울 강남구 강남대로152길 9 1층
(지번) 신사동 512-20
"
피자익스프레스,2.3,76,https://place.map.kakao.com/936257574,"
서울 강남구 압구정로10길 28 지하1층
(지번) 신사동 524-31
"
하나우동,3.8,40,https://place.map.kakao.com/9584414,"
서울 강남구 논현로171길 12
(지번) 신사동 578-5
"
마치마치 가로수길점,2.9,28,https://place.map.kakao.com/791945091,"
서울 강남구 도산대로11길 25 1층
(지번) 신사동 517-29
"
계곡,1.8,7,https://place.map.kakao.com/1907904221,"
서울 강남구 도산대로51길 36 지하1층
(지번) 신사동 655
"
성하루,4.9,2,https://place.map.kakao.com/797109137,"
서울 강남구 압구정로4길 13-17 2층
(지번) 신사동 525-24
"
스타벅스 신압구정점,3,10,https://place.map.kakao.com/13335864,"
서울 강남구 언주로174길 29
(지번) 신사동 639-7
"
도어401,3.3,80,https://place.map.kakao.com/329518075,"
서울 강남구 선릉로161길 18
(지번) 신사동 661-13
"
오르비에토,4.7,51,https://place.map.kakao.com/571922427,"
서울 강남구 도산대로19길 20 103호
(지번) 신사동 559-30
"
을지다락 가로수길,4.5,199,https://place.map.kakao.com/883007320,"
서울 강남구 압구정로10길 29 한솔빌딩 2층
(지번) 신사동 533-16
"
폴바셋 압구정2호점,3.3,10,https://place.map.kakao.com/26476913,"
서울 강남구 압구정로36길 8 1층
(지번) 신사동 615-4
"
로프트,3.4,161,https://place.map.kakao.com/26634160,"
서울 강남구 강남대로152길 62 2층
(지번) 신사동 539-1
"
교텐,4.4,28,https://place.map.kakao.com/1021627981,"
서울 강남구 강남대로160길 23 1층
(지번) 신사동 521-3
"
할리스 세로수길점,2.9,8,https://place.map.kakao.com/89150246,"
서울 강남구 강남대로152길 41 1층
(지번) 신사동 536-6
"
램브라튼,3.8,113,https://place.map.kakao.com/25777704,"
서울 강남구 압구정로10길 30-10 1층
(지번) 신사동 524-28
"
오늘와인한잔 신사세로수길점,1.5,46,https://place.map.kakao.com/877295709,"
서울 강남구 강남대로156길 40
(지번) 신사동 516-10
"
미노스,4.3,7,https://place.map.kakao.com/23609896,"
서울 강남구 가로수길 80 한림빌딩 2층
(지번) 신사동 547-1
"
길손,4,20,https://place.map.kakao.com/10216264,"
서울 강남구 논현로175길 40
(지번) 신사동 574-8
"
스타벅스 압구정미소점,4.1,13,https://place.map.kakao.com/12108453,"
서울 강남구 논현로 841 1층
(지번) 신사동 583-3
"
탐앤탐스블랙 압구정점,2.4,9,https://place.map.kakao.com/23495934,"
서울 강남구 언주로172길 11 1층
(지번) 신사동 637-14
"
킨포크 도산,3.2,45,https://place.map.kakao.com/2089373601,"
서울 강남구 언주로168길 24 2층
(지번) 신사동 645-18
"
마봉양꼬치 압구정점,4,14,https://place.map.kakao.com/1712079660,"
서울 강남구 압구정로28길 22-10
(지번) 신사동 577-9
"
생활맥주 압구정로데오점,1.7,15,https://place.map.kakao.com/27270756,"
서울 강남구 압구정로50길 5-12
(지번) 신사동 661-10
"
빌라레코드,4.8,41,https://place.map.kakao.com/149914752,"
서울 강남구 도산대로15길 18 지하 2층
(지번) 신사동 540
"
아가,4.4,4,https://place.map.kakao.com/1887390795,"
서울 강남구 논현로155길 11 1층
(지번) 신사동 564-3
"
벙커컴퍼니 압구정점,4.2,114,https://place.map.kakao.com/1791629406,"
서울 강남구 언주로167길 23
(지번) 신사동 607-20
"
아티제 도산로점,3.7,28,https://place.map.kakao.com/25036271,"
서울 강남구 도산대로45길 6 호림아트센터 1층
(지번) 신사동 651-23
"
꼬륵 신사본점,4,60,https://place.map.kakao.com/1532633768,"
서울 강남구 논현로151길 11 1층
(지번) 신사동 563-21
"
모즈,3.1,11,https://place.map.kakao.com/26949789,"
서울 강남구 언주로153길 10-5
(지번) 신사동 626-68
"
투썸플레이스 강남도산점,4,5,https://place.map.kakao.com/21304291,"
서울 강남구 도산대로37길 19 1층
(지번) 신사동 594-14
"
도슬박,4,79,https://place.map.kakao.com/1167794422,"
서울 강남구 압구정로42길 25-3 1층
(지번) 신사동 643-3
"
베이커리앤커피바이쿤달 압구정로데오 플래그쉽스토어,3.6,81,https://place.map.kakao.com/1732544217,"
서울 강남구 도산대로53길 39 1층
(지번) 신사동 657-37
"
탐앤탐스 더클래식압구정로데오점,2.3,17,https://place.map.kakao.com/16848628,"
서울 강남구 선릉로 823 한양타운 1층
(지번) 신사동 665-1
"
압구정진주,3.5,62,https://place.map.kakao.com/239518891,"
서울 강남구 압구정로46길 5-10 1층 101, 102호
(지번) 신사동 660-16
"
다이닝마,2,6,https://place.map.kakao.com/1662626352,"
서울 강남구 언주로152길 8 유일빌딩 2층
(지번) 신사동 630-12
"
청담플러스,3.8,83,https://place.map.kakao.com/108481115,"
서울 강남구 논현로152길 27 SAMO 1층
(지번) 신사동 589-10
"
