name|menu|restCallNumber|restLocation|subInfo|openingHourTime
런던 베이글 뮤지엄 도산점|"플레인 베이글_3,800원|참깨 베이글_4,700원|감자치즈 베이글_5,500원|블루베리 베이글_4,700원"|none|서울 강남구 언주로168길 33 1, 2층|none|08:00 - 18:00
꽁티드툴레아|"커피_5,500원|Latte_7,000원|Affogato_7,500원|아보카도토스트_14,000원"|0507-1325-8490|서울 강남구 도산대로49길 39|단체석, 발렛파킹, 포장, 배달, 예약, 무선 인터넷, 반려동물 동반|11:00 - 24:00
뉴만두집|"만두전골_65,000원|만두국_14,000원|콩비지_11,000원|빈대떡_22,000원"|02-544-3710|서울 강남구 압구정로 338|"밥블레스유 26회, 19.01.03.
2019년 1월 3일
 만둣국
펼쳐보기"|12:00 - 21:30
카페무니 압구정본점|"바닐라쉐이크_12,500원|아이스크림 라떼_8,500원|아인슈페너_8,000원|무니 아메리카노_7,500원"|010-9340-4466|서울 강남구 압구정로56길 16|포장, 남/녀 화장실 구분|09:00 - 22:00
포스터리 베이커|"cupcake_변동|cake pudding_변동|whole cake_변동"|02-540-8911|서울 강남구 압구정로42길 25-5 포스터리 베이커|주차, 발렛파킹, 포장, 무선 인터넷, 남/녀 화장실 구분|11:00 - 22:00
압구정하루|"돈가스_8,500원|냉모밀_9,000원|판모밀_9,000원|비빔모밀_9,000원"|02-514-5557|서울 강남구 언주로172길 56|주차, 포장, 무선 인터넷, 남/녀 화장실 구분, 장애인 편의시설, 국민지원금|11:30 - 22:00
온기정|"메밀소바 세트_15,000원|메밀소바 정찬_38,000원|스테키동 온기정찬(2인)_40,000원|매운토리텐동_14,000원"|02-545-7940|서울 강남구 압구정로4길 13-9 1층 온기정|단체석, 주차, 발렛파킹, 포장, 배달, 무선 인터넷|11:30 - 21:30
카페 노티드 청담|"뉴욕버터밀크스콘_3,500원|헤이스콘_3,500원|초코 누텔라 스콘_4,000원|맬트앤믹스청크쿠키_2,500원"|0507-1426-9399|서울 강남구 도산대로53길 15 1층|none|none
리틀넥 청담|"아메리칸 오믈렛_12,000원|살몬 포케_12,000원|고구마 프라이즈_9,000원|라자냐_19,000원"|0507-1400-1476|서울 강남구 도산대로51길 17|단체석, 발렛파킹, 포장, 배달, 무선 인터넷|11:00 - 21:00
호족반|"트러플 감자전_15,800원|들기름 메밀국수_8,800원|청담김 주먹밥_5,800원|마늘 항정 수육_18,800원"|0507-1399-3353|서울 강남구 언주로164길 39 1층|발렛파킹, 포장, 배달, 무선 인터넷|11:30 - 21:30
쮸즈|"소룡포_4,000원|딴딴면_8,000원|새우춘권_4,000원|완탕면_9,000원"|02-6081-9888|서울 강남구 도산대로17길 13|발렛파킹|11:30 - 21:00
까폼|"태국 소고기 쌀국수_9,000원|카오카무_12,000원|뿌님팟퐁커리_25,000원|텃만꿍_12,000원"|0507-1411-7318|서울 강남구 선릉로153길 18 지하1층|발렛파킹, 포장, 배달, 방문접수/출장, 무선 인터넷, 반려동물 동반|11:30 - 22:00
벽돌해피푸드 압구정점|"토마토 계란 덮밥_12,000원|크림새우_19,000원|사천식 돼지고기 튀김_19,000원|마라샹궈_19,000원"|02-514-0200|서울 강남구 도산대로51길 36 1층|단체석, 발렛파킹, 포장, 배달, 무선 인터넷, 남/녀 화장실 구분|11:30 - 22:00
미미면가|"고등어구이 온소바_20,000원|성게알 냉소바_20,000원|냉/온소바_10,000원|새우튀김 냉소바_12,000원"|0507-1413-5466|서울 강남구 강남대로160길 29|무선 인터넷|11:30 - 21:30
아우어베이커리 가로수길점|"아메리카노_4,500원|더티초코_4,800원|에스프레소_4,000원|플랫화이트_4,900원"|02-546-3800|서울 강남구 강남대로162길 39|단체석, 발렛파킹, 포장, 무선 인터넷, 남/녀 화장실 구분|10:00 - 21:30
달마시안|"컬리플라워 포테이토 스프_9,000원|달마시안 수제 그래놀라 요거트볼_12,000원|비프 스테이크 토스트_19,000원|아보카도 치킨 콥 샐러드_24,000원"|0507-1491-0926|서울 강남구 압구정로42길 42|단체석, 발렛파킹, 무선 인터넷, 반려동물 동반, 남/녀 화장실 구분|09:00 - 23:00
삼원가든|"삼원 전통 양념갈비_50,000원|한우 갈비 (양념/생)_100,000원|한우 특생갈비_140,000원|한우 불고기_40,000원"|02-548-3030|서울 강남구 언주로 835|단체석, 주차, 발렛파킹, 포장, 배달, 예약, 남/녀 화장실 구분, 장애인 편의시설, 지역화폐(지류형), 지역화폐(카드형), 지역화폐(모바일형), 제로페이, 국민지원금|11:30 - 21:00
묵전|"시골장터모둠전_18,000~29,000|모듬 해물 파전_23,000원|묵전 최고 한방 도마보쌈_35,000원|돼지고기 김치찜_20,000~26,000"|02-548-1461|서울 강남구 언주로168길 22|단체석, 발렛파킹, 포장, 예약, 남/녀 화장실 구분|11:30 - 24:00
올리버|"사시미 플레이터(2인)_56,000원|올리버롤_15,000원|감자 고등어 마끼_22,000원|감자모찌_13,000원"|0507-1347-8332|서울 강남구 선릉로157길 25 2층|단체석, 주차, 예약, 무선 인터넷, 남/녀 화장실 구분, 지역화폐(지류형), 지역화폐(카드형), 지역화폐(모바일형), 제로페이, 국민지원금|17:00 - 새벽 01:00
카멜커피|"카멜커피_5,500원|아메리카노_5,500원|카푸치노_5,500원|플랫화이트_5,500원"|010-7774-1484|서울 강남구 도산대로45길 16-8|none|10:00 - 21:00
오스테리아 꼬또 압구정점|"꽃갈비 라구, 생면 빠빠델레_28,000원|프레쉬 트러플, 노리치아 생면 딸리올리니_32,000원|버팔로 마르게리타 피자_23,000원|쿨라텔로 단호박, 아르보리오 리조또_29,000원"|0507-1403-1962|서울 강남구 언주로165길 7-12 오스테리아꼬또 압구정점은 고객님들의 편리한 방문을 위하여 발렛파킹 서비스를 제공하고 있습니다. 주차장에 오셔서 직원에게 문의해 주세요|단체석, 주차, 발렛파킹, 포장, 배달, 예약, 무선 인터넷, 남/녀 화장실 구분, 제로페이, 국민지원금|11:30 - 22:00
달래해장|"(특)해장국_12,000원|탕국_10,000원|낙지볶음_25,000원|달래불고기_18,000원"|0507-1480-5969|서울 강남구 압구정로2길 46 강남시장 1층 달래해장|none|none
마일스톤 커피|"플랫화이트_5,000원|수제마스카포네티라미수_7,000원|에스프레소_4,000원|아메리카노_4,500원"|0507-1425-1195|서울 강남구 논현로159길 49|포장, 배달, 무선 인터넷|10:00 - 21:00
대막|"바질소바_12,000원|후토마키 SET_32,000원|아부라소바_11,000원|후토마키 (5pcs)_17,000원"|02-516-5056|서울 강남구 압구정로46길 75 , 1층|none|12:00 - 21:00
뉴욕라츠오베이글스|베이글_변동|02-3448-7777|서울 강남구 압구정로48길 28 건물전체|단체석, 포장, 배달, 예약, 무선 인터넷, 반려동물 동반, 남/녀 화장실 구분|08:30 - 20:00
아베크 청담|"(브런치)로스트 치킨 플레터_34,000원|독도 새우 버거_25,000원|(브런치)가지 샥슈카_25,000원|백김치 볶음밥_25,000원"|0507-1368-5129|서울 강남구 선릉로 823 1층|단체석, 발렛파킹, 예약, 무선 인터넷, 남/녀 화장실 구분|11:30 - 새벽 02:00
다운타우너 청담|"AVOCADO(아보카도 버거)_9,800원|BACON CHEESE(베이컨치즈 버거)_8,300원|CHEESE(치즈버거)_7,300원|GARLIC BUTTER FRIES(갈릭버터 프라이즈)_6,800원"|0507-1422-9399|서울 강남구 도산대로53길 14 1층|발렛파킹, 포장, 배달, 무선 인터넷, 반려동물 동반, 국민지원금|11:30 - 21:30
우와|"클래식 오코노미야키&야키소바_16,000원|철판 꽃갈비살 100g_19,000원|토마토 오코노미야키& 시오 야키소바_17,000원|하야시 오코노미야키& 바질 야키소바_18,000원"|070-8833-7336|서울 강남구 강남대로158길 17 1층|단체석, 예약, 무선 인터넷, 남/녀 화장실 구분, 국민지원금|12:00 - 22:00
플레이버스 바이 바프|"Brunch Platter_19,000원|Egg Benedict_19,000원|Brioche French Toast_18,000원|Campagne Jambon Fren_20,000원"|0507-1456-1287|서울 강남구 강남대로158길 26 1층 플레이버스 바이 바프|none|10:00 - 22:00
신사전|"벌집꿀_4,000원|모듬전(소)_28,000원|모듬전(중)_33,000원|치즈감자전_26,000원"|02-3443-9991|서울 강남구 도산대로11길 18 신사전|단체석, 발렛파킹, 포장, 예약, 남/녀 화장실 구분|11:00 - 24:00
파넬|"수비드 스테이크샌드위치_25,000원|연어에그베네딕트_19,000원|베이컨에그베네딕트_19,000원|살치살 스테이크_38,000원"|02-511-6492|서울 강남구 언주로164길 14|단체석, 발렛파킹, 예약, 무선 인터넷, 남/녀 화장실 구분|10:00 - 22:00
브루클린더버거조인트 가로수길점|"브루클린웍스_9,800원|더치즈버거_7,800원"|02-545-0718|서울 강남구 도산대로15길 12 가로수빌딩 1층|단체석, 주차, 발렛파킹, 포장, 무선 인터넷|11:00 - 22:00
한올|"삐띠비에_48,000원|수비드영양갈비찜_35,000원|갈치속젓 파스타_21,000원|새우크림 리조또_23,000원"|0507-1314-8170|서울 강남구 도산대로15길 11 2층|단체석, 발렛파킹, 예약, 남/녀 화장실 구분, 제로페이|11:30 - 24:00
무탄|"스테이크트러플짜장면_28,000원|마카롱 멘보샤_24,000원|고추 유린기_38,000원|오향장우육_58,000원"|02-549-9339|서울 강남구 논현로176길 22 1층|단체석, 주차, 발렛파킹, 포장, 배달, 예약, 무선 인터넷, 남/녀 화장실 구분|11:00 - 22:00
르브런쉭 신사점|"에그 베네딕트_18,000원|아보카도에그슬럿_18,000원|프렌치 토스트_17,600원|만조리가토니_22,000원"|0507-1399-1985|서울 강남구 강남대로162길 41-22 오로라빌|주차, 발렛파킹, 포장, 배달, 예약, 무선 인터넷, 제로페이, 국민지원금|10:30 - 20:00
뱃고동|"오징어불고기백반_8,000원|낙지불고기백반_8,500원|산낙지불고기_28,000원|낙지불고기_16,000원"|0507-1413-8008|서울 강남구 언주로172길 54|단체석, 발렛파킹, 포장, 예약, 무선 인터넷, 남/녀 화장실 구분, 국민지원금|11:30 - 22:00
클랩피자 청담점|"HALF&HALF 14INCH_19,000원|GARLIC_500원|BUFFALO_7,300원|CORN SALAD_6,800원"|0507-1352-9973|서울 강남구 압구정로46길 71 1층|단체석, 발렛파킹, 포장, 배달|11:30 - 21:30
지아니스나폴리 가로수길점|"감베리 크레마_17,500원|마르게리따 디 피오디라떼_18,500원|인살라타 메디테라네오_15,000원|프로시다 나폴리_17,000원"|02-3416-0316|서울 강남구 도산대로15길 15 2층|단체석, 주차, 발렛파킹, 포장, 예약, 무선 인터넷, 국민지원금|11:30 - 22:00
콴안다오|"짜조_7,000원|반미_7,000원|퍼보_9,000원|껌승_11,500원"|0507-1408-1651|서울 강남구 강남대로156길 28-2|주차, 발렛파킹, 무선 인터넷|11:00 - 22:00
카츠바이콘반|"로스카츠_15,000원|히레카츠_18,000원|믹스카츠_21,000원|로스카츠 (단품)_12,000원"|0507-1332-3903|서울 강남구 선릉로153길 36|단체석, 발렛파킹, 포장, 무선 인터넷, 제로페이, 국민지원금|11:30 - 20:30
카이센동 우니도|"우니도카이센동_35,000원|카이센동_23,000원|생생사케동_18,000원|아부리돈부리_20,000원"|0507-1401-0517|서울 강남구 압구정로2길 15 1층 카이센동우니도|none|none
핫쵸|"핫쵸 오코노미야끼_15,000원|칸조(간장) 야끼소바_14,000원|모단야끼_14,000원|토오가라시(고추) 야끼소바_14,000원"|0507-1444-3881|서울 강남구 도산대로15길 32-10 지하 1층|주차, 무선 인터넷, 제로페이, 국민지원금|11:30 - 22:00
선데이 버거 클럽|"Sunday cheese burger DBL_11,000원|Cheese burger SNGL_7,000원|Cheese burger DBL_9,000원|Chipotle cheese burger SNGL_8,000원"|02-6080-8213|서울 강남구 언주로170길 37 201호|단체석, 발렛파킹, 포장, 배달, 무선 인터넷|11:00 - 21:20
도산분식 도산공원점|"돈까스샌드_9,500원|어묵튀김도산떡볶이_6,000원|육회김밥_8,800원|김치볶음밥_9,300원"|02-514-5060|서울 강남구 도산대로49길 10-6 젤로빌딩|발렛파킹, 포장, 배달, 무선 인터넷|11:30 - 20:30
도산맘마미아|"콜드브루, 티브루_5,000~5,500|아메리카노_5,500원|카페라떼_6,500원|바닐라라떼_7,000원"|02-511-0620|서울 강남구 압구정로42길 45|주차, 발렛파킹, 포장, 무선 인터넷, 반려동물 동반, 남/녀 화장실 구분|10:00 - 23:00
강남면옥 본점|"갈비찜(小)_49,000원|회냉면_12,000원|갈비찜(大)_79,000원|갈비찜(中)_63,000원"|02-3446-5539|서울 강남구 논현로152길 34|단체석, 주차, 발렛파킹, 포장, 무선 인터넷, 남/녀 화장실 구분, 제로페이, 국민지원금|10:30 - 22:00
샌드커피 논탄토 신사|"체즈베_5,000원|골든 크림 라테_6,500원|온두라스_5,500원|이디오피아_6,500원"|02-542-0206|서울 강남구 도산대로17길 35 1F|단체석, 주차, 발렛파킹, 무선 인터넷, 국민지원금|11:00 - 22:00
다이닝 목로|"목로 곱창전골_28,000원|목로 수제 가지튀김_19,000원|가마보꼬 어묵탕_28,000원|삿포로 생맥주_9,000원"|070-4193-5180|서울 강남구 도산대로49길 6-7 1층 목로|예약, 제로페이, 국민지원금|16:00 - 24:00
안동국시|"안동국수_11,000원|건진국시_13,000원|수육 (소)_32,000원|메밀묵 소_15,000원"|02-548-4986|서울 강남구 언주로167길 46 제일빌딩 2층|단체석|11:30 - 22:00
텍사스데브라질 압구정점|"런치 슈하스코 (9종 무한제공)_53,000원|디너 슈하스코 (15종 무한제공)_68,000원"|02-3442-7734|서울 강남구 논현로 854 안다즈 호텔 지하 1층|단체석, 주차, 발렛파킹, 예약, 남/녀 화장실 구분, 장애인 편의시설|11:30 - 22:00
한추|"후라이드치킨_20,000원|한추떡볶이_18,000원|양념치킨_21,000원|고추튀김_18,000원"|02-541-0969|서울 강남구 논현로175길 68|국민지원금|14:00 - 새벽 01:00
갓잇 도산공원점|"Bset(2인)_39,000원|Family set(4인)_72,000원|Aset(2인)_37,000원|Cset (2인)_39,000원"|0507-1339-9451|서울 강남구 언주로164길 24 아크로스빌딩 지상1층 GODEAT|단체석, 주차, 발렛파킹, 포장, 배달, 예약, 무선 인터넷, 남/녀 화장실 구분, 제로페이, 국민지원금|11:00 - 22:00
맥주덕후 피자덕후|"수제맥주 & 와인_변동|텍사스 수비드 비프립 피자_58,500원|캐네디언 랍스터펀치 치폴레 피자_45,000원|하와이안 갈릭 쉬림프&파인애플 피자_29,500원"|0507-1380-4091|서울 강남구 선릉로157길 23 2층 맥주덕후 피자덕후|단체석, 포장, 배달, 예약, 무선 인터넷, 남/녀 화장실 구분|11:30 - 23:00
오복수산 도산|"모듬 사시미 中_65,000원|우니 도로 이쿠라 관자 에비_55,000원|카이센동_22,000원|특선 카이센동_33,000원"|0507-1401-9967|서울 강남구 도산대로53길 14 2층 오복수산|주차, 발렛파킹, 포장, 무선 인터넷, 남/녀 화장실 구분|11:30 - 21:30
효계|"닭숯불구이 모듬 대_37,000원|닭숯불구이 모듬 중_25,000원|다리살(소금)_12,500원|다리살(양념)_13,500원"|0507-1330-9215|서울 강남구 도산대로15길 15 1층|발렛파킹, 남/녀 화장실 구분|17:00 - 24:00
압구정 곱창|"한우곱창구이_28,000원|한우막창구이_28,000원|한우대창구이_28,000원|특양구이_30,000원"|0507-1484-0054|서울 강남구 압구정로42길 25-8|단체석, 포장, 무선 인터넷|12:00 - 22:00
에뚜왈|"마들렌_2,200원|크루와상_3,400원|뺑 오 쇼콜라_3,600원|퀸 아망_3,500원"|070-7627-0057|서울 강남구 압구정로10길 35 지하1층|none|12:30 - 21:00
청담돈|"특상 청담 카이센동_31,950원|청담 카이센동_17,550원|특 우나기동_25,200원|혼마구로 우니 카니동_31,500원"|02-549-0302|서울 강남구 도산대로49길 11 2층 청담돈|단체석, 주차, 발렛파킹, 포장, 배달, 예약, 무선 인터넷, 남/녀 화장실 구분|11:30 - 22:00
워커비|워커비드링크_15,000원|0507-1312-4195|서울 강남구 도산대로49길 6-10 지하1층|none|21:00 - 새벽 04:00
키친마이야르|"연어포케_23,000원|통골뱅이 냉파스타_25,000원|소보로 파스타_19,000원|상하이 크림파스타_23,000원"|02-511-7002|서울 강남구 언주로170길 22 지하1층|none|none
오리지널팬케이크하우스 가로수길점|"더치베이비_18,000원|애플 팬케이크_22,000원|콥 샐러드_22,000원|그릭 샐러드_20,000원"|02-511-7481|서울 강남구 강남대로162길 41 동원빌딩|none|none
치즈룸 안다즈|"치즈케이크 조각_8,000원11,000원|전복 솥밥 리조또_24,000원28,000원|트러플 파케리 파스타_24,000원28,000원|치즈 홀케이크_45,000원"|010-6700-8861|서울 강남구 논현로 854 안다즈호텔 지하 1층 112호|단체석, 주차, 예약, 무선 인터넷, 남/녀 화장실 구분|10:00 - 22:30
온달집 본점|"닭다리살_12,000원|꼼장어_12,000원|무뼈닭발_12,000원|닭똥집_12,000원"|02-511-5262|서울 강남구 강남대로152길 28|단체석, 포장, 배달, 무선 인터넷, 남/녀 화장실 구분|17:00 - 새벽 05:00
웨이크앤베이크 청담|"Soup (스프)_8,000원|Jambon Beurre_11,000원|Basil Rucola Jambon_13,000원|Mortadella Croissant_13,000원"|070-8835-3565|서울 강남구 압구정로42길 47|단체석, 발렛파킹, 포장, 배달, 예약, 무선 인터넷, 반려동물 동반, 남/녀 화장실 구분|11:00 - 22:00
최가네버섯샤브매운탕칼국수|"스페셜샤브샤브(1인)_16,000원|스몰샤브샤브(1인)_13,000원|버섯매운탕칼국수(1인)_10,000원|바싹불고기(대)_16,000원"|02-547-7676|서울 강남구 도산대로51길 36|주차, 예약|11:00 - 22:00
이웃집통통이 로데오점|"황치즈라떼_6,500원|소금빵_2,800원|휘낭시에_3,000원|아메리카노_4,000원"|0507-1313-9286|서울 강남구 선릉로161길 19 1층|발렛파킹, 포장, 무선 인터넷, 반려동물 동반, 제로페이, 국민지원금|10:00 - 21:00
누데이크 하우스 도산|"PICNIC 피크닉_32,000원|PEAK 피크_39,000원|PEAK SMALL 피크 스몰_23,000원|COLOSSEO 콜로세오_45,000원"|070-4128-2125|서울 강남구 압구정로46길 50 하우스 도산 B1|주차, 발렛파킹, 포장, 남/녀 화장실 구분|11:00 - 21:00
심퍼티쿠시 가로수길점|"고추오일 명란크림 파스타_17,000원|항정살 구이 곤드레 리조또_20,000원|볏짚 숙성 오리 가슴살 스테이크_27,000원|단호박 스프_8,000원"|0507-1330-2031|서울 강남구 강남대로154길 16 1층 101호|포장, 배달, 예약, 무선 인터넷, 제로페이, 국민지원금|12:00 - 24:00
SADDLER HAUS|"와플세트_16,200원|페스츄리 바게트_6,900~10,800|새들러슈페너_6,500원|호지티 라떼_6,000원"|070-8265-5541|서울 강남구 도산대로17길 10 B1 새들러하우스|발렛파킹, 포장, 무선 인터넷, 반려동물 동반|12:00 - 20:00
청초수물회 강남점|"해전물회 (2인분)_46,000원|일반물회 (1인분)_18,000원|해전물회 (1인분)_26,000원|회덮밥_16,000원"|02-516-5050|서울 강남구 압구정로28길 24|단체석, 주차, 발렛파킹, 포장, 배달, 예약, 무선 인터넷, 남/녀 화장실 구분|11:30 - 22:00
진도켄 이자카야|"모듬사시미_32,000원|2인 course_36,000원|크림짬뽕_23,000원|후토마끼_26,000원"|0507-1330-5614|서울 강남구 도산대로15길 9 지하 1층|발렛파킹, 예약, 무선 인터넷, 남/녀 화장실 구분|17:30 - 24:00
ING|"수제&수입 생맥주14종_10,000원|복음&신선메뉴_27,000원|수입병맥주20종_10,000원|치킨&튀김_26,000원"|02-545-3866|서울 강남구 언주로170길 34|단체석, 주차, 발렛파킹, 포장, 예약, 무선 인터넷, 남/녀 화장실 구분|17:00 - 새벽 04:30
은행골 신사점|"특상초밥_22,000원|특선초밥_17,000원|특미초밥_12,000원|도로초밥_29,000원"|02-3444-4988|서울 강남구 강남대로152길 42 2층|단체석, 발렛파킹, 포장, 예약, 국민지원금|11:00 - 22:30
모센즈스위트 신사점|"쿠나파_6,000원|크림 쿠나파_6,000원|게이마르 (카이막)_8,500원|발르 슈트_5,000원"|0507-1367-0239|서울 강남구 강남대로154길 21|포장, 무선 인터넷, 남/녀 화장실 구분|12:00 - 22:00
어썸로즈|"양송이 스프_4,500원|Rose Set_66,000원|Awesome Set_85,000원|브라운 브레드_2,000원"|0507-1341-0619|서울 강남구 압구정로10길 40 지하1층|단체석, 주차, 발렛파킹, 포장, 배달, 예약, 무선 인터넷, 반려동물 동반, 제로페이, 국민지원금|11:00 - 22:00
소진담 신사점|"케이크_8,000원|아메리카노_5,000원|홀케이크_35,000원|쑥차_6,000원"|02-542-5550|서울 강남구 논현로161길 51 B1, 1F|단체석, 포장, 예약, 무선 인터넷, 남/녀 화장실 구분, 지역화폐(카드형)|11:00 - 22:00
피자네버슬립스|"CHEESE PIZZA_20,000원|PEPPERONI PIZZA_21,000원|POTATO PIZZA_26,000원|DOUBLE PEPPERONI PIZZA_25,000원"|0507-1313-5877|서울 강남구 도산대로19길 50 2층 피자네버슬립스|단체석, 포장, 예약, 무선 인터넷|12:00 - 23:00
로로|"기버터 스테이크_48,000원|유자 홀토마토 샐러드_14,000원|오징어 먹물 크림 리조또_22,000원|수제 라자냐_18,000원"|0507-1398-0022|서울 강남구 언주로164길 35 로로|발렛파킹, 배달, 무선 인터넷, 남/녀 화장실 구분|11:30 - 23:00
온리고|"숙성 연어사시미 (Salmon Sashimi)_29,000원|항정살 깻잎 파스타_23,000원|메뉴판_변동|런치) 숙성 연어정식_13,000원"|070-8888-2755|서울 강남구 언주로151길 20 웅빌딩 1층 101호|단체석, 주차, 예약, 무선 인터넷, 남/녀 화장실 구분|11:00 - 22:00
타르틴베이커리 도산점|"컨트리 하프_7,500원|크루아상_4,600원|바나나 크림 타르트_9,900원|모닝번_5,500원"|070-4333-4350|서울 강남구 언주로168길 24|단체석, 주차, 발렛파킹, 포장, 배달|10:00 - 21:00
파씨오네|"런치코스_55,000원|디너코스_95,000원"|02-546-7719|서울 강남구 언주로164길 39|단체석, 주차, 발렛파킹, 예약|12:00 - 22:00
우가|"숙성 꽃등심(1++명품등급 100g기준)_52,000원|숙성 차돌박이(1++명품등급 200g기준)_48,000원|숙성 양념육회(1++명품등급 200g기준)_38,000원|토장찌개_9,000원"|02-6272-2223|서울 강남구 도산대로49길 22 B1|단체석, 주차, 발렛파킹, 예약, 무선 인터넷, 남/녀 화장실 구분|12:00 - 22:00
포레스트 청담|"NO.9 채끝 스테이크 230G_86,000원|이베리코 목살 스테이크 (Iberico Boston Butt Steak)_40,000원|쿠앤크 젤라또_26,000원|참나물 파스타_34,000원"|02-6207-8998|서울 강남구 선릉로 803 1, 2, 3층|단체석, 주차, 발렛파킹, 포장, 배달, 예약, 무선 인터넷, 남/녀 화장실 구분|11:00 - 24:00
마망갸또 신사점|"카라멜 눈꽃 빙수_15,000원|카라멜 롤_7,000원|말차 카라멜 롤_7,000원|카라멜 토르테_7,000원"|070-4353-5860|서울 강남구 압구정로10길 30-12|단체석, 발렛파킹, 포장, 배달, 예약, 무선 인터넷, 남/녀 화장실 구분, 제로페이|12:00 - 21:00
백곰막걸리|"동해안 오징어 듬뿍듬뿍 김치전_24,000원|여수 달마새우 미나리전_26,000원|태안 생물 간재미(가오리) 찜_26,000원|벌교 매콤새콤 피꼬막 미나리초무침_24,000원"|0507-1377-7644|서울 강남구 압구정로48길 39 1-2층|단체석, 포장, 배달, 예약, 무선 인터넷, 남/녀 화장실 구분, 제로페이, 국민지원금|17:30 - 새벽 01:30
웍셔너리|"차오미엔_11,800원|갈릭 프라이드 라이스_8,800원|오렌지 치킨_15,800원|몽골리안 비프_26,800원"|0507-1367-9878|서울 강남구 도산대로53길 12|발렛파킹, 포장, 배달, 무선 인터넷|11:30 - 21:00
패티앤베지스|"클래식_8,900원|딥버거_8,900원|크런치프라이즈_4,500원|하와이안와사비_10,900원"|02-541-3443|서울 강남구 압구정로4길 11 1층|발렛파킹, 포장, 무선 인터넷, 남/녀 화장실 구분, 국민지원금|11:30 - 24:00
비파티세리|"퀸아망 클래식 (Kouign Amann Classic)_4,800원|퀸아망 플레이버 (Kouign Amann Flavor)_5,500원|크로아상 (Croissant)_3,500원|클럽 샌드위치 (Club Sandwich)_10,000원"|02-517-0033|서울 강남구 압구정로14길 36 인자빌딩 1-4층 비파티세리|단체석, 포장, 배달, 예약, 무선 인터넷, 남/녀 화장실 구분|10:00 - 22:00
강서면옥 압구정점|"편육_35,000~50,000|녹두전_16,000원|한우평양냉면_14,000원|갈비찜 대_70,000원"|02-3445-0092|서울 강남구 언주로164길 19 강서면옥|none|11:00 - 21:30
삼창교자|"하이단(우니)교자_8,500원|훠라띠위궈(매운 소고기전골)_32,000원|뽀우위(전복)교자_9,000원|빠아위(삼치)교자_8,500원"|0507-1473-5588|서울 강남구 강남대로156길 33 1층|발렛파킹, 포장, 배달, 무선 인터넷|11:30 - 22:00
감성타코 신사점|"까르니따스 치즈 타코_9,000원|감성 그릴드 파히타_38,000원|파인애플 베르데 살사 타코_9,000원|숏립 타코_11,800원"|02-547-3366|서울 강남구 강남대로162길 31|단체석, 발렛파킹, 포장, 예약, 무선 인터넷, 남/녀 화장실 구분, 국민지원금|11:30 - 22:00
키마스시 청담|"COMBO SUSHI_20,000원|SPICY TUNA MARI_12,000원|SALMON SUSHI_18,000원|TUNA SUSHI_34,000원"|0507-1390-1472|서울 강남구 도산대로51길 14 2층|주차, 발렛파킹, 포장, 배달, 예약, 무선 인터넷, 남/녀 화장실 구분|11:30 - 21:30
일일향 압구정1호점|"짜장면_7,500원|황비홍깐풍기_35,000원|유린기_35,000원|찹쌀탕수육 (꿔바로우)_30,000원"|0507-1347-6154|서울 강남구 논현로168길 30|단체석, 주차, 발렛파킹, 포장, 예약, 남/녀 화장실 구분, 국민지원금|11:30 - 21:30
애니오케이션 청담|"Plain(플레인)_3,800원|Chocolate Chunk(초코렛 청크)_4,000원|Black Olive(블랙 올리브)_4,000원|Jalapeno(할라피뇨)_4,200원"|0507-1435-1470|서울 강남구 도산대로51길 14 1층|주차, 발렛파킹, 포장, 무선 인터넷|10:50 - 21:20
마사 타코|"더 웍스 브렉퍼스트 부리또_15,500원|마사탓스_15,000원|팅가데포요(치킨) 타코x 2_8,000원|토마티오 포크(돼지고기) 타코 x2_8,000원"|02-545-6915|서울 강남구 압구정로10길 30-8|단체석, 발렛파킹, 포장, 배달, 예약, 무선 인터넷, 반려동물 동반, 남/녀 화장실 구분|12:00 - 22:00
다이칸야마키친|"연어초밥 10pcs_12,000원|연어대뱃살초밥10pcs_15,000원|초밥특선런치_12,000원|새우초밥스페셜_13,000원"|0507-1403-9776|서울 강남구 압구정로10길 30-3 1층|남/녀 화장실 구분|11:30 - 21:30
C27 가로수길점|"치즈케이크_8,900원|C27 coffee_6,000원|치즈라떼_6,500원|치즈프라페_7,200원"|02-544-1527|서울 강남구 도산대로15길 39|단체석, 발렛파킹, 포장, 무선 인터넷, 남/녀 화장실 구분|10:00 - 23:00
부쉬윅|"레몬 드랍_11,000원|피치 크러쉬_15,000원|롱아일랜드 아이스티_18,000원|프랑수아 뒬락 블랑 브뤼 샴페인_59,000원"|0507-1334-8432|서울 강남구 선릉로153길 34 지하 1층|단체석, 주차, 예약, 남/녀 화장실 구분, 국민지원금|19:00 - 새벽 02:00
호호식당 도산공원|"1 로스가츠정식_13,000원|3 히레가츠정식_15,000원|6 돈테키정식_17,000원|2 생선가츠정식_14,000원"|0507-1332-2384|서울 강남구 도산대로49길 29-6|단체석, 주차, 발렛파킹, 포장, 배달, 예약, 무선 인터넷, 제로페이, 국민지원금|11:00 - 22:00
칙피스 신사점|"비건 샐러드 (Vegan Salad)_11,500원|아보카도 샐러드 (Avocado Salad)_14,000원|미트 러버 피타 볼 세트_16,500원|그릴드쉬림프 라이스 (Grilled Shrimp Rice)_15,000원"|0507-1338-6780|서울 강남구 강남대로152길 69|발렛파킹, 포장, 무선 인터넷, 남/녀 화장실 구분|11:30 - 20:30
콘유|"숯불꼬치 세트 A_16,000원|숯불꼬치 세트B_16,000원|아보카도 참치 육회_23,000원|닭완자_5,000원"|02-545-0527|서울 강남구 도산대로11길 31-7|단체석, 예약, 무선 인터넷, 남/녀 화장실 구분|18:00 - 24:00
콘피에르|"디너코스(9코스)_69,000원|런치코스(7코스)_49,000원"|0507-1373-0827|서울 강남구 도산대로49길 10-2 2F|발렛파킹, 예약, 무선 인터넷|12:00 - 21:30
롸카두들 내쉬빌 핫치킨 압구정|클래식_8,700원|02-3447-3456|서울 강남구 언주로164길 35-3 1층|포장, 배달, 무선 인터넷|11:30 - 21:00
임프레션|"런치 테이스팅 코스 메뉴_변동|디너 테이스팅 코스 메뉴_변동"|02-6925-5522|서울 강남구 언주로164길 24 5층|발렛파킹, 남/녀 화장실 구분|12:00 - 22:00
벙커컴퍼니 압구정점|에스프레소_5,000원|0507-1357-1456|서울 강남구 언주로167길 23 단독주택 1, 2층|포장, 무선 인터넷, 남/녀 화장실 구분|10:00 - 21:00
보타르가|Bottarga Pasta_38,000원|010-8558-5378|서울 강남구 언주로170길 16 1층|단체석, 발렛파킹, 포장, 예약, 무선 인터넷, 남/녀 화장실 구분|12:00 - 22:00
메리고라운드 스테이크|"스테이크브런치_17,000원|파스타,스테이크 세트_49,000원|디럭스세트_84,000원|킹콩스테이크_42,000원"|02-6080-9141|서울 강남구 논현로175길 69 원영빌딩 1층|단체석, 주차, 포장, 배달, 방문접수/출장, 예약, 무선 인터넷, 남/녀 화장실 구분, 국민지원금|11:30 - 22:00
신미식당|"생삼겹살(200g)_16,000원|생목살(200g)_16,000원|감자탕 대_45,000원|된장찌개, 김치찌개, 순두부_8,000원"|02-516-4900|서울 강남구 압구정로 214 현대종합상가빌딩 1층|단체석, 국민지원금|11:00 - 22:00
압구정제주집|"한라산세트_69,000원|성산일출봉 세트_49,000원|LA갈비_24,000원|흑돼지삼겹살_19,000원"|02-514-5882|서울 강남구 논현로152길 36 1층|단체석, 주차, 발렛파킹, 포장, 예약, 무선 인터넷, 반려동물 동반, 남/녀 화장실 구분, 지역화폐(모바일형), 제로페이, 국민지원금|11:00 - 새벽 01:00
얼오브샌드위치 압구정로데오점|"치폴레 치킨 아보카도_9,900원|얼스 클럽_9,900원|이탈리안_8,900원|풀 몬테규_10,900원"|0507-1319-6953|서울 강남구 도산대로49길 16 압구정 로데오거리 한창상가 B/D 1층|포장, 배달, 무선 인터넷|10:30 - 21:00
감성타코 가로수길점|"감성 그릴드 파히타_38,000원|까르니따스 치즈 타코_9,000원|파인애플 살사 베르데 타코_9,000원|숏립 타코_11,800원"|02-516-8884|서울 강남구 가로수길 26 3층|포장, 예약, 무선 인터넷, 남/녀 화장실 구분, 국민지원금|12:00 - 22:00
웜브라운 베이커리카페|아이스아메리카노_변동|02-6925-0232|서울 강남구 논현로159길 41 1층|포장, 무선 인터넷|10:00 - 22:00
한남베르그 도산|"베르그 커피_6,000원|크라미슈_7,500원"|0507-1396-1750|서울 강남구 도산대로49길 31 1층 105호|무선 인터넷, 반려동물 동반, 남/녀 화장실 구분|11:00 - 22:00
을지다락 도산공원|"다락오므라이스_14,000원|매콤크림파스타_17,000원|가츠산도_12,000원|찹목살스테이크_20,000원"|0507-1358-9197|서울 강남구 언주로168길 25 2층|단체석, 주차, 발렛파킹, 포장, 배달, 예약, 무선 인터넷, 제로페이, 국민지원금|11:30 - 21:10
지강낙곱새 압구정본점|"낙곱새 1인분[비조리, 공기밥별도]_13,000원|차돌낙곱새 1인분[비조리, 공기밥별도]_18,000원|낙곱새 1인분[조리, 공기밥포함]_14,000원|차돌낙곱새 1인분(조리, 공기밥포함)_19,000원"|02-518-8848|서울 강남구 압구정로30길 17 111호, 112호, 104-1호|주차, 포장, 배달, 예약, 무선 인터넷, 남/녀 화장실 구분|11:00 - 22:00
그랑씨엘|"앤쵸비 오일 파스타_24,500원|한우 채끝등심 스테이크_75,000원|이탈리안 전통 토마토 스프_8,500원|까르보나라_25,000원"|02-548-0283|서울 강남구 도산대로45길 16-6 1층|단체석|11:00 - 22:00
Just Steak|"T-Bone Steak (100g)_19,300원|L-Bone steak (100g)_15,300원|그릴에 구운 야채_12,500원|볼로네제_22,000원"|02-544-9357|서울 강남구 언주로152길 11-7|단체석|11:30 - 22:00
샤블리|"샤블리 정식_26,000원|차돌박이구이 & 샤브 정식_29,000원|한우소고기샤브 정식_38,000원|대패삼겹살 with 샤브샤브_25,000원"|0507-1432-8869|서울 강남구 강남대로152길 35 2층|단체석, 주차, 발렛파킹, 포장, 배달, 예약, 남/녀 화장실 구분|11:30 - 23:00
호쿠모쿠|"모치코치킨 플레이트_12,000원|쉬림프 박스 플레이트_15,000원|피칸테 쉬림프 오일 파스타_18,000원|그릴드 쉬림프 포케_15,000원"|0507-1421-3573|서울 강남구 압구정로46길 5-12 1층|단체석, 주차, 발렛파킹, 포장, 배달, 예약, 무선 인터넷, 반려동물 동반|11:30 - 22:00
도쿄등심 압구정점|"런치 스페셜 A_59,000원|런치 스페셜 B_69,000원|런치 스페셜 C_79,000원|디너 스페셜 A_109,000원"|0507-1405-2262|서울 강남구 도산대로49길 9 스타크빌딩 3층|단체석, 주차, 예약, 무선 인터넷, 남/녀 화장실 구분, 국민지원금|11:00 - 22:00
길버트버거앤프라이즈|"길버트_11,000원|MR.프레지던트_11,000원|더 클래식_8,500원|로켓_12,000원"|0507-1427-5453|서울 강남구 도산대로15길 47|단체석, 발렛파킹, 포장, 무선 인터넷, 국민지원금|11:30 - 21:00
듀자미|"카라멜 소금케이크(조각)_6,700원|카라멜 소금케이크(홀)_52,000원|보드라운 딸기 생크림케이크(조각)_6,700원|보드라운 딸기 생크림케이크(15cm 홀)_36,000원"|02-3443-0030|서울 강남구 도산대로11길 28|단체석, 주차, 포장, 예약, 무선 인터넷, 국민지원금|12:00 - 21:30
마이쏭|"MySsong Brunch Plate_18,000원|Ssong Burger_17,500원|Classic Eggs Benedict_17,000원|Bacon Cheese burger_19,500원"|02-518-0105|서울 강남구 도산대로45길 16-4|단체석, 발렛파킹, 포장, 무선 인터넷|10:00 - 22:00
이끼롤까스 가로수길점|"치킨치즈롤까스_14,500원|고구마치즈돈까스_14,500원|카레치즈롤까스_14,500원|날치알치즈롤까스_14,500원"|0507-1403-3347|서울 강남구 강남대로156길 35|주차, 포장, 예약, 무선 인터넷|11:30 - 21:20
레브|"위스키하이볼_15,000원|아디오스마더x커_17,000원|하몽 루꼴라 피자_21,000원|바질크림문어튀김_24,000원"|070-4120-5500|서울 강남구 언주로172길 54 1층|단체석, 무선 인터넷, 반려동물 동반, 남/녀 화장실 구분|12:00 - 새벽 04:00
갓포아키 도산공원점|모둠사시미 1인_32,000원|02-540-8669|서울 강남구 도산대로45길 8-3 쿠키빌딩|발렛파킹, 포장, 예약, 남/녀 화장실 구분|17:30 - 새벽 00:30
세시셀라 도산공원점|"당근케이크_8,800원|와플브런체세트_14,300원|크레이프케이크_8,800원|오늘의티_8,700원"|02-3448-7100|서울 강남구 도산대로45길 10-4 삼경빌딩 1층|none|11:30 - 22:00
마르르 본점|"마라탕_변동|꿔바로우_14,000원|마라탕 백탕_변동|라즈지_15,000원"|02-6083-3456|서울 강남구 도산대로53길 29 1층|발렛파킹, 포장, 배달, 반려동물 동반, 제로페이|11:30 - 22:00
온다|"감자뇨끼_17,000원|부라슈또 피자_24,000원|크랩 파스타_17,000원|한우안심스테이크_48,000원"|02-544-5558|서울 강남구 강남대로156길 39 1~2F|단체석, 발렛파킹, 예약, 무선 인터넷, 남/녀 화장실 구분|11:30 - 22:00
안다즈서울강남 조각보|"활 바닷가재 한마리 (씨푸드 그릴)_108,000원|쇠고기 랍스터 전골 (씨푸드 그릴)_110,000원|소프트 쉘 크랩과 감자튀김 (씨푸드 그릴)_24,000원|28일간 드라이 에이징한 소고기 본 인 립아이(100g)_18,500원"|02-2193-1191|서울 강남구 논현로 854 안다즈서울강남 2층|단체석, 주차, 발렛파킹, 포장, 예약, 무선 인터넷, 남/녀 화장실 구분|10:30 - 11:30 브레이크타임
소이연남마오|"소고기쌀국수_11,000원|똠얌쌀국수_13,000원|꿍팟퐁커리(새우 옐로 커리)_29,000원|똠얌꿍_16,000원"|0507-1315-5130|서울 강남구 도산대로53길 30 소이연남마오 1, 2층|발렛파킹, 포장, 예약, 무선 인터넷, 남/녀 화장실 구분, 지역화폐(모바일형), 제로페이, 국민지원금|11:30 - 21:50
스킬렛 스테이크하우스|"티본스테이크(국내산 500g)_75,000원|티본스테이크(국내산 1000g)_145,000원|채끝스테이크(국내산 300g)_52,000원"|0507-1417-6060|서울 강남구 논현로161길 57|단체석, 예약, 무선 인터넷, 남/녀 화장실 구분|11:30 - 22:00
야사이마끼 쿠이신보|"돼지고기 샤브샤브_17,800원|돼지고기 세이로무시_17,800원|치킨난방_12,500원|멘치카츠_9,800원"|010-9498-9215|서울 강남구 강남대로152길 62 1층 야사이마끼 쿠이신보|발렛파킹, 무선 인터넷, 남/녀 화장실 구분|17:30 - 새벽 02:00
장다리곱창|"원조소곱창_23,000원|모둠구이_25,000원|극내산 특양_27,000원|곱창전골_23,000원"|0507-1403-7286|서울 강남구 압구정로46길 5-14 지상1층|단체석, 발렛파킹, 예약, 남/녀 화장실 구분, 제로페이, 국민지원금|17:00 - 새벽 05:00
Lu307 이자카야|"꼬치구이 7종_24,500원|창코나베_33,000원|바지락술찜_21,000원|야끼소바_21,000원"|02-6205-3007|서울 강남구 압구정로10길 30-7 1층|단체석, 포장, 배달, 예약, 무선 인터넷|17:00 - 새벽 01:30
갓포 히미츠 X 뱅가드 하이파이 뮤직 라운지|"1인 사시미모리아와세_22,000원|제철 석화_18,000원|연어 사시미_23,000원|사시미 고노와다_23,000원"|0507-1354-0139|서울 강남구 압구정로54길 14 지하 1층|단체석, 주차, 발렛파킹, 예약, 무선 인터넷, 남/녀 화장실 구분|22:30 라스트오더
디크루즈|"디크루즈 씨푸드 타워_85,000원|문어 스테이크_35,000원|소고기 타르타르_32,000원|그릴 새우_32,000원"|0507-1310-5570|서울 강남구 선릉로153길 12 2층|단체석, 주차, 발렛파킹, 예약, 무선 인터넷, 남/녀 화장실 구분|18:00 - 새벽 02:00
골드피쉬 딤섬퀴진|"가지볶음_18,000원|무떡볶음_14,000원|멘보샤_12,000원|다루면_12,000원"|0507-1345-5266|서울 강남구 압구정로48길 35 투구빌딩 2층|발렛파킹, 포장, 예약, 무선 인터넷, 남/녀 화장실 구분|11:30 - 21:30
엘피노323|"치킨엔칠라다와 살사베르데_17,500원|카르니타스 타코_9,900원|까르네 아사다 또르띠아 보울_17,500원"|0507-1408-6248|서울 강남구 강남대로 652 (신사스퀘어)205호|단체석, 포장, 배달, 무선 인터넷, 국민지원금|11:30 - 21:50
쿠라우니|"쿠라우니_6,500원|아메리카노_5,000원|카페라떼_5,500원|마리아쥬 홍차_7,000원"|02-512-2202|서울 강남구 강남대로156길 39|포장, 무선 인터넷, 남/녀 화장실 구분|11:00 - 21:00
목포집|"닭볶음탕(소)_25,000원|닭볶음탕(중)_35,000원|닭볶음탕(대)_45,000원|닭볶음탕(특대)_55,000원"|02-549-5119|서울 강남구 강남대로152길 24|포장, 무선 인터넷, 남/녀 화장실 구분, 제로페이, 국민지원금|11:30 - 22:00
PEACH|"Chestnut Latte_8,000원|(Dessert) 생크림케이크_9,000원|(Dessert) 흑임자 케이크_8,500원|(Brunch) 피치 브런치_26,000원"|070-8861-6708|서울 강남구 언주로168길 32 1층|단체석, 발렛파킹, 포장, 예약, 무선 인터넷|11:00 - 22:00
프레즈드로이|"Koleno_34,000원|Goulash_26,000원|Prazdroj pizza_19,000원|Crunch shrimp_17,000원"|02-515-7077|서울 강남구 강남대로156길 41|단체석, 주차, 발렛파킹, 포장, 배달, 예약, 무선 인터넷, 반려동물 동반, 남/녀 화장실 구분, 국민지원금|14:00 - 새벽 02:00
이치서울|"쑥 아이스크림_5,000원|고구마 푸딩_7,500원|구움 도너츠(ea)_3,500원|청 포장(ea)_12,000원"|070-0009-0009|서울 강남구 강남대로158길 21 2층|none|12:00 - 22:00
펠트커피 도산공원점|"에스프레소_4,500원|아메리카노_4,500원|카페라떼_5,000원|플랫화이트_5,000원"|070-7756-3145|서울 강남구 언주로164길 23|발렛파킹, 포장, 무선 인터넷, 반려동물 동반|11:00 - 21:00
네기다이닝라운지|"사시미 모리아와세(2인)_65,000원|이베리코카타로스 베요타_28,000원|토마토 스키야키 힌우차돌_35,000원|마구로타르타르_32,000원"|02-548-0807|서울 강남구 도산대로15길 18 4층 네기|none|18:00 - 24:00
제이앤제이슨 X|"Young, Wild & Free_21,000원|Boss B*tch_20,000원|16 Shots_21,000원|Hot Girl Summer_20,000원"|010-7430-7053|서울 강남구 도산대로49길 31 지하 1층|단체석, 예약, 남/녀 화장실 구분|21:00 - 새벽 05:00
빠레뜨한남 가로수길점|"빠레뜨 파스타_16,000원|오므라이스_13,000원|들기름 육회 파스타_16,000원|함박 스테이크_15,000원"|02-517-3457|서울 강남구 논현로153길 61 2층|none|11:30 - 20:30
고트델리 압구정|"잠봉뵈르_9,000원|올드스쿨파스트라미_9,000원|루벤_9,000원|고트피자_16,000원"|0507-1398-0816|서울 강남구 선릉로161길 17|발렛파킹, 포장, 국민지원금|11:30 - 21:00
우미학|"우미학 맡김차림 코스_110,000원|등심_45,000원|차돌박이 영양부추무침_25,000원|치즈구이_10,000원"|0507-1404-2213|서울 강남구 압구정로30길 51|단체석, 주차, 발렛파킹, 포장, 배달, 예약, 무선 인터넷, 남/녀 화장실 구분, 제로페이, 국민지원금|11:30 - 22:00
뮤즈온|뮤즈온 사워_15,000원|0507-1441-4541|서울 강남구 도산대로15길 32 2층|단체석, 주차, 예약, 무선 인터넷, 제로페이, 국민지원금|18:00 - 새벽 02:00
정돈프리미엄 신사점|"로스카츠 (220g)_18,000원|히레카츠 (220g)_19,000원|로스+히레 카츠_23,000원|상로스카츠 (270~280g)_24,000원"|0507-1322-0924|서울 강남구 강남대로160길 28|단체석, 발렛파킹, 포장, 배달, 무선 인터넷, 남/녀 화장실 구분, 국민지원금|11:30 - 22:00
선셋스위밍 샌드위치|"아메리카노_5,000원|라떼_5,800원|카푸치노_5,800원|바닐라 라떼_6,200원"|0507-1495-7677|서울 강남구 언주로170길 23 1층|발렛파킹, 포장, 무선 인터넷, 국민지원금|10:00 - 21:00
프레임|"오리 콩피_30,000원|포르치니 버섯 크림 파스타_22,000원|감자 도피누아즈_19,000원|제철 과일 샐러드_14,000원"|0507-1373-9731|서울 강남구 도산대로11길 32 2층|발렛파킹, 예약|16:00 - 23:00
노모어피자|"half & half pizza + side menu + 탄산음료_30,000원|chesse gopchang pizza_25,000원|signature cheese pizza_20,000원|super combination pizza_20,000원"|02-6080-3417|서울 강남구 언주로164길 34-2 1층|단체석, 포장, 배달, 예약, 무선 인터넷|12:00 - 22:00
타코앤칠리|"알파스톨타코×2_9,000원|소프트 타코_5,000원|부리또 볼_10,500원|부리또_9,500원"|0507-1406-1706|서울 강남구 압구정로2길 28 1층|none|11:30 - 21:00
스시츠바사|"런치오마카세_55,000원|디너오마카세_105,000원|콜키지_20,000원"|0507-1316-9198|서울 강남구 강남대로156길 31-4 1층|발렛파킹, 예약, 무선 인터넷, 제로페이, 국민지원금|12:00 - 22:00
플링크 압구정|"크루아상_4,000원|아몬드 크루아상_4,800원|아메리카노_5,000원|프렌치 꽈배기_4,200원"|02-540-0301|서울 강남구 언주로173길 23 1층|단체석, 주차, 포장, 배달, 무선 인터넷, 남/녀 화장실 구분|08:00 - 20:00
김북순큰남비집 신사본점|"목살김치찌개_9,000원|초란뚝배기탕_9,000원|목살듬뿍김치찌개_18,000원|해물 순두부찌개_9,000원"|02-543-9024|서울 강남구 압구정로2길 15 신사아이빌|포장, 남/녀 화장실 구분, 지역화폐(지류형), 지역화폐(카드형), 지역화폐(모바일형), 제로페이, 국민지원금|10:20 - 22:00
아우어베이커리 도산본점|"더티초코_4,800원|빨미까레_3,900원|바닐라더블_5,300원|그린티더블_5,300원"|02-545-5556|서울 강남구 도산대로45길 10-11 JYC2빌딩|발렛파킹, 포장, 무선 인터넷, 남/녀 화장실 구분|09:00 - 21:00
우시야 본점|"우시야코스A [1인]_99,000원|우시야코스B [1인]_79,000원|우시야코스C [1인]_59,000원"|010-9359-9667|서울 강남구 도산대로27길 16 1층 우시야|예약, 무선 인터넷, 국민지원금|17:00 - 23:00
Bowl Room|"보울룸 시그니쳐_12,000원|쉬림프타코_4,000원|피쉬타코_4,000원|또띠아 칩_1,500원"|0507-1351-0260|서울 강남구 압구정로42길 36|포장, 배달, 무선 인터넷, 남/녀 화장실 구분|11:00 - 20:30
신사 모소리|"모소리살_15,000원|가오리살_15,000원|가로막살_15,000원|껍데기_9,000원"|0507-1318-0542|서울 강남구 도산대로1길 24|주차, 발렛파킹, 포장, 배달, 예약, 무선 인터넷, 남/녀 화장실 구분, 국민지원금|17:00 - 23:00
천미미|"돼지고기 탕수육_28,000원|중화갈비_45,000원|새우완자닭봉(방방샤)_35,000원|가지튀김_38,000원"|02-540-7202|서울 강남구 강남대로152길 11|단체석, 발렛파킹, 포장, 예약, 남/녀 화장실 구분, 국민지원금|11:30 - 21:30
오엔|"T-bone Set (2인)_209,000원|Premium Set (2인)_139,000원|Couple set (2인)_119,000원|Mozza Gratin Chili Ttock Bok Ki_29,000원"|0507-1400-1582|서울 강남구 압구정로11길 37-30|none|none
이치에|"사시미모리아와세(모둠생선회)_59,000원|혼마구로_35,000원|아나고텐푸라(바다장어튀김)_30,000원|멘치카츠_25,000원"|070-4273-4087|서울 강남구 선릉로155길 23-3 2층|단체석, 주차, 발렛파킹, 예약, 무선 인터넷, 남/녀 화장실 구분|18:00 - 24:00
텔러스 9.5|"블랙 바닐라 밀크티_9,000원|유자 민트 에이드_9,000원|발로나 초코라떼_9,500원|바닐라라떼_8,500원"|02-542-2395|서울 강남구 도산대로 153|발렛파킹, 무선 인터넷|12:00 - 24:00
더플레이트디저트|"밀푀유 크루아상_3,800원|밀푀유슈_3,500원|명란 아보카도 크로아상_4,800원|레몬 복숭아 페이스트리_4,200원"|02-546-6056|서울 강남구 논현로 854 안다즈강남 B1 B101호|"가격표 사진을 올려주세요.
추가"|09:00 - 21:00
사브서울|"대왕문어 카르파쵸_16,000원|제주 아스파라거스_20,000원|새조개 링귀니_28,000원|덕자병어_34,000원"|02-512-4939|서울 강남구 논현로175길 6 B1F|none|18:00 - 24:00
신사숙녀|"베이컨치즈감자전_25,000원|닭다리살파채_23,000원|낙곱새_35,000원|김치찌개(돼지 or 꽁치)_25,000원"|0507-1347-1681|서울 강남구 강남대로152길 13 지상 1층|단체석, 주차, 발렛파킹, 예약, 남/녀 화장실 구분|11:30 - 새벽 03:00
어물전 청 도산공원점|"메뉴_변동|맡김차림_80,000원"|0507-1418-0488|서울 강남구 도산대로49길 16-7 1층, 2층|단체석, 무선 인터넷, 남/녀 화장실 구분|17:00 - 23:00
아가젤라또|"1인 젤라또(컵)_5,000원|포장(미듐)-세가지맛_20,000원|포장(라지)-네가지맛_26,000원"|0507-1398-2885|서울 강남구 논현로155길 11 1층|포장, 예약, 무선 인터넷, 반려동물 동반, 국민지원금|12:00 - 22:00
바빌리안테이블|"립아이 스테이크_59,400원|치즈 퐁듀 스테이크_43,000원|이베리코 스테이크_45,000원|로제 치킨 스튜_45,000원"|02-540-3305|서울 강남구 압구정로46길 5-2|none|none
핀치브런치바|"시즈널 브런치_변동|고수타르트_변동|얼그레이 초콜릿 밀페유_변동|내추럴와인_변동"|0507-1390-0526|서울 강남구 압구정로4길 19|단체석, 예약, 반려동물 동반|11:30 - 22:00
더페이머스버거 신사점|"페이머스버거-싱글_8,000원|페이머스버거-더블_11,000원|로얄그린버거_10,500원"|02-6012-0811|서울 강남구 도산대로 113 1층|포장, 배달|11:30 - 21:30
대봉집 신사본점|"삼겹살_14,000원|수제 껍데기_10,000원|대봉불고기_12,000원|돼지매운탕 소_18,000원"|0507-1310-0155|서울 강남구 압구정로2길 57 1층 대봉집|단체석, 예약, 무선 인터넷, 남/녀 화장실 구분, 제로페이, 국민지원금|16:00 - 24:00
랜디스도넛 가로수길점|"Classic_2,200원|Deluxe_2,500원|Fancy_2,900원|Premium_3,300~3,500"|0507-1410-3255|서울 강남구 도산대로15길 16|none|none
당옥|"밤 몽실타래_15,000원|말차딸기 몽실타래_15,000원|와케이크 모음4구(예약)_12,000원|카츠샌드 (예약권장)_10,000원"|0507-1379-1276|서울 강남구 강남대로162길 22 1층|포장, 국민지원금|11:30 - 21:00
뮤지드아트|"앙콩트파리 브라운_5,500원|앙콩트파리 화이트_5,500원|에스프레소 프로폰도_6,000원|자몽 크로플_6,500원"|0507-1333-5548|서울 강남구 압구정로2길 46 강남상가 2층 209-1호|포장, 배달, 무선 인터넷, 남/녀 화장실 구분|10:30 - 21:30
UPPERWEST|"어퍼웨스트 콘비프 해쉬_24,000원|트러플 만조 크림 페투치니_28,000원|채끝스테이크와 포르치니 크림리조또_38,000원|어퍼웨스트 브렉퍼스트_19,000원"|02-547-7792|서울 강남구 도산대로15길 25|발렛파킹, 포장, 예약, 무선 인터넷, 반려동물 동반, 남/녀 화장실 구분|11:30 - 22:00
카페 아뮈제 도산|"라비앙로즈_8,000원|베르베르_8,000원|두부_9,000원|생토노레_9,000원"|070-5175-0070|서울 강남구 압구정로46길 55 1층|단체석, 발렛파킹, 포장, 배달, 무선 인터넷, 남/녀 화장실 구분, 제로페이|10:00 - 22:00
우돈청|"제주오겹살_20,000원|목항정살_28,000원|생삼겹살_18,000원|가브리살_20,000원"|0507-1369-5055|서울 강남구 언주로170길 37|단체석, 주차, 발렛파킹, 포장, 예약, 무선 인터넷, 남/녀 화장실 구분, 제로페이, 국민지원금|16:00 - 새벽 01:00
플르서라구뜨|"오믈렛_18,000원|오일파스타_20,000원|토마토스파게티_21,000원|크림스파게티_20,000원"|0507-1443-1504|서울 강남구 압구정로46길 23 Fleurs sur la route|none|none
리마크스|"Brioche French Toast_19,000원|Hamburg Steak_28,000원|Omurice_24,000원|Monte Cristo_18,000원"|02-6925-3129|서울 강남구 언주로168길 6 1층|단체석, 주차, 발렛파킹, 무선 인터넷, 남/녀 화장실 구분|08:30 - 18:00
스몰디쉬빅쇼|"매콤 오이 샐러드_6,500원|어향가지_18,000원|목이버섯 샐러드_7,000원|베이컨 숙주 볶음_8,000원"|0507-1340-3996|서울 강남구 강남대로162길 41-20 1층|포장, 배달, 무선 인터넷, 남/녀 화장실 구분|점심 12:00 - 15:00
시추안하우스 압구정점|"마라 곱창 전골_50,000원|해산물 마라 샹궈_42,000원|마라 소고기 전골_42,000원|라즈지 (순살)_33,000원"|02-511-1162|서울 강남구 논현로 854 안다즈 호텔 지하 1층|단체석, 주차, 발렛파킹, 포장, 예약, 남/녀 화장실 구분, 장애인 편의시설|11:30 - 22:00
에이커스|"클래식 치킨 시저_10,500원|멕시칸_13,500원|보그_13,500원|스파이시555_11,500원"|02-545-7588|서울 강남구 도산대로17길 30 에이커스|단체석, 발렛파킹, 포장, 배달, 무선 인터넷, 반려동물 동반, 남/녀 화장실 구분|11:00 - 22:00
잠수교집 5호점|"생삼겹살 1인분(160g)_15,000원|급랭삼겹살 1인분(160g)_15,000원|시골청국장_8,500원|얼큰순두부_8,500원"|02-543-0434|서울 강남구 언주로153길 14|국민지원금|11:30 - 22:00
청수당갤러리|"오리지날수플레카스텔라(600g)_16,000원|딸기수플레카스텔라(600g)_18,000원|스톤드립계란커피_7,300원|스톤드립커피(original)_5,800원"|0507-1372-0620|서울 강남구 도산대로15길 32-4 1층|국민지원금|11:30 - 22:00
식물학|"오렌지 블라썸_6,500원|베르가못 아이스티_6,000원|메리골드_6,500원|차이티 라떼_6,500원"|070-4118-4010|서울 강남구 강남대로154길 33 1층 카페 식물학|단체석, 포장, 배달, 무선 인터넷, 반려동물 동반, 남/녀 화장실 구분, 국민지원금|10:00 - 22:00
카페 마당|"클럽샌드위치_28,500원|수제버거_29,500원|크림소스와 구운 가리비 스파게티_32,000원|마당 티라미수_17,500원"|02-546-3643|서울 강남구 도산대로45길 7 에르메스도산파크|단체석|11:00 - 19:00
파시0914|레지나 마르게리따_22,000원|02-2056-0917|서울 강남구 도산대로45길 15 지하 1층|발렛파킹|11:00 - 22:00
미우|"꽃등심 1인분_47,000원|채끝등심 1인분_47,000원|살치살_47,000원|특수부위 (안창,토시살,제비츄리)_54,000원"|02-544-7775|서울 강남구 압구정로 113-22 지하일층 미우|단체석, 주차, 예약, 남/녀 화장실 구분|17:00 - 21:00
을지다락 가로수길|"다락오므라이스_14,000원|매콤크림파스타_17,000원|가츠산도_12,000원|찹목살스테이크_20,000원"|0507-1437-9034|서울 강남구 압구정로10길 29 신성빌딩 2층|단체석, 포장, 배달, 예약, 무선 인터넷, 제로페이|11:30 - 21:10
형훈 텐동|"형훈 텐동_9,800원|스페셜 텐동_14,800원|에비동_12,000원|장어 텐동_12,800원"|0507-1385-3404|서울 강남구 압구정로46길 75 2층|포장, 무선 인터넷|11:30 - 21:00
심양 청담본점|"데리야끼 양꼬치_15,000원|꿔바로우_20,000원|오리지널 양꼬치_15,000원|모듬꼬치_40,000원"|02-545-9211|서울 강남구 선릉로161길 21 1층, 심양 청담본점|발렛파킹, 예약, 국민지원금|17:30 - 새벽 02:00
나따오비까 신사점|"에그타르트 클래식_2,800원|호두 타르트_2,800원|크림치즈 타르트_2,800원|카카오초코 타르트_2,800원"|0507-1400-8618|서울 강남구 압구정로2길 37|국민지원금|10:00 - 22:30
스시선수|"점심 스시세트_65,000원|점심 사시미세트_65,000원|점심 지라시스시세트_65,000원|점심 도미조림_65,000원"|02-514-0812|서울 강남구 도산대로45길 6 호림아트센터 2빌딩|단체석, 주차, 포장, 예약, 무선 인터넷, 남/녀 화장실 구분|10:00 - 22:00
딩딤1968|"하가우_7,500원|시우마이_7,500원|초이가우_7,500원|샤오롱바오_8,000원"|02-517-1968|서울 강남구 강남대로160길 27|포장, 무선 인터넷, 지역화폐(모바일형), 제로페이, 국민지원금|11:00 - 22:00
크라운돼지|"티돈스테이크 세트(640g)_57,000원|돈마호크 세트(550g)_57,000원|쫄데기살(120g)_13,000원|오겹살(160g)_17,000원"|0507-1489-5700|서울 강남구 강남대로156길 17-1|단체석, 주차, 포장, 배달, 무선 인터넷, 남/녀 화장실 구분|16:00 - 22:30
미분당 신사점|"차돌양지힘줄 쌀국수_10,500원|차돌박이 쌀국수_8,500원|양지 쌀국수_9,500원|차돌양지 쌀국수_10,000원"|0507-1326-3607|서울 강남구 도산대로1길 18 1층|포장, 배달, 무선 인터넷, 남/녀 화장실 구분, 지역화폐(모바일형), 제로페이, 국민지원금|11:00 - 21:00
미드타운|"LUNCH_변동|DINNER_변동|ALCOHOL_변동|DRINKS_변동"|02-540-5240|서울 강남구 도산대로11길 40|단체석, 발렛파킹, 포장, 배달, 예약, 무선 인터넷, 남/녀 화장실 구분|11:30 - 새벽 01:00
솔솥 청담점|"스테이크솥밥_15,000원|도미관자솥밥_15,000원|전복솥밥_15,000원|장어솥밥_24,000원"|02-518-6806|서울 강남구 도산대로53길 16|https://solsot0.modoo.at/|11:30 - 21:00
플디 도산점|"미니케이크_35,000원|Ttalgi ttalgi_10,000원|Remington_9,900원|Cookie plate(쿠키플레이트)_21,000원"|0507-1326-6341|서울 강남구 압구정로42길 24-5 로비스빌딩 4층|단체석, 포장, 제로페이, 국민지원금|12:00 - 22:00
양철지붕|"닭떡볶이_19,000원|치즈해물떡볶이_20,000원|치즈통감자_18,000원|닭똥집통마늘구이_18,000원"|0507-1404-2833|서울 강남구 도산대로17길 4|국민지원금|17:00 - 새벽 04:00
고반식당 가로수길점|"숙성 생삼겹살 160g_15,000원|돈치맛살 130g_16,000원|고반 한마리세트 670g_65,000원|숙성 생목살 160g_15,000원"|0507-1405-5888|서울 강남구 강남대로156길 34|단체석, 발렛파킹, 예약, 무선 인터넷, 국민지원금|14:00 - 23:00
디저트로이|벨기에 와플_3,500원|0507-1428-8620|서울 강남구 압구정로42길 30 101,102호|포장, 무선 인터넷|09:00 - 22:00
스시 이토|"런치 오마카세 1인_100,000원|디너 오마카세 1인_200,000원"|02-543-2425|서울 강남구 선릉로153길 22 JLJ빌딩 4층|none|none
카페 노티드 신사 옐로우바스켓 팝업|아메리카노_4,000원|0507-1448-9377|서울 강남구 압구정로10길 30-1 지하1층|발렛파킹, 포장, 무선 인터넷|12:00 - 21:00
소각|"SOGAK마라탕_16,000원|SOGAK마라샹궈(소)_25,000원|가지탕수_17,000원|꿔빠로우 소_16,000원"|02-512-9929|서울 강남구 강남대로160길 17 1층|none|none
Poke all day 포케&샐러드 신사점|"현미밥 포케_11,900원|메밀면 포케_11,900원|단호박 크림 스프_4,500원|야채만 포케_11,900원"|0507-1334-0708|서울 강남구 도산대로17길 11 지상 1층|단체석, 주차, 발렛파킹, 포장, 배달, 무선 인터넷, 남/녀 화장실 구분, 국민지원금|10:30 - 20:30
쉐이크쉑 청담점|"쉑버거_7,300원|프라이_4,100원|쉐이크_6,200원|스모크쉑_9,300원"|02-510-5217|서울 강남구 도산대로 327 (신사동) 1층|"전지적참견시점 162회, 21.07.17.
2021년 7월 17일
 햄버거
펼쳐보기"|10:30 - 23:00
볼피노|"트러플 아란치니_19,000원|고등어 파스타_29,000원|새우소시지 오징어먹물 펜네 파스타_28,000원|우니파스타_33,000원"|010-2249-1571|서울 강남구 도산대로45길 10-7 신사동 K빌딩|none|12:00 - 22:30
씨네드쉐프 압구정|"LUNCH 4courses_60,000원|DINNER 8 Courses_140,000원|LUNCH 3courses_53,000원|LUNCH 2courses_45,000원"|0507-1337-0541|서울 강남구 압구정로30길 45 CGV신관 지하5층|단체석, 발렛파킹, 예약|11:30 - 21:00
닭으로가 압구정본점|"닭갈비_15,000원|고추장닭갈비_15,000원|불고기양념닭갈비_15,000원|쟁반막국수_18,000원"|050-4458-4404|서울 강남구 언주로172길 55|none|none
식물성 도산|"식물성 화이트_7,000원|식물성 블랙_7,000원|아메리카노_5,000원|아인슈페너_7,000원"|0507-1432-1178|서울 강남구 압구정로42길 54 1층|발렛파킹, 포장, 무선 인터넷|11:00 - 22:00
소적두 압구정점|"소적두팥빙수_8,000원|가마솥단팥죽_7,000원|도라지찹쌀떡_1,800원|쑥찹쌀떡_1,800원"|0507-1309-4433|서울 강남구 압구정로46길 5-2 원일빌딩 1층|단체석, 주차, 포장, 배달, 무선 인터넷, 반려동물 동반, 남/녀 화장실 구분|10:30 - 22:30
스시사카우|"런치 스시오마카세_60,000원|디너 스시오마카세_99,000원"|0507-1330-2554|서울 강남구 언주로153길 10-6 지하 1층|예약, 무선 인터넷, 남/녀 화장실 구분|12:00 - 21:00
서울러|"고수 크림 스파게티니_21,000원|감바스 알 아히요_22,000원|Wine_변동|화이트 라구 소스 파스타_23,000원"|0507-1333-6199|서울 강남구 강남대로152길 69|단체석, 주차, 발렛파킹, 예약, 무선 인터넷, 남/녀 화장실 구분, 제로페이, 국민지원금|18:00 - 새벽 01:00
뻐꾸기 본점|"통마늘 닭똥집_18,000원|낙지 떡볶이_19,000원|양곱창볶음_19,000원|먹태구이_14,000원"|02-512-6798|서울 강남구 도산대로17길 4|주차, 국민지원금|17:00 - 새벽 04:30
더 키친 일뽀르노 청담점|"디오씨 클라시카_21,600원|마르게리타 피자_17,600원|디아볼라 피자_20,000원|삐끼 피자_20,000원"|02-3447-0071|서울 강남구 언주로164길 29|단체석, 발렛파킹, 포장, 배달, 예약, 무선 인터넷, 남/녀 화장실 구분|21:00 라스트오더
사이|"사시미모리와세_59,000원|트러플가리비관자우니_28,000원|우니이꾸라참치폭탄마끼_45,000원|눈꽃크림새우_23,000원"|0507-1331-4242|서울 강남구 압구정로2길 35|주차, 발렛파킹, 포장, 배달, 예약, 무선 인터넷, 국민지원금|17:00 - 24:00
더페이머스버거 압구정점|"램버거_11,800원|페이머스버거-싱글_7,900원|페이머스버거-더블_11,300원|오리지널치즈버거-싱글_7,300원"|070-7705-9200|서울 강남구 압구정로48길 35|포장, 배달, 남/녀 화장실 구분, 제로페이|11:30 - 21:00
홍미닭발 신사본점|"통닭발_15,000원|무뼈닭발_18,000원|국물닭발_21,000원|오돌뼈_15,000원"|02-545-2119|서울 강남구 도산대로1길 6 1층 홍미닭발|단체석, 주차, 발렛파킹, 포장, 배달, 예약, 무선 인터넷, 남/녀 화장실 구분, 지역화폐(카드형), 지역화폐(모바일형)|12:00 - 새벽 03:30
르알래스카 가로수길 본점|"알래스카 아이스 아메리카노_5,800원|알래스카 자몽 주스_7,000원|고메이 샌드위치_8,800원|바게트_6,400원"|02-546-5872|서울 강남구 압구정로14길 15|단체석, 주차, 발렛파킹, 포장, 예약, 무선 인터넷, 제로페이|09:00 - 21:30
오르비에토|"토마토 모짜렐라 샐러드_12,000원|엔초비 갈릭 오일 파스타_15,000원|봉골레 파스타_16,000원|새우 관자 오일 파스타_18,000원"|02-511-7372|서울 강남구 도산대로19길 20 103호|정보 수정 제안하기|none
한일관 압구정점|"새 상차림_38,000원|불고기 상차림_35,000원|불고기1939_33,000원|전통 갈비탕_19,000원"|1577-9963|서울 강남구 압구정로38길 14|none|none
우텐더|"한우1++ 특안심 150g_70,000원|우텐더카츠샌드_63,000원|한우1++ 안심 150g_63,000원|한우1++ 채끝 150g_68,000원"|0507-1419-8588|서울 강남구 압구정로42길 25-10 1층 2층|none|none
카페그라쎄|"아보카도 에그 베네딕트_19,000원|봉골레 파스타_24,000원|아보카도 타르틴_17,000원|문어샐러드_32,000원"|02-542-3446|서울 강남구 도산대로17길 19 온암빌딩 1층|단체석, 주차, 발렛파킹, 포장, 예약, 무선 인터넷, 남/녀 화장실 구분|11:00 - 22:00
윌비 가로수길점|"윌비 커피_5,000원|허니호두크림치즈 스콘_4,600원|클로티드크림 라즈베리 스콘_4,300원|블루베리 바스크 스콘_4,300원"|0507-1492-0225|서울 강남구 강남대로158길 26 M스페이스빌딩 1층 101호|포장, 배달, 예약, 무선 인터넷, 반려동물 동반, 남/녀 화장실 구분, 국민지원금|08:00 - 22:00
바랗|"바다물곰탕_30,000원|명품모둠물회_35,000원|게살비빔밥_25,000원|성게비빔밥_25,000원"|0507-1442-8892|서울 강남구 도산대로 309 삼공빌딩|none|none
모던오뎅|"아보카도 스미소_9,000원|토마토 네기소스_9,000원|방방지_15,000원|다시마키_9,000원"|02-543-0809|서울 강남구 도산대로17길 10 1층 모던오뎅|예약, 무선 인터넷|18:00 - 24:00
Ginos NY Pizza 압구정점|"반반 피자_변동|지노스 윙_11,000원|라자냐_19,000원|Appetizers_변동"|0507-1422-2234|서울 강남구 선릉로155길 15 1층 지노스피자|none|none
구들|"구들주안상_79,000원|삼합육회_21,000원|가리비관자전_22,000원|전복전_7,000원"|0507-1485-1592|서울 강남구 선릉로155길 26 3층|주차, 발렛파킹, 예약, 무선 인터넷, 남/녀 화장실 구분|17:30 - 23:00
온천집 스키야키|"온천집 스키야키 코스(한우2+)_78,000원|온천집 스키야키 코스(프라임)_58,000원|된장 샤브샤브(프라임)_28,000원|커리 샤브샤브(프라임)_28,000원"|0507-1353-7834|서울 강남구 압구정로42길 43 온천집 스키야키|none|none
스페인클럽 가로수본점|"Paella De Mariscos 빠에야_36,500원|Jamon Iberico Bellota De Jabugo_35,000원|Calamares Fritos Con Tinta 오징어튀김_13,000원|Gambas Al Ajillo 마늘새우냄비요리_14,500원"|0507-1496-1191|서울 강남구 압구정로10길 26|단체석, 주차, 발렛파킹, 포장, 배달, 예약, 반려동물 동반, 남/녀 화장실 구분, 제로페이, 국민지원금|12:00 - 23:00
맥파이앤타이거 신사티룸|"Single Origin Tea_변동|계절의 플레이트_15,000원|Tea Variation_변동"|0507-1352-4023|서울 강남구 논현로153길 44 클레어스서울 2F 맥파이앤타이거 신사티룸|포장, 예약, 무선 인터넷, 남/녀 화장실 구분|13:00 - 20:30
트라가 가로수길점|"트라가세트(2인)_69,000원|트라가프리미엄세트(3~4인)_129,000원|트라가 빠에야_30,000원|치킨 빠에야_34,000원"|0507-1352-3523|서울 강남구 압구정로2길 18|none|none
678치킨앤버거 압구정점|고추레전드버거_7,900원|0507-1368-6780|서울 강남구 선릉로 815 1층 2호|주차, 포장, 배달, 무선 인터넷, 남/녀 화장실 구분|10:30 - 24:00
장 스테이크|"런치 스테이크 코스_58,000원|한우 테이스팅 코스_80,000원|와인 콜키지 (1glass)_5,000원"|0507-1401-9621|서울 강남구 압구정로 314 5층|단체석, 발렛파킹, 예약, 무선 인터넷, 남/녀 화장실 구분|12:00 - 22:00
꿍탈레|"똠양쌀국수 / ???????????????????_12,000원|팟타이 / ?????????_12,000원|팟끄라파오무쌉 /????????????????????_12,000원|소고기쌀국수/ ???????????????_12,000원"|0507-1341-5358|서울 강남구 압구정로10길 14 2층|none|none
베이커리 앤 커피 by 쿤달 압구정로데오 플래그쉽스토어|아메리카노_4,900원|070-4647-0450|서울 강남구 도산대로53길 39 1층|단체석, 발렛파킹, 포장, 배달, 무선 인터넷, 남/녀 화장실 구분|10:30 - 22:00
메종 사우스케이프|"남해 전복 해초 물회_38,000원|남해 전복 리조또_38,000원|남해 유자에이드_12,000원|남해 제철 샐러드_15,000원"|02-6205-6701|서울 강남구 도산대로45길 17 메종 사우스케이프 2층|none|none
고급오복수산|"모듬 사시미 中_75,000원|우니 도로 이쿠라 관자 에비_55,000원|카이센동_25,000원|우니 이쿠라 카니 카이센동_39,000원"|0507-1399-9955|서울 강남구 논현로 854 안다즈호텔 지하1층|none|none
휴고 도산|"부라타 샐러드_17,000원|휴고’s 오픈 샌드위치_12,000원|한치&케이퍼 오일 파스타_24,000원|트러플 포르치니 파스타_34,000원"|0507-1329-7166|서울 강남구 도산대로49길 31 106호|단체석, 발렛파킹, 포장, 배달, 예약, 무선 인터넷, 반려동물 동반, 남/녀 화장실 구분, 국민지원금|12:00 - 23:00
목탄장 도산점|마구로타르타르, 시그니쳐솥밥_변동|070-4647-2889|서울 강남구 선릉로157길 23-4 1층|단체석, 주차, 예약, 무선 인터넷, 남/녀 화장실 구분, 국민지원금|16:00 - 새벽 01:00
안주집|"속을 가득 채운 돌돌 김치전 롤_17,000원|안주집파스타_18,000원|수제김말이가 올라간 매콤한 해물떡볶이_18,000원|먹태와 땅콩_13,000원"|0507-1339-5357|서울 강남구 도산대로11길 34 지하1층|단체석, 발렛파킹, 예약, 무선 인터넷, 남/녀 화장실 구분|16:00 - 새벽 02:00
송쉐프|"난자완스_42,000원|게살볶음_65,000원|옛날볶음밥+프라이_10,000원|옛날짬뽕(밥)_10,000원"|02-546-1178|서울 강남구 도산대로1길 40|none|none
골뱅이신사|"생골뱅이탕_38,000원|피문어통숙회(大)_69,000원|꼬막한판_30,000원|골뱅이한판_49,000원"|02-549-5677|서울 강남구 강남대로156길 32|단체석, 주차, 발렛파킹, 포장, 배달, 예약, 무선 인터넷|16:30 - 새벽 04:30
도레도레 신사점|"아메리카노_5,000원|소중해케이크(홀)_76,000원|진득해케이크(홀)_72,000원|콩고물고물해(조각)_9,500원"|02-540-4553|서울 강남구 도산대로15길 40|발렛파킹, 포장, 무선 인터넷, 남/녀 화장실 구분, 국민지원금|11:00 - 23:00
신사시장 떡볶이집|"라면_4,000원|잔치국수_4,000원|떡볶이_4,500원|순대_4,000원"|none|서울 강남구 압구정로29길 72-1 신사상가|none|10:00 - 17:00
마담타이 신사점|"마담 팟타이_13,000원|마담 팟씨유_13,000원|마담삼겹 공심채볶음_16,800원|팟 끄라파우 무쌉(돼지고기바질볶음)_13,000원"|02-549-7727|서울 강남구 논현로151길 55 호경빌딩 2F|단체석, 발렛파킹, 포장, 배달, 예약, 무선 인터넷, 남/녀 화장실 구분|11:30 - 21:30
쇼토|"초코바나나 쇼토_8,200원|레몬로브_3,800원|딸기 쇼토_변동|샤인머스켓 쇼토_변동"|0507-1324-3625|서울 강남구 압구정로18길 14-6 1층|주차, 포장, 무선 인터넷|12:00 - 21:00
지구당 신사점|"규동_6,500원|텐동_6,800원|카레라이스_5,800원|카츠카레_7,800원"|02-542-3817|서울 강남구 압구정로14길 32|포장, 무선 인터넷, 국민지원금|11:30 - 20:30
카페드로우지|"파리브런치&카페_22,000원|트러플 뇨끼_22,000원|폴드포크 샌드위치_16,000원|바질 카펠리니_18,000원"|0507-1368-0898|서울 강남구 언주로170길 37 4층, 5층 루프탑|"https://instagram.com/cafedrowsy
웹사이트"|10:00 - 21:00
스미비부타동 압구정점|스미비부타동_12,000원|0507-1403-5011|서울 강남구 논현로159길 10 104호|발렛파킹, 포장, 배달, 남/녀 화장실 구분|11:30 - 21:00
ebt|"트러플 감자 테린_17,000원|자연산 홍새우&매콤한 오일소스_28,000원|이베리코 뼈등심 스테이크_38,000원|고수 오일 관자 세비체_17,000원"|0507-1305-4100|서울 강남구 논현로157길 55|none|none
변두리비스트로|"봉골레술찜_22,000원|++부채살&트러플소스_35,000원|문어숙회&로메스코소스_18,000원|모찌리도후_9,000원"|0507-1409-5969|서울 강남구 도산대로1길 36|주차, 발렛파킹, 예약, 무선 인터넷, 남/녀 화장실 구분, 국민지원금|17:00 - 24:00
스구식탁 가로수길점|"소고기 야채 샤브샤브 + 사이드 택1_13,900원|소고기 상추쌈 샤브샤브_14,500원|소고기 새우 샤브샤브_15,900원"|0507-1325-4478|서울 강남구 도산대로11길 28 1층 101호|포장, 무선 인터넷, 국민지원금|11:30 - 22:00
소나|"로제 썸머 프루츠 케이크_18,000원|레몬 Lemon_18,000원|3코스 디저트와 음료세트_28,000원|쁘띠푸와 음료 세트_28,000원"|0507-1345-3246|서울 강남구 강남대로162길 40 2층 SONA|발렛파킹, 무선 인터넷, 제로페이|12:30 - 22:00
호화반점|"탕수육_21,000원|찹쌀탕수육_23,000원|깐풍중새우 중_35,000원|크림중새우 소_25,000원"|02-543-8543|서울 강남구 선릉로161길 5 1-2층|none|12:00 - 21:00
마치래빗 샐러드 신사동가로수길본점|"마치래빗_ March rabbit salad_10,400원|스도_ Stamina rice bowl_11,400원|콥_ Cobb_15,500원|해피비건_ Happy vegan_14,000원"|0507-1411-4514|서울 강남구 논현로153길 45|단체석, 주차, 포장, 무선 인터넷, 남/녀 화장실 구분, 국민지원금|11:00 - 21:00
봄의정원 가로수길점|"음식_13,000원|볼로네제 라구 파스타_12,000원|와인_25,000원|치킨 찹 스테이크_14,000원"|0507-1371-7337|서울 강남구 압구정로2길 58 지하 1층|단체석, 예약|11:00 - 22:00
금별맥주 강남신사점|"사모님!감바스 (feat.명란,파스타면)_14,900원|새콤달콤 사과골뱅이(feat.쇼좌빙)_14,900원|칼칼 스키야키 나베_17,900원|치즈 듬뿍 멘보샤_7,900원"|02-512-8988|서울 강남구 압구정로2길 49 1층|단체석, 포장, 무선 인터넷, 남/녀 화장실 구분, 제로페이, 국민지원금|11:00 - 새벽 02:00
우모크|"디너한우오마카세(카운터)_95,000원|디너한우오마카세(ROOM)_180,000원"|010-9632-0070|서울 강남구 언주로170길 22 지하 2층|none|17:00 - 21:20
매덕스피자 신사점|"맥앤치즈피자(조각)_7,600원|맥앤치즈피자(한판)_55,000원|마르게리타피자(조각)_7,400원|마르게리타피자(한판)_53,000원"|02-542-2420|서울 강남구 도산대로15길 11 1층|단체석, 주차, 발렛파킹, 포장, 배달, 무선 인터넷|11:30 - 22:00
두레국수 본점|"두레국수_10,000원|비빔국수_10,000원|비빔밥_10,000원|곱창전골_19,000원"|02-3444-1421|서울 강남구 도산대로37길 28|주차|10:30 - 21:00
0000 seoul|Omakase_98,000원|0507-1422-7898|서울 강남구 강남대로156길 8 2층|none|10:00 - 22:00
샤오당쟈마라탕 신사본점|"마라탕(탕요리)(대)_18,900원|마라탕(탕요리)(소)_11,900원|꿔바로우(대)_16,900원|꿔바로우(소)_10,900원"|0507-1427-6010|서울 강남구 강남대로152길 30 2층|단체석, 포장, 배달, 예약, 무선 인터넷, 남/녀 화장실 구분, 제로페이, 국민지원금|11:00 - 21:20
잇샐러드 압구정점|"energizer_14,900원|stress release_14,900원|refresh_13,900원|rice salad_12,900원"|0507-1471-0185|서울 강남구 논현로151길 19|포장, 배달, 무선 인터넷|11:00 - 21:00
추풍령칼삼겹살 압구정점|"칼생삼겹살_15,000원|김치찌개_8,000원|꽃게새우된장찌개_5,000원|물냉면_8,000원"|0507-1307-0090|서울 강남구 도산대로51길 41 1층|발렛파킹, 포장, 무선 인터넷, 남/녀 화장실 구분, 제로페이, 국민지원금|17:00 - 23:00
미아전|"오징어부추전_18,000원|육전_29,000원"|0507-1306-1641|서울 강남구 언주로164길 34-1 1층|단체석, 발렛파킹, 예약|17:00 - 24:00
블루보틀 압구정 카페|"지브랄타_5,900원|블렌드 (드립)_5,400원|싱글 오리진 (드립)_6,500원|뉴 올리언스_6,200원"|0507-1385-6998|서울 강남구 논현로 854 101호, 201호|"https://www.bluebottlecoffeekorea.com/
인스타그램"|08:00 - 20:00
퀸즈블러바드 압구정점|"Queens Set_29,900~31,900|캘리포니아부리또_13,900원|까르네아사다 프렌치프라이_16,900원|새우타코_10,500원"|0507-1489-1611|서울 강남구 압구정로42길 24-5 1층|포장, 배달, 무선 인터넷, 제로페이, 국민지원금|11:00 - 21:30
카페 키츠네 서울|"에스프레소 더블 샷_4,000원|아메리카노_5,500원|카푸치노_6,000원|플랫 화이트_6,000원"|02-540-5559|서울 강남구 가로수길 23 1층|none|11:00 - 21:00
마제스티 타바론 티 라운지|Tea_12,000원|02-510-5800|서울 강남구 도산대로 327 16층|단체석, 주차, 발렛파킹, 예약, 무선 인터넷, 남/녀 화장실 구분|11:30 - 22:00
도슬박|"바다 담다_43,000원|장어와 계란_26,000원|항정 강정_17,000원|두부떡갈비_14,000원"|0507-1498-1171|서울 강남구 압구정로42길 25-3 1층|포장, 남/녀 화장실 구분|11:30 - 22:00
하이볼가든|"오늘의 하이볼_15,000원|시그니처하이볼_15,000원|레어치즈케이크_6,000원|블루치즈 딥&크래커_15,000원"|0507-1331-4636|서울 강남구 논현로161길 39|단체석, 주차, 예약, 무선 인터넷|15:30 - 새벽 01:00
세컨디포레스트 가로수길점|"들깨크림파스타_14,000원|오이스터치킨쉬림프리조또_17,000원|청양크림파스타_14,000원|상하이파스타_14,000원"|0507-1377-0978|서울 강남구 강남대로162길 32 나라빌딩 1동 1층|발렛파킹, 포장, 배달, 무선 인터넷, 제로페이, 국민지원금|11:30 - 20:30
37.5 시그니처 가로수길|"명란오일파스타_17,900원|채끝등심 스테이크_35,000원|안심 스테이크_33,000원|정통 미국식 브런치_17,900원"|02-511-3705|서울 강남구 가로수길 31-3 3,4층|발렛파킹, 포장, 제로페이|10:30 - 22:00
카페캠프통|커피_변동|0507-1496-0369|서울 강남구 압구정로42길 27 카페캠프통|단체석, 주차, 발렛파킹, 포장, 예약, 무선 인터넷, 남/녀 화장실 구분|11:00 - 20:00
이속우화천공|한우 맡김차림_69,500원|0507-1440-7808|서울 강남구 논현로 857 6층|주차, 발렛파킹, 예약, 무선 인터넷, 남/녀 화장실 구분|17:30 - 21:00
세인트그릴|"치즈버거_8,500원|치즈 버거 세트_13,800원|슈프림 올스타 세트_15,500원|슈프림 올스타_10,500원"|0507-1348-5508|서울 강남구 논현로175길 63|none|none
있을 재|"주말런치코스_78,000원|주말디너코스_135,000원|바삭한 감자 뇨끼_29,000원|따야린_32,000원"|02-547-0606|서울 강남구 언주로168길 19 1층|발렛파킹, 포장, 배달, 예약, 남/녀 화장실 구분|12:00 - 22:30
배스킨라빈스 BROWN청담점|"하프갤론_29,000원|쿼터_17,000원|파인트_8,900원|패밀리_24,000원"|0507-1443-1205|서울 강남구 도산대로 327|주차|09:00 - 23:00
포티데이즈|"40버거_8,600원|치즈버거_7,600원|페퍼버거_8,900원|갈릭버거_8,900원"|0507-1323-1501|서울 강남구 강남대로158길 16 1층|단체석, 주차, 포장, 배달, 예약, 무선 인터넷, 제로페이, 국민지원금|11:00 - 22:00
압구정면옥|"평양냉면_13,000원|압구정 손만두 한접시(6pcs)_10,000원|한우 어복쟁반_65,000원|평양냉면 프리미엄_15,000원"|02-516-3016|서울 강남구 압구정로30길 16|단체석, 주차, 발렛파킹, 포장, 배달, 예약, 무선 인터넷, 남/녀 화장실 구분, 국민지원금|11:00 - 21:30
이코복스커피 가로수길점|"아메리카노_5,300원|카푸치노_5,900원|카페라떼 / 바닐라라떼_5,900원|카페모카_6,500원"|02-545-2010|서울 강남구 압구정로10길 37|국민지원금|09:00 - 22:00
하바나선셋|"De Pulpo Taco_8,000원|Al Pastor Taco_6,000원|De Gambad Taco_7,000원|코로나리타_20,000원"|0507-1419-4030|서울 강남구 선릉로157길 23-4 4층|단체석, 예약, 무선 인터넷, 남/녀 화장실 구분|17:00 - 새벽 01:00
달맞이 신사점|"참돔 + 대광어 초승달_63,000원|달맞이 숙성회 초승달_48,000원|참돔 + 대방어_60,000원|달맞이숙성회 반달_62,000원"|010-4849-1081|서울 강남구 강남대로154길 21|단체석, 주차, 포장, 배달, 예약, 무선 인터넷, 남/녀 화장실 구분, 국민지원금|17:00 - 새벽 02:00
르 사이트|"아메리카노_4,500원|카페라떼_5,000원|바닐라 까눌레_2,500원|버터리 레몬 마들렌_3,000원"|0507-1320-0343|서울 강남구 도산대로11길 22|단체석, 포장, 무선 인터넷, 남/녀 화장실 구분, 장애인 편의시설|09:30 - 22:00
사토시|오마카세_변동|0507-1398-0553|서울 강남구 언주로170길 27 2층|none|12:00 - 21:00
야키토리 요이사|"네기마_4,000원|무가라아게_7,000원|세세리(닭목살)_4,000원|미소치즈_8,000원"|0507-1473-2307|서울 강남구 논현로175길 101|예약|17:00 - 24:00
막이오름 가로수길점|"[인기]우삼겹떡볶이+눈꽃베이컨감자전(20cm)+치즈볼+_24,900원|크림바지락술찜+페퍼로니&할라피뇨김치전(20cm)_25,400원|매콤해물토마토스튜+바싹불고기파전(20cm)_25,900원|[추천]마라어묵탕+카레닭똥집튀김+파인애플샤베트_30,000원"|02-544-3864|서울 강남구 가로수길 10 2층|단체석, 포장, 배달, 무선 인터넷, 남/녀 화장실 구분|16:30 - 23:00
가디록|"Lunch Course_39,000~55,000|Dinner Course_84,000~99,000"|0507-1404-6815|서울 강남구 도산대로45길 18-4 2층|단체석, 주차, 발렛파킹, 예약, 무선 인터넷, 남/녀 화장실 구분|12:00 - 22:00
달래해장 압구정로데오점|"해장국_9,000원|(특)해장국_12,000원|전골_32,000원|모듬수육(소,250g)_32,000원"|02-546-4660|서울 강남구 도산대로49길 32-1 1층|none|none
빈터커피로스터스|"Espresso_3,500원|Americano_3,500원|Cafe Latte_4,000원|Cafe Cortado_4,000원"|070-4132-6006|서울 강남구 강남대로162길 41-22 오로라빌 1층 101호|포장, 무선 인터넷, 반려동물 동반, 국민지원금|09:00 - 21:00
스시유키|"런치 카운터 오마카세_80,000원|디너 카운터 오마카세_160,000원|런치 룸 오마카세_80,000원|런치 프라이빗룸 오마카세_100,000원"|0507-1401-2534|서울 강남구 논현로164길 25|단체석, 주차, 발렛파킹, 예약, 무선 인터넷, 남/녀 화장실 구분|12:00 - 22:00
신사소곱창 신사본점|"소곱창_20,900원|모듬곱창_21,900원|소대창_20,900원|소막창_20,900원"|0507-1358-9931|서울 강남구 압구정로2길 62|포장, 무선 인터넷, 남/녀 화장실 구분, 국민지원금|16:00 - 24:00
두넛샵|"바닐라빈 카스타드 도넛_3,500원|라즈베리 도넛_4,500원|민트초코 도넛_4,500원|크림치즈 도넛_4,000원"|070-4105-4644|서울 강남구 언주로172길 28 1층|none|11:30 - 21:00
